<?xml version="1.0" encoding="UTF-8"?>
<!DOCTYPE mapper PUBLIC "-//mybatis.org//DTD Mapper 3.0//EN" "http://mybatis.org/dtd/mybatis-3-mapper.dtd">
<mapper namespace="com.hnbits.pm.flow.dao.FlowDao">
	<!-- $!{tableName} table all fields -->
	<sql id="sql_query_columns">
		a.flow_id,	a.project_id,	a.project_phase,	a.project_flow_type,	a.project_flow_name,	a.create_time,	a.end_time,	a.create_user_id,	a.duty_user_id,	a.important_grade,	a.remark,	a.biz_key,	bim.jrdp_system.f_get_username(a.create_user_id) as create_user_name,	bim.jrdp_system.f_get_dict_text(5000,a.important_grade) as important_grade_desc,	projphase.proj_phase_ch as project_phase_ch,	project.project_name as project_name,	bim.jrdp_system.f_get_username(a.duty_user_id) as duty_user_name,	bim.jrdp_system.f_get_dict_text(5001,a.project_flow_type) as project_flow_type_desc,
	nvl2(a.biz_key,nvl(v.name_,'已结束'),'未开始') task_name,f.proc_inst_id_ processInstanceId
	</sql>

	<!-- 表关联 -->
	<sql id="sql_join_clause">
			left join AFM.projphase projphase on a.project_phase = projphase.proj_phase
			left join AFM.project project on a.project_id = project.project_id
			left join act_hi_procinst f on f.business_key_ = a.biz_key 
            left join act_hi_taskinst v on v.proc_inst_id_=f.proc_inst_id_ and v.end_time_ is null
	</sql>
	<!-- 查询条件 -->
	<sql id="sql_where_clause">
		<where>
			<!-- 主表字段作为查询条件 -->
			<if test="flow_id != null and flow_id != ''">
				and a.flow_id = #{flow_id}
			</if>
			<if test="project_id != null and project_id != ''">
				and a.project_id = #{project_id}
			</if>
			<if test="project_phase != null and project_phase != 'ALL' and project_phase != ''">
				and a.project_phase = #{project_phase}
			</if>
			<if test="project_flow_type != null and project_flow_type != 'ALL'">
				and a.project_flow_type = #{project_flow_type}
			</if>
			<if test="project_flow_name != null and project_flow_name != ''">
				and a.project_flow_name = #{project_flow_name}
			</if>
			<if test="create_time != null">
				and a.create_time = #{create_time}
			</if>
			<if test="end_time != null">
				and a.end_time = #{end_time}
			</if>
			<if test="create_user_id != null and create_user_id != ''">
				and a.create_user_id = #{create_user_id}
			</if>
			<if test="duty_user_id != null and duty_user_id != ''">
				and a.duty_user_id = #{duty_user_id}
			</if>
			<if test="important_grade != null and important_grade != 'ALL'">
				and a.important_grade = #{important_grade}
			</if>
			<if test="remark != null and remark != ''">
				and a.remark = #{remark}
			</if>
			<if test="biz_key != null and biz_key != ''">
				and a.biz_key = #{biz_key}
			</if>
			<!-- 引用其它表字段作为查询条件 -->
			<if test="project_phase_ch != null and project_phase_ch != ''">
				and projphase.proj_phase_ch = #{project_phase_ch}
			</if>
			<if test="project_name != null and project_name != ''">
				and project.project_name = #{project_name}
			</if>
		</where>
	</sql>

	<select id="queryOne" resultType="com.hnbits.pm.flow.vo.FlowVo" parameterType="com.hnbits.pm.flow.vo.FlowVo">
		select
		<include refid="sql_query_columns" />
		from ${db_schemas}.project_flow a
		<include refid="sql_join_clause" />
		<include refid="sql_where_clause" />
	</select>

	<!-- $r{codeName} 列表总数 -->
	<select id="queryCount" resultType="long" parameterType="com.hnbits.pm.flow.vo.FlowVo">
		select count(1) from ${db_schemas}.project_flow a
		<include refid="sql_join_clause" />
		<include refid="sql_where_clause" />
	</select>

	<!-- 查询$r{codeName}列表 -->
	<select id="queryList" resultType="com.hnbits.pm.flow.vo.FlowVo" parameterType="com.hnbits.pm.flow.vo.FlowVo">
		select tab.* from (
			select rownum rowno,
			<include refid="sql_query_columns" />
			from ${db_schemas}.project_flow a
			<include refid="sql_join_clause" />
			<include refid="sql_where_clause" />
		) tab
		<if test="pagestartno != null and pageendno !=null">
		<![CDATA[
			where tab.rowno > #{pagestartno} and tab.rowno <= #{pageendno}
		]]>
		</if>
	</select>

	<!-- 插入记录 -->
	<insert id="insert" parameterType="com.hnbits.pm.flow.vo.FlowVo">
		<selectKey resultType="java.lang.String" order="BEFORE" keyProperty="flow_id">
			SELECT SYS_GUID() AS flow_id from dual
		</selectKey>
		insert into ${db_schemas}.project_flow(
			create_time
			<if test="flow_id != null and flow_id != ''">
			,flow_id
			</if>
			<if test="project_id != null and project_id != ''">
			,project_id 
			</if>
			<if test="project_phase != null and project_phase != ''">
			,project_phase 
			</if>
			<if test="project_flow_type != null and project_flow_type != ''">
			,project_flow_type 
			</if>
			<if test="project_flow_name != null and project_flow_name != ''">
			,project_flow_name
			</if>
			<if test="end_time != null">
			,end_time
			</if>
			<if test="create_user_id != null and create_user_id != ''">
			,create_user_id
			</if>
			<if test="duty_user_id != null and duty_user_id != ''">
			,duty_user_id
			</if>
			<if test="important_grade != null and important_grade != ''">
			,important_grade
			</if>
			<if test="remark != null and remark != ''">
			,remark
			</if>
			<if test="biz_key != null and biz_key != ''">
			,biz_key 
			</if>
		) values(
			sysdate
			<if test="flow_id != null and flow_id != ''">
			,#{flow_id,jdbcType=VARCHAR}
			</if>
			<if test="project_id != null and project_id != ''">
			,#{project_id,jdbcType=VARCHAR} 
			</if>
			<if test="project_phase != null and project_phase != ''">
			,#{project_phase,jdbcType=VARCHAR} 
			</if>
			<if test="project_flow_type != null and project_flow_type != ''">
			,#{project_flow_type,jdbcType=VARCHAR} 
			</if>
			<if test="project_flow_name != null and project_flow_name != ''">
			,#{project_flow_name,jdbcType=VARCHAR} 
			</if>
			<if test="create_time != null">
			,#{create_time,jdbcType=DATE} 
			</if>
			<if test="end_time != null">
			,#{end_time,jdbcType=DATE} 
			</if>
			<if test="create_user_id != null and create_user_id != ''">
			,#{create_user_id,jdbcType=VARCHAR} 
			</if>
			<if test="duty_user_id != null and duty_user_id != ''">
			,#{duty_user_id,jdbcType=VARCHAR} 
			</if>
			<if test="important_grade != null and important_grade != ''">
			,#{important_grade,jdbcType=VARCHAR} 
			</if>
			<if test="remark != null and remark != ''">
			,#{remark,jdbcType=VARCHAR} 
			</if>
			<if test="biz_key != null and biz_key != ''">
			,#{biz_key,jdbcType=VARCHAR} 
			</if>
		)
	</insert>

	<!-- 根据id，修改记录 -->
	<update id="update" parameterType="com.hnbits.pm.flow.vo.FlowVo">
		update ${db_schemas}.project_flow
		<set>
			<if test="project_id != null and project_id != ''">
			project_id = #{project_id,jdbcType=VARCHAR},
			</if>
			<if test="project_phase != null and project_phase != ''">
			project_phase = #{project_phase,jdbcType=VARCHAR},
			</if>
			<if test="project_flow_type != null and project_flow_type != ''">
			project_flow_type = #{project_flow_type,jdbcType=VARCHAR},
			</if>
			<if test="project_flow_name != null and project_flow_name != ''">
			project_flow_name = #{project_flow_name,jdbcType=VARCHAR},
			</if>
			<if test="end_time != null">
			end_time = #{end_time,jdbcType=DATE},
			</if>
			<if test="duty_user_id != null and duty_user_id != ''">
			duty_user_id = #{duty_user_id,jdbcType=VARCHAR},
			</if>
			<if test="important_grade != null and important_grade != ''">
			important_grade = #{important_grade,jdbcType=VARCHAR},
			</if>
			<if test="remark != null and remark != ''">
			remark = #{remark,jdbcType=VARCHAR},
			</if>
			<if test="biz_key != null and biz_key != ''">
			biz_key = #{biz_key,jdbcType=VARCHAR},
			</if>
		</set>
		flow_id = #{flow_id}
		where
			flow_id = #{flow_id}
	</update>
	
	<update id="updateByBizKey" parameterType="com.hnbits.pm.flow.vo.FlowVo" >
	  update ${db_schemas}.project_flow set biz_key=#{biz_key,jdbcType=VARCHAR} where flow_id=#{flow_id}
	 </update>

	<sql id="get_flow_ids">
		<foreach collection="ids" item="id" open="(" close=")" separator=",">
			#{id}
		</foreach>
	</sql>

	<!-- 删除记录 -->
	<delete id="deleteByIds" parameterType="java.util.HashMap">
		delete from ${db_schemas}.project_flow 
			where  flow_id in <include refid="get_flow_ids"></include> 
	</delete>
	
	<delete id="deletes" parameterType="com.hnbits.pm.flow.vo.FlowVo">
		delete from ${db_schemas}.project_flow where 1=2 or (
			<if test="flow_id != null and flow_id != ''">
			flow_id = #{flow_id,jdbcType=VARCHAR} 
			
			</if>
			<if test="project_id != null and project_id != ''">
			 and project_id = #{project_id,jdbcType=VARCHAR} 
			
			</if>
			<if test="project_phase != null and project_phase != ''">
			 and project_phase = #{project_phase,jdbcType=VARCHAR} 
			
			</if>
			<if test="project_flow_type != null and project_flow_type != ''">
			 and project_flow_type = #{project_flow_type,jdbcType=VARCHAR} 
			
			</if>
			<if test="project_flow_name != null and project_flow_name != ''">
			 and project_flow_name = #{project_flow_name,jdbcType=VARCHAR} 
			
			</if>
			<if test="create_time != null">
			 and create_time = #{create_time,jdbcType=DATE} 
			
			</if>
			<if test="end_time != null">
			 and end_time = #{end_time,jdbcType=DATE} 
			
			</if>
			<if test="create_user_id != null and create_user_id != ''">
			 and create_user_id = #{create_user_id,jdbcType=VARCHAR} 
			
			</if>
			<if test="duty_user_id != null and duty_user_id != ''">
			 and duty_user_id = #{duty_user_id,jdbcType=VARCHAR} 
			
			</if>
			<if test="important_grade != null and important_grade != ''">
			 and important_grade = #{important_grade,jdbcType=VARCHAR} 
			
			</if>
			<if test="remark != null and remark != ''">
			 and remark = #{remark,jdbcType=VARCHAR} 
			
			</if>
			<if test="biz_key != null and biz_key != ''">
			 and biz_key = #{biz_key,jdbcType=VARCHAR} 
			
			</if>
		)
	</delete>
</mapper>   
