<?xml version="1.0" encoding="UTF-8"?>
<!DOCTYPE mapper PUBLIC "-//mybatis.org//DTD Mapper 3.0//EN" "http://mybatis.org/dtd/mybatis-3-mapper.dtd">
<mapper namespace="${basePackage}.${businessPackage}.dao.${classPrefixName}Dao">
	<!-- $!{tableName} table all fields -->
	<sql id="sql_query_columns">
		${sql_query_columns}
	</sql>

	<!-- 表关联 -->
	<sql id="sql_join_clause">
		<#list ctColumnList1 as item>
			left join ${item.table_owner}.${item.table_name} ${item.table_alias} on a.${item.column_name} = ${item.table_alias}.${item.rel_column_name}
		</#list>
	</sql>
	<!-- 查询条件 -->
	<sql id="sql_where_clause">
		<where>
			<!-- 主表字段作为查询条件 -->
			<#list dbColumnList as item>
			<#assign testStr="${item.column_alias} != null"/>
			<#if item.java_type == "String">
			<#assign testStr="${testStr} and ${item.column_alias} != ''"/>
			</#if>
			<if test="${testStr}">
				and a.${item.column_alias} = ${'#{'+item.column_alias+'}'}
			</if>
			</#list>
			<!-- 引用其它表字段作为查询条件 -->
			<#list ctColumnList1 as item>
			<#if item.ref_column_type == "1">
			<#assign ref_column_name="${item.ref_column_name?lower_case}"/>
			<#assign refColumnNameArray=(ref_column_name?split(","))>
			<#list refColumnNameArray as columnName>
			<#assign columnAlias=(item.column_alias?split(","))/>
			<#assign columnAlias="${columnAlias[columnName_index]}"/>
			<#assign testStr="${columnAlias} != null"/>
			<#if item.java_type == "String">
			<#assign testStr="${testStr} and ${columnAlias} != ''"/>
			</#if>
			<if test="${testStr}">
				and ${item.table_alias}.${columnName} = ${'#{'+columnAlias+'}'}
			</if>
			</#list>
			</#if>
			</#list>
		</where>
	</sql>

	<select id="queryOne" resultType="${basePackage}.${businessPackage}.vo.${classPrefixName}Vo" parameterType="${basePackage}.${businessPackage}.vo.${classPrefixName}Vo">
		select
		<include refid="sql_query_columns" />
		from ${r'${db_schemas}'}.${config.table_name} a
		<include refid="sql_join_clause" />
		<include refid="sql_where_clause" />
	</select>

	<!-- $r{codeName} 列表总数 -->
	<select id="queryCount" resultType="long" parameterType="${basePackage}.${businessPackage}.vo.${classPrefixName}Vo">
		select count(1) from ${r'${db_schemas}'}.${config.table_name} a
		<include refid="sql_join_clause" />
		<include refid="sql_where_clause" />
	</select>

	<!-- 查询$r{codeName}列表 -->
	<select id="queryList" resultType="${basePackage}.${businessPackage}.vo.${classPrefixName}Vo" parameterType="${basePackage}.${businessPackage}.vo.${classPrefixName}Vo">
		<choose>
			<when test="pagestartno != null and pagesize !=null and pagesize >=0">
				select top ${r'${pagesize}'} o.* from (select row_number() over(order by ${primaryList[0].column_alias} desc) as rownumber,* from(
				select 
				<include refid="sql_query_columns" />
				from ${r'${db_schemas}'}.${config.table_name} a
				<include refid="sql_join_clause" />
				<include refid="sql_where_clause" />
				) t) o where rownumber > ${r'#{pagestartno}'}
			</when>
			<otherwise>
				select tab.* from (
				select 
				<include refid="sql_query_columns" />
				from ${r'${db_schemas}'}.${config.table_name} a
				<include refid="sql_join_clause" />
				<include refid="sql_where_clause" />
				) tab 
			</otherwise>
		</choose>
	</select>

	<!-- 插入记录 -->
	<insert id="insert" parameterType="${basePackage}.${businessPackage}.vo.${classPrefixName}Vo">
		<#if keyType =='0'>
		<#if (primaryList?size == 1)>
		<selectKey resultType="java.lang.String" order="BEFORE" keyProperty="${primaryList[0].column_alias}">
			SELECT REPLACE(newId(),'-','') AS ${primaryList[0].column_alias} from dual
		</selectKey>
		</#if>
		</#if>
		insert into ${r'${db_schemas}'}.${config.table_name}(
		${primaryList[0].column_alias}
		<#list dbColumnList as item>
			<#assign testStr="${item.column_alias} != null"/>
			<#if item.java_type == "String">
			<#assign testStr="${testStr} and ${item.column_alias} != ''"/>
			</#if>
			<if test="${testStr}">
			,${item.column_alias}
			</if>
		</#list>
		) values(
		${r'#{'}${primaryList[0].column_alias},jdbcType=${primaryList[0].jdbc_type}${r'}'}
		<#list dbColumnList as item>
			<#assign testStr="${item.column_alias} != null"/>
			<#if item.java_type == "String">
			<#assign testStr="${testStr} and ${item.column_alias} != ''"/>
			</#if>
			<if test="${testStr}">
			,${r'#{'}${item.column_alias},jdbcType=${item.jdbc_type}${r'}'}
			</if>
		</#list>
		)
	</insert>

	<!-- 根据id，修改记录 -->
	<update id="update" parameterType="${basePackage}.${businessPackage}.vo.${classPrefixName}Vo">
		update ${r'${db_schemas}'}.${config.table_name}
		<set>
		<#list dbColumnList as item>
			<#if item.primary_column == 'N'>
			<#if (item.column_alias?lower_case != 'create_user_id') && (item.column_alias?lower_case != 'create_time')>
			<#if (item.column_alias?lower_case != 'update_time')>
			<#assign testStr="${item.column_alias} != null"/>
			<#if item.java_type == "String">
			<#assign testStr="${testStr} and ${item.column_alias} != ''"/>
			</#if>
			<if test="${testStr}">
			${item.column_alias} = ${r'#{'}${item.column_alias},jdbcType=${item.jdbc_type}${r'}'},
			</if>
			<#else>
			sysdate,
			</#if>
			</#if>
			</#if>
		</#list>
		</set>
		where
		<#list primaryList as item>
			${item.column_alias} = ${r'#{'}${item.column_alias}${r'}'}<#if item_has_next && (item_index + 1) < primaryList?size> and </#if>
		</#list> 
	</update>

	<#list primaryList as item>
	<sql id="get_${item.column_alias}s">
		<foreach collection="ids" item="id" open="(" close=")" separator=",">
			${r'#{id}'}
		</foreach>
	</sql>
	</#list>

	<!-- 删除记录 -->
	<delete id="deleteByIds" parameterType="java.util.HashMap">
		delete from ${r'${db_schemas}'}.${config.table_name} 
			where <#list primaryList as item> ${item.column_name} in <include refid="get_${item.column_alias}s"></include><#if item_has_next> and </#if> </#list>
	</delete>
	
	<delete id="deletes" parameterType="${basePackage}.${businessPackage}.vo.${classPrefixName}Vo">
		delete from ${r'${db_schemas}'}.${config.table_name} where 1=2 or (
		<#list dbColumnList as item>
			<#assign testStr="${item.column_alias} != null"/>
			<#if item.java_type == "String">
			<#assign testStr="${testStr} and ${item.column_alias} != ''"/>
			</#if>
			<if test="${testStr}">
			<#if (item_index gt 0 ) > and </#if>${item.column_alias} = ${r'#{'}${item.column_alias},jdbcType=${item.jdbc_type}${r'}'} 
			
			</if>
		</#list>
		)
	</delete>
</mapper>   
