<?xml version="1.0" encoding="UTF-8"?>
<!DOCTYPE mapper PUBLIC "-//mybatis.org//DTD Mapper 3.0//EN" "http://mybatis.org/dtd/mybatis-3-mapper.dtd">
<mapper namespace="com.hnbits.archibus.base.dao.EqDao">
	<!-- $!{tableName} table all fields -->
	<sql id="sql_query_columns">
		a.asset_id,	a.bl_id,
	a.category,	a.comment_disposal,	a.comments,	a.condition,	a.cost_dep_value,	a.cost_purchase,	a.cost_replace,	a.criticality,	a.csi_id,	a.curr_bl_id,	a.curr_fl_id,	a.curr_rm_id,	a.curr_site_id,	a.date_created,	a.date_disposal,	a.date_in_repair,	a.date_in_service,	a.date_in_storage,	a.date_installed,	a.date_last_surveyed,	a.date_manufactured,	a.date_of_stat_chg,	a.date_purchased,	a.date_salvaged,	a.date_sold,	a.date_warranty_exp,	a.description,	a.disposal_type,	a.doc_eop,	a.doc_loto,	a.doc_mop,	a.doc_other,	a.limit_ctl_low,	a.limit_ctl_high,	a.limit_alarm_low,	a.limit_alarm_high,	a.legal_id,	a.layer_name,	a.lat,	a.is_multiplexing,	a.image_spec,	a.net_node_name,	a.net_id,	a.net_card_type,	a.net_address_ip,	a.net_address,	a.modelno,	a.mfr,	a.meter_usage_per_day,	a.meter_units,	a.qty_hrs_run_day,	a.qty_dep_period,	a.qty_mttr,	a.qty_mtbf,	a.property_type,	a.pr_id,	a.policy_id,	a.po_line_id,	a.po_id,	a.subcomponent_of,	a.status,	a.source_time_update,	a.source_system_id,	a.source_status,	a.source_record_id,	a.source_feed_comments,	a.source_date_update,	a.site_id,	a.use1,	a.time_created,	a.tc_service,	a.tc_pnport_id,	a.tc_pn_id,	a.tc_level,	a.tc_jk_id,	a.tc_eqport_id,	a.tc_eq_id,	a.warranty_id,	a.vn_id,	a.value_salvage,	a.tc_client_server,	a.tc_area_level,	a.tagged_out,	a.ta_lease_id,	a.survey_redline_eq,	a.survey_photo_eq,	a.survey_id,	a.survey_comments,	a.servcont_id,	a.salvaged,	a.rm_id,	a.rf_id,	a.recovery_status,	a.rack_id,	a.qty_pms,	a.qty_life_expct,	a.pending_action,	a.os_type,	a.option2,	a.option1,	a.num_serial,	a.num_po,	a.num_lease,	a.net_sub_mask,	a.meter_last_read,	a.meter,	a.mac_address,	a.lon,	a.locked_out,	a.loc_maint_manl,	a.loc_column,	a.loc_bay,	a.image_eq_lub,	a.image_eq_elec,	a.image_eq_assy,	a.hardware_address,	a.grp_uid,	a.geo_objectid,	a.fl_id,	a.eq_std,	a.doc_sop,	a.dp_id,	a.dv_id,	a.dwgname,	a.ehandle,	a.em_id,	a.eq_id
	</sql>

	<!-- 表关联 -->
	<sql id="sql_join_clause">
	</sql>
	<!-- 查询条件 -->
	<sql id="sql_where_clause">
		<where>
			<!-- 主表字段作为查询条件 -->
			<if test="asset_id != null and asset_id != ''">
				and a.asset_id = #{asset_id}
			</if>
			<if test="bl_id != null and bl_id != ''">
				and a.bl_id = #{bl_id}
			</if>
			<if test="comment_disposal != null and comment_disposal != ''">
				and a.comment_disposal = #{comment_disposal}
			</if>
			<if test="comments != null and comments != ''">
				and a.comments = #{comments}
			</if>
			<if test="condition != null and condition != ''">
				and a.condition = #{condition}
			</if>
			<if test="cost_dep_value != null">
				and a.cost_dep_value = #{cost_dep_value}
			</if>
			<if test="cost_purchase != null">
				and a.cost_purchase = #{cost_purchase}
			</if>
			<if test="cost_replace != null">
				and a.cost_replace = #{cost_replace}
			</if>
			<if test="criticality != null">
				and a.criticality = #{criticality}
			</if>
			<if test="csi_id != null and csi_id != ''">
				and a.csi_id = #{csi_id}
			</if>
			<if test="curr_bl_id != null and curr_bl_id != ''">
				and a.curr_bl_id = #{curr_bl_id}
			</if>
			<if test="curr_fl_id != null and curr_fl_id != ''">
				and a.curr_fl_id = #{curr_fl_id}
			</if>
			<if test="curr_rm_id != null and curr_rm_id != ''">
				and a.curr_rm_id = #{curr_rm_id}
			</if>
			<if test="curr_site_id != null and curr_site_id != ''">
				and a.curr_site_id = #{curr_site_id}
			</if>
			<if test="date_created != null">
				and a.date_created = #{date_created}
			</if>
			<if test="date_disposal != null">
				and a.date_disposal = #{date_disposal}
			</if>
			<if test="date_in_repair != null">
				and a.date_in_repair = #{date_in_repair}
			</if>
			<if test="date_in_service != null">
				and a.date_in_service = #{date_in_service}
			</if>
			<if test="date_in_storage != null">
				and a.date_in_storage = #{date_in_storage}
			</if>
			<if test="date_installed != null">
				and a.date_installed = #{date_installed}
			</if>
			<if test="date_last_surveyed != null">
				and a.date_last_surveyed = #{date_last_surveyed}
			</if>
			<if test="date_manufactured != null">
				and a.date_manufactured = #{date_manufactured}
			</if>
			<if test="date_of_stat_chg != null">
				and a.date_of_stat_chg = #{date_of_stat_chg}
			</if>
			<if test="date_purchased != null">
				and a.date_purchased = #{date_purchased}
			</if>
			<if test="date_salvaged != null">
				and a.date_salvaged = #{date_salvaged}
			</if>
			<if test="date_sold != null">
				and a.date_sold = #{date_sold}
			</if>
			<if test="date_warranty_exp != null">
				and a.date_warranty_exp = #{date_warranty_exp}
			</if>
			<if test="description != null and description != ''">
				and a.description = #{description}
			</if>
			<if test="disposal_type != null and disposal_type != ''">
				and a.disposal_type = #{disposal_type}
			</if>
			<if test="doc_eop != null and doc_eop != ''">
				and a.doc_eop = #{doc_eop}
			</if>
			<if test="doc_loto != null and doc_loto != ''">
				and a.doc_loto = #{doc_loto}
			</if>
			<if test="doc_mop != null and doc_mop != ''">
				and a.doc_mop = #{doc_mop}
			</if>
			<if test="doc_other != null and doc_other != ''">
				and a.doc_other = #{doc_other}
			</if>
			<if test="limit_ctl_low != null">
				and a.limit_ctl_low = #{limit_ctl_low}
			</if>
			<if test="limit_ctl_high != null">
				and a.limit_ctl_high = #{limit_ctl_high}
			</if>
			<if test="limit_alarm_low != null">
				and a.limit_alarm_low = #{limit_alarm_low}
			</if>
			<if test="limit_alarm_high != null">
				and a.limit_alarm_high = #{limit_alarm_high}
			</if>
			<if test="legal_id != null and legal_id != ''">
				and a.legal_id = #{legal_id}
			</if>
			<if test="layer_name != null and layer_name != ''">
				and a.layer_name = #{layer_name}
			</if>
			<if test="lat != null">
				and a.lat = #{lat}
			</if>
			<if test="is_multiplexing != null">
				and a.is_multiplexing = #{is_multiplexing}
			</if>
			<if test="image_spec != null and image_spec != ''">
				and a.image_spec = #{image_spec}
			</if>
			<if test="net_node_name != null and net_node_name != ''">
				and a.net_node_name = #{net_node_name}
			</if>
			<if test="net_id != null and net_id != ''">
				and a.net_id = #{net_id}
			</if>
			<if test="net_card_type != null and net_card_type != ''">
				and a.net_card_type = #{net_card_type}
			</if>
			<if test="net_address_ip != null and net_address_ip != ''">
				and a.net_address_ip = #{net_address_ip}
			</if>
			<if test="net_address != null and net_address != ''">
				and a.net_address = #{net_address}
			</if>
			<if test="modelno != null and modelno != ''">
				and a.modelno = #{modelno}
			</if>
			<if test="mfr != null and mfr != ''">
				and a.mfr = #{mfr}
			</if>
			<if test="meter_usage_per_day != null">
				and a.meter_usage_per_day = #{meter_usage_per_day}
			</if>
			<if test="meter_units != null and meter_units != ''">
				and a.meter_units = #{meter_units}
			</if>
			<if test="qty_hrs_run_day != null">
				and a.qty_hrs_run_day = #{qty_hrs_run_day}
			</if>
			<if test="qty_dep_period != null">
				and a.qty_dep_period = #{qty_dep_period}
			</if>
			<if test="qty_mttr != null">
				and a.qty_mttr = #{qty_mttr}
			</if>
			<if test="qty_mtbf != null">
				and a.qty_mtbf = #{qty_mtbf}
			</if>
			<if test="property_type != null and property_type != ''">
				and a.property_type = #{property_type}
			</if>
			<if test="pr_id != null and pr_id != ''">
				and a.pr_id = #{pr_id}
			</if>
			<if test="policy_id != null and policy_id != ''">
				and a.policy_id = #{policy_id}
			</if>
			<if test="po_line_id != null">
				and a.po_line_id = #{po_line_id}
			</if>
			<if test="po_id != null">
				and a.po_id = #{po_id}
			</if>
			<if test="subcomponent_of != null and subcomponent_of != ''">
				and a.subcomponent_of = #{subcomponent_of}
			</if>
			<if test="status != null and status != ''">
				and a.status = #{status}
			</if>
			<if test="source_time_update != null">
				and a.source_time_update = #{source_time_update}
			</if>
			<if test="source_system_id != null and source_system_id != ''">
				and a.source_system_id = #{source_system_id}
			</if>
			<if test="source_status != null and source_status != ''">
				and a.source_status = #{source_status}
			</if>
			<if test="source_record_id != null and source_record_id != ''">
				and a.source_record_id = #{source_record_id}
			</if>
			<if test="source_feed_comments != null and source_feed_comments != ''">
				and a.source_feed_comments = #{source_feed_comments}
			</if>
			<if test="source_date_update != null">
				and a.source_date_update = #{source_date_update}
			</if>
			<if test="site_id != null and site_id != ''">
				and a.site_id = #{site_id}
			</if>
			<if test="use1 != null and use1 != ''">
				and a.use1 = #{use1}
			</if>
			<if test="time_created != null">
				and a.time_created = #{time_created}
			</if>
			<if test="tc_service != null and tc_service != ''">
				and a.tc_service = #{tc_service}
			</if>
			<if test="tc_pnport_id != null and tc_pnport_id != ''">
				and a.tc_pnport_id = #{tc_pnport_id}
			</if>
			<if test="tc_pn_id != null and tc_pn_id != ''">
				and a.tc_pn_id = #{tc_pn_id}
			</if>
			<if test="tc_level != null and tc_level != ''">
				and a.tc_level = #{tc_level}
			</if>
			<if test="tc_jk_id != null and tc_jk_id != ''">
				and a.tc_jk_id = #{tc_jk_id}
			</if>
			<if test="tc_eqport_id != null and tc_eqport_id != ''">
				and a.tc_eqport_id = #{tc_eqport_id}
			</if>
			<if test="tc_eq_id != null and tc_eq_id != ''">
				and a.tc_eq_id = #{tc_eq_id}
			</if>
			<if test="warranty_id != null and warranty_id != ''">
				and a.warranty_id = #{warranty_id}
			</if>
			<if test="vn_id != null and vn_id != ''">
				and a.vn_id = #{vn_id}
			</if>
			<if test="value_salvage != null">
				and a.value_salvage = #{value_salvage}
			</if>
			<if test="tc_client_server != null and tc_client_server != ''">
				and a.tc_client_server = #{tc_client_server}
			</if>
			<if test="tc_area_level != null and tc_area_level != ''">
				and a.tc_area_level = #{tc_area_level}
			</if>
			<if test="tagged_out != null">
				and a.tagged_out = #{tagged_out}
			</if>
			<if test="ta_lease_id != null and ta_lease_id != ''">
				and a.ta_lease_id = #{ta_lease_id}
			</if>
			<if test="survey_redline_eq != null and survey_redline_eq != ''">
				and a.survey_redline_eq = #{survey_redline_eq}
			</if>
			<if test="survey_photo_eq != null and survey_photo_eq != ''">
				and a.survey_photo_eq = #{survey_photo_eq}
			</if>
			<if test="survey_id != null and survey_id != ''">
				and a.survey_id = #{survey_id}
			</if>
			<if test="survey_comments != null and survey_comments != ''">
				and a.survey_comments = #{survey_comments}
			</if>
			<if test="servcont_id != null and servcont_id != ''">
				and a.servcont_id = #{servcont_id}
			</if>
			<if test="salvaged != null">
				and a.salvaged = #{salvaged}
			</if>
			<if test="rm_id != null and rm_id != ''">
				and a.rm_id = #{rm_id}
			</if>
			<if test="rf_id != null and rf_id != ''">
				and a.rf_id = #{rf_id}
			</if>
			<if test="recovery_status != null and recovery_status != ''">
				and a.recovery_status = #{recovery_status}
			</if>
			<if test="rack_id != null and rack_id != ''">
				and a.rack_id = #{rack_id}
			</if>
			<if test="qty_pms != null">
				and a.qty_pms = #{qty_pms}
			</if>
			<if test="qty_life_expct != null">
				and a.qty_life_expct = #{qty_life_expct}
			</if>
			<if test="pending_action != null and pending_action != ''">
				and a.pending_action = #{pending_action}
			</if>
			<if test="os_type != null and os_type != ''">
				and a.os_type = #{os_type}
			</if>
			<if test="option2 != null and option2 != ''">
				and a.option2 = #{option2}
			</if>
			<if test="option1 != null and option1 != ''">
				and a.option1 = #{option1}
			</if>
			<if test="num_serial != null and num_serial != ''">
				and a.num_serial = #{num_serial}
			</if>
			<if test="num_po != null and num_po != ''">
				and a.num_po = #{num_po}
			</if>
			<if test="num_lease != null and num_lease != ''">
				and a.num_lease = #{num_lease}
			</if>
			<if test="net_sub_mask != null and net_sub_mask != ''">
				and a.net_sub_mask = #{net_sub_mask}
			</if>
			<if test="meter_last_read != null">
				and a.meter_last_read = #{meter_last_read}
			</if>
			<if test="meter != null">
				and a.meter = #{meter}
			</if>
			<if test="mac_address != null and mac_address != ''">
				and a.mac_address = #{mac_address}
			</if>
			<if test="lon != null">
				and a.lon = #{lon}
			</if>
			<if test="locked_out != null">
				and a.locked_out = #{locked_out}
			</if>
			<if test="loc_maint_manl != null and loc_maint_manl != ''">
				and a.loc_maint_manl = #{loc_maint_manl}
			</if>
			<if test="loc_column != null and loc_column != ''">
				and a.loc_column = #{loc_column}
			</if>
			<if test="loc_bay != null and loc_bay != ''">
				and a.loc_bay = #{loc_bay}
			</if>
			<if test="image_eq_lub != null and image_eq_lub != ''">
				and a.image_eq_lub = #{image_eq_lub}
			</if>
			<if test="image_eq_elec != null and image_eq_elec != ''">
				and a.image_eq_elec = #{image_eq_elec}
			</if>
			<if test="image_eq_assy != null and image_eq_assy != ''">
				and a.image_eq_assy = #{image_eq_assy}
			</if>
			<if test="hardware_address != null and hardware_address != ''">
				and a.hardware_address = #{hardware_address}
			</if>
			<if test="grp_uid != null and grp_uid != ''">
				and a.grp_uid = #{grp_uid}
			</if>
			<if test="geo_objectid != null">
				and a.geo_objectid = #{geo_objectid}
			</if>
			<if test="fl_id != null and fl_id != ''">
				and a.fl_id = #{fl_id}
			</if>
			<if test="eq_std != null and eq_std != ''">
				and a.eq_std = #{eq_std}
			</if>
			<if test="doc_sop != null and doc_sop != ''">
				and a.doc_sop = #{doc_sop}
			</if>
			<if test="dp_id != null and dp_id != ''">
				and a.dp_id = #{dp_id}
			</if>
			<if test="dv_id != null and dv_id != ''">
				and a.dv_id = #{dv_id}
			</if>
			<if test="dwgname != null and dwgname != ''">
				and a.dwgname = #{dwgname}
			</if>
			<if test="ehandle != null and ehandle != ''">
				and a.ehandle = #{ehandle}
			</if>
			<if test="em_id != null and em_id != ''">
				and a.em_id = #{em_id}
			</if>
			<if test="eq_id != null and eq_id != ''">
				and a.eq_id = #{eq_id}
			</if>
			<!-- 引用其它表字段作为查询条件 -->
		</where>
	</sql>

	<select id="queryOne" resultType="com.hnbits.archibus.base.vo.EqVo" parameterType="com.hnbits.archibus.base.vo.EqVo">
		select
		<include refid="sql_query_columns" />
		from ${db_schemas}.eq a
		<include refid="sql_join_clause" />
		<include refid="sql_where_clause" />
	</select>

	<!-- $r{codeName} 列表总数 -->
	<select id="queryCount" resultType="long" parameterType="com.hnbits.archibus.base.vo.EqVo">
		select count(1) from ${db_schemas}.eq a
		<include refid="sql_join_clause" />
		<include refid="sql_where_clause" />
	</select>

	<!-- 查询$r{codeName}列表 -->
	<select id="queryList" resultType="com.hnbits.archibus.base.vo.EqVo" parameterType="com.hnbits.archibus.base.vo.EqVo">
		<choose>
			<when test="pagestartno != null and pagesize !=null and page >=0 ">
				select top ${pagesize} o.* from (select row_number() over(order by eq_id desc) as rownumber,* from(
				select 
				<include refid="sql_query_columns" />
				from ${db_schemas}.eq a
				<include refid="sql_join_clause" />
				<include refid="sql_where_clause" />
				) t) o where rownumber > ${pagestartno}
			</when>
			<otherwise>
				select tab.* from (
				select 
				<include refid="sql_query_columns" />
				from ${db_schemas}.eq a
				<include refid="sql_join_clause" />
				<include refid="sql_where_clause" />
				) tab 
			</otherwise>
		</choose>
	</select>
	
	<select id="queryEqTree" resultType="com.hnbits.archibus.base.vo.EqVo" parameterType="com.hnbits.archibus.base.vo.EqVo">
		select * from (
			select a.bl_id id,ltrim(rtrim(a.name)) name,'0' as parent_id ,'0' as level,'false' checked,'open' as state ,
				a.bl_id bl_id,'' fl_id,'' rm_id,'' as dwgname ,'' as rm_type ,'' as rm_cat from ${db_schemas}.bl a
			union 
			select 	b.fl_id id,ltrim(rtrim(b.name)) name,b.bl_id  as parent_id,'1' as level,'false' checked,'open' as state,
				b.bl_id bl_id,b.fl_id fl_id,'' rm_id,'' as dwgname ,'' as rm_type ,'' as rm_cat  from ${db_schemas}.fl b
			union
			select c.rm_id id,ltrim(rtrim(c.rm_id)) name,c.fl_id as parent_id,'2' as level,'false' checked,'open' as state,
				c.bl_id bl_id,c.fl_id fl_id,c.rm_id rm_id,dwgname ,rm_type ,rm_cat  from ${db_schemas}.rm c
			union 
			select d.eq_id id,ltrim(rtrim(d.use1)) name,d.rm_id as parent_id,'3' as level,'false' checked,'open' as state,
				d.bl_id bl_id,d.fl_id fl_id,d.rm_id rm_id,e.dwgname as dwgname ,e.rm_type as rm_type ,e.rm_cat as rm_cat from ${db_schemas}.eq d left join ${db_schemas}.rm e on d.rm_id = e.rm_id
		) a where 1=1
		<if test="id != null and id != ''">
			and id = #{id,jdbcType=VARCHAR}
		</if>
		<if test="level != null and level != ''">
			and level <![CDATA[<= ]]> #{level,jdbcType=VARCHAR}
		</if>
	</select>
	
	<select id="queryEqFlStat" resultType="java.util.Map" parameterType="com.hnbits.archibus.base.vo.EqVo">
		select * from (
			select fl_id,count(*) cnt from ${db_schemas}.eq group by fl_id
		) a order by fl_id 
	</select>

	<!-- 插入记录 -->
	<insert id="insert" parameterType="com.hnbits.archibus.base.vo.EqVo">
		<selectKey resultType="java.lang.String" order="BEFORE" keyProperty="eq_id">
			SELECT SYS_GUID() AS eq_id from dual
		</selectKey>
		insert into ${db_schemas}.eq(
		eq_id
			<if test="asset_id != null and asset_id != ''">
			,asset_id
			</if>
			<if test="bl_id != null and bl_id != ''">
			,bl_id
			</if>
			<if test="comment_disposal != null and comment_disposal != ''">
			,comment_disposal
			</if>
			<if test="comments != null and comments != ''">
			,comments
			</if>
			<if test="condition != null and condition != ''">
			,condition
			</if>
			<if test="cost_dep_value != null">
			,cost_dep_value
			</if>
			<if test="cost_purchase != null">
			,cost_purchase
			</if>
			<if test="cost_replace != null">
			,cost_replace
			</if>
			<if test="criticality != null">
			,criticality
			</if>
			<if test="csi_id != null and csi_id != ''">
			,csi_id
			</if>
			<if test="curr_bl_id != null and curr_bl_id != ''">
			,curr_bl_id
			</if>
			<if test="curr_fl_id != null and curr_fl_id != ''">
			,curr_fl_id
			</if>
			<if test="curr_rm_id != null and curr_rm_id != ''">
			,curr_rm_id
			</if>
			<if test="curr_site_id != null and curr_site_id != ''">
			,curr_site_id
			</if>
			<if test="date_created != null">
			,date_created
			</if>
			<if test="date_disposal != null">
			,date_disposal
			</if>
			<if test="date_in_repair != null">
			,date_in_repair
			</if>
			<if test="date_in_service != null">
			,date_in_service
			</if>
			<if test="date_in_storage != null">
			,date_in_storage
			</if>
			<if test="date_installed != null">
			,date_installed
			</if>
			<if test="date_last_surveyed != null">
			,date_last_surveyed
			</if>
			<if test="date_manufactured != null">
			,date_manufactured
			</if>
			<if test="date_of_stat_chg != null">
			,date_of_stat_chg
			</if>
			<if test="date_purchased != null">
			,date_purchased
			</if>
			<if test="date_salvaged != null">
			,date_salvaged
			</if>
			<if test="date_sold != null">
			,date_sold
			</if>
			<if test="date_warranty_exp != null">
			,date_warranty_exp
			</if>
			<if test="description != null and description != ''">
			,description
			</if>
			<if test="disposal_type != null and disposal_type != ''">
			,disposal_type
			</if>
			<if test="doc_eop != null and doc_eop != ''">
			,doc_eop
			</if>
			<if test="doc_loto != null and doc_loto != ''">
			,doc_loto
			</if>
			<if test="doc_mop != null and doc_mop != ''">
			,doc_mop
			</if>
			<if test="doc_other != null and doc_other != ''">
			,doc_other
			</if>
			<if test="limit_ctl_low != null">
			,limit_ctl_low
			</if>
			<if test="limit_ctl_high != null">
			,limit_ctl_high
			</if>
			<if test="limit_alarm_low != null">
			,limit_alarm_low
			</if>
			<if test="limit_alarm_high != null">
			,limit_alarm_high
			</if>
			<if test="legal_id != null and legal_id != ''">
			,legal_id
			</if>
			<if test="layer_name != null and layer_name != ''">
			,layer_name
			</if>
			<if test="lat != null">
			,lat
			</if>
			<if test="is_multiplexing != null">
			,is_multiplexing
			</if>
			<if test="image_spec != null and image_spec != ''">
			,image_spec
			</if>
			<if test="net_node_name != null and net_node_name != ''">
			,net_node_name
			</if>
			<if test="net_id != null and net_id != ''">
			,net_id
			</if>
			<if test="net_card_type != null and net_card_type != ''">
			,net_card_type
			</if>
			<if test="net_address_ip != null and net_address_ip != ''">
			,net_address_ip
			</if>
			<if test="net_address != null and net_address != ''">
			,net_address
			</if>
			<if test="modelno != null and modelno != ''">
			,modelno
			</if>
			<if test="mfr != null and mfr != ''">
			,mfr
			</if>
			<if test="meter_usage_per_day != null">
			,meter_usage_per_day
			</if>
			<if test="meter_units != null and meter_units != ''">
			,meter_units
			</if>
			<if test="qty_hrs_run_day != null">
			,qty_hrs_run_day
			</if>
			<if test="qty_dep_period != null">
			,qty_dep_period
			</if>
			<if test="qty_mttr != null">
			,qty_mttr
			</if>
			<if test="qty_mtbf != null">
			,qty_mtbf
			</if>
			<if test="property_type != null and property_type != ''">
			,property_type
			</if>
			<if test="pr_id != null and pr_id != ''">
			,pr_id
			</if>
			<if test="policy_id != null and policy_id != ''">
			,policy_id
			</if>
			<if test="po_line_id != null">
			,po_line_id
			</if>
			<if test="po_id != null">
			,po_id
			</if>
			<if test="subcomponent_of != null and subcomponent_of != ''">
			,subcomponent_of
			</if>
			<if test="status != null and status != ''">
			,status
			</if>
			<if test="source_time_update != null">
			,source_time_update
			</if>
			<if test="source_system_id != null and source_system_id != ''">
			,source_system_id
			</if>
			<if test="source_status != null and source_status != ''">
			,source_status
			</if>
			<if test="source_record_id != null and source_record_id != ''">
			,source_record_id
			</if>
			<if test="source_feed_comments != null and source_feed_comments != ''">
			,source_feed_comments
			</if>
			<if test="source_date_update != null">
			,source_date_update
			</if>
			<if test="site_id != null and site_id != ''">
			,site_id
			</if>
			<if test="use1 != null and use1 != ''">
			,use1
			</if>
			<if test="time_created != null">
			,time_created
			</if>
			<if test="tc_service != null and tc_service != ''">
			,tc_service
			</if>
			<if test="tc_pnport_id != null and tc_pnport_id != ''">
			,tc_pnport_id
			</if>
			<if test="tc_pn_id != null and tc_pn_id != ''">
			,tc_pn_id
			</if>
			<if test="tc_level != null and tc_level != ''">
			,tc_level
			</if>
			<if test="tc_jk_id != null and tc_jk_id != ''">
			,tc_jk_id
			</if>
			<if test="tc_eqport_id != null and tc_eqport_id != ''">
			,tc_eqport_id
			</if>
			<if test="tc_eq_id != null and tc_eq_id != ''">
			,tc_eq_id
			</if>
			<if test="warranty_id != null and warranty_id != ''">
			,warranty_id
			</if>
			<if test="vn_id != null and vn_id != ''">
			,vn_id
			</if>
			<if test="value_salvage != null">
			,value_salvage
			</if>
			<if test="tc_client_server != null and tc_client_server != ''">
			,tc_client_server
			</if>
			<if test="tc_area_level != null and tc_area_level != ''">
			,tc_area_level
			</if>
			<if test="tagged_out != null">
			,tagged_out
			</if>
			<if test="ta_lease_id != null and ta_lease_id != ''">
			,ta_lease_id
			</if>
			<if test="survey_redline_eq != null and survey_redline_eq != ''">
			,survey_redline_eq
			</if>
			<if test="survey_photo_eq != null and survey_photo_eq != ''">
			,survey_photo_eq
			</if>
			<if test="survey_id != null and survey_id != ''">
			,survey_id
			</if>
			<if test="survey_comments != null and survey_comments != ''">
			,survey_comments
			</if>
			<if test="servcont_id != null and servcont_id != ''">
			,servcont_id
			</if>
			<if test="salvaged != null">
			,salvaged
			</if>
			<if test="rm_id != null and rm_id != ''">
			,rm_id
			</if>
			<if test="rf_id != null and rf_id != ''">
			,rf_id
			</if>
			<if test="recovery_status != null and recovery_status != ''">
			,recovery_status
			</if>
			<if test="rack_id != null and rack_id != ''">
			,rack_id
			</if>
			<if test="qty_pms != null">
			,qty_pms
			</if>
			<if test="qty_life_expct != null">
			,qty_life_expct
			</if>
			<if test="pending_action != null and pending_action != ''">
			,pending_action
			</if>
			<if test="os_type != null and os_type != ''">
			,os_type
			</if>
			<if test="option2 != null and option2 != ''">
			,option2
			</if>
			<if test="option1 != null and option1 != ''">
			,option1
			</if>
			<if test="num_serial != null and num_serial != ''">
			,num_serial
			</if>
			<if test="num_po != null and num_po != ''">
			,num_po
			</if>
			<if test="num_lease != null and num_lease != ''">
			,num_lease
			</if>
			<if test="net_sub_mask != null and net_sub_mask != ''">
			,net_sub_mask
			</if>
			<if test="meter_last_read != null">
			,meter_last_read
			</if>
			<if test="meter != null">
			,meter
			</if>
			<if test="mac_address != null and mac_address != ''">
			,mac_address
			</if>
			<if test="lon != null">
			,lon
			</if>
			<if test="locked_out != null">
			,locked_out
			</if>
			<if test="loc_maint_manl != null and loc_maint_manl != ''">
			,loc_maint_manl
			</if>
			<if test="loc_column != null and loc_column != ''">
			,loc_column
			</if>
			<if test="loc_bay != null and loc_bay != ''">
			,loc_bay
			</if>
			<if test="image_eq_lub != null and image_eq_lub != ''">
			,image_eq_lub
			</if>
			<if test="image_eq_elec != null and image_eq_elec != ''">
			,image_eq_elec
			</if>
			<if test="image_eq_assy != null and image_eq_assy != ''">
			,image_eq_assy
			</if>
			<if test="hardware_address != null and hardware_address != ''">
			,hardware_address
			</if>
			<if test="grp_uid != null and grp_uid != ''">
			,grp_uid
			</if>
			<if test="geo_objectid != null">
			,geo_objectid
			</if>
			<if test="fl_id != null and fl_id != ''">
			,fl_id
			</if>
			<if test="eq_std != null and eq_std != ''">
			,eq_std
			</if>
			<if test="doc_sop != null and doc_sop != ''">
			,doc_sop
			</if>
			<if test="dp_id != null and dp_id != ''">
			,dp_id
			</if>
			<if test="dv_id != null and dv_id != ''">
			,dv_id
			</if>
			<if test="dwgname != null and dwgname != ''">
			,dwgname
			</if>
			<if test="ehandle != null and ehandle != ''">
			,ehandle
			</if>
			<if test="em_id != null and em_id != ''">
			,em_id
			</if>
			<if test="eq_id != null and eq_id != ''">
			,eq_id
			</if>
		) values(
		#{eq_id,jdbcType=VARCHAR}
			<if test="asset_id != null and asset_id != ''">
			,#{asset_id,jdbcType=VARCHAR}
			</if>
			<if test="bl_id != null and bl_id != ''">
			,#{bl_id,jdbcType=VARCHAR}
			</if>
			<if test="comment_disposal != null and comment_disposal != ''">
			,#{comment_disposal,jdbcType=VARCHAR}
			</if>
			<if test="comments != null and comments != ''">
			,#{comments,jdbcType=VARCHAR}
			</if>
			<if test="condition != null and condition != ''">
			,#{condition,jdbcType=VARCHAR}
			</if>
			<if test="cost_dep_value != null">
			,#{cost_dep_value,jdbcType=DOUBLE}
			</if>
			<if test="cost_purchase != null">
			,#{cost_purchase,jdbcType=DOUBLE}
			</if>
			<if test="cost_replace != null">
			,#{cost_replace,jdbcType=DOUBLE}
			</if>
			<if test="criticality != null">
			,#{criticality,jdbcType=Integer}
			</if>
			<if test="csi_id != null and csi_id != ''">
			,#{csi_id,jdbcType=VARCHAR}
			</if>
			<if test="curr_bl_id != null and curr_bl_id != ''">
			,#{curr_bl_id,jdbcType=VARCHAR}
			</if>
			<if test="curr_fl_id != null and curr_fl_id != ''">
			,#{curr_fl_id,jdbcType=VARCHAR}
			</if>
			<if test="curr_rm_id != null and curr_rm_id != ''">
			,#{curr_rm_id,jdbcType=VARCHAR}
			</if>
			<if test="curr_site_id != null and curr_site_id != ''">
			,#{curr_site_id,jdbcType=VARCHAR}
			</if>
			<if test="date_created != null">
			,#{date_created,jdbcType=DATE}
			</if>
			<if test="date_disposal != null">
			,#{date_disposal,jdbcType=DATE}
			</if>
			<if test="date_in_repair != null">
			,#{date_in_repair,jdbcType=DATE}
			</if>
			<if test="date_in_service != null">
			,#{date_in_service,jdbcType=DATE}
			</if>
			<if test="date_in_storage != null">
			,#{date_in_storage,jdbcType=DATE}
			</if>
			<if test="date_installed != null">
			,#{date_installed,jdbcType=DATE}
			</if>
			<if test="date_last_surveyed != null">
			,#{date_last_surveyed,jdbcType=DATE}
			</if>
			<if test="date_manufactured != null">
			,#{date_manufactured,jdbcType=DATE}
			</if>
			<if test="date_of_stat_chg != null">
			,#{date_of_stat_chg,jdbcType=DATE}
			</if>
			<if test="date_purchased != null">
			,#{date_purchased,jdbcType=DATE}
			</if>
			<if test="date_salvaged != null">
			,#{date_salvaged,jdbcType=DATE}
			</if>
			<if test="date_sold != null">
			,#{date_sold,jdbcType=DATE}
			</if>
			<if test="date_warranty_exp != null">
			,#{date_warranty_exp,jdbcType=DATE}
			</if>
			<if test="description != null and description != ''">
			,#{description,jdbcType=VARCHAR}
			</if>
			<if test="disposal_type != null and disposal_type != ''">
			,#{disposal_type,jdbcType=VARCHAR}
			</if>
			<if test="doc_eop != null and doc_eop != ''">
			,#{doc_eop,jdbcType=VARCHAR}
			</if>
			<if test="doc_loto != null and doc_loto != ''">
			,#{doc_loto,jdbcType=VARCHAR}
			</if>
			<if test="doc_mop != null and doc_mop != ''">
			,#{doc_mop,jdbcType=VARCHAR}
			</if>
			<if test="doc_other != null and doc_other != ''">
			,#{doc_other,jdbcType=VARCHAR}
			</if>
			<if test="limit_ctl_low != null">
			,#{limit_ctl_low,jdbcType=DOUBLE}
			</if>
			<if test="limit_ctl_high != null">
			,#{limit_ctl_high,jdbcType=DOUBLE}
			</if>
			<if test="limit_alarm_low != null">
			,#{limit_alarm_low,jdbcType=DOUBLE}
			</if>
			<if test="limit_alarm_high != null">
			,#{limit_alarm_high,jdbcType=DOUBLE}
			</if>
			<if test="legal_id != null and legal_id != ''">
			,#{legal_id,jdbcType=VARCHAR}
			</if>
			<if test="layer_name != null and layer_name != ''">
			,#{layer_name,jdbcType=VARCHAR}
			</if>
			<if test="lat != null">
			,#{lat,jdbcType=DOUBLE}
			</if>
			<if test="is_multiplexing != null">
			,#{is_multiplexing,jdbcType=Integer}
			</if>
			<if test="image_spec != null and image_spec != ''">
			,#{image_spec,jdbcType=VARCHAR}
			</if>
			<if test="net_node_name != null and net_node_name != ''">
			,#{net_node_name,jdbcType=VARCHAR}
			</if>
			<if test="net_id != null and net_id != ''">
			,#{net_id,jdbcType=VARCHAR}
			</if>
			<if test="net_card_type != null and net_card_type != ''">
			,#{net_card_type,jdbcType=VARCHAR}
			</if>
			<if test="net_address_ip != null and net_address_ip != ''">
			,#{net_address_ip,jdbcType=VARCHAR}
			</if>
			<if test="net_address != null and net_address != ''">
			,#{net_address,jdbcType=VARCHAR}
			</if>
			<if test="modelno != null and modelno != ''">
			,#{modelno,jdbcType=VARCHAR}
			</if>
			<if test="mfr != null and mfr != ''">
			,#{mfr,jdbcType=VARCHAR}
			</if>
			<if test="meter_usage_per_day != null">
			,#{meter_usage_per_day,jdbcType=BIGINT}
			</if>
			<if test="meter_units != null and meter_units != ''">
			,#{meter_units,jdbcType=VARCHAR}
			</if>
			<if test="qty_hrs_run_day != null">
			,#{qty_hrs_run_day,jdbcType=BIGINT}
			</if>
			<if test="qty_dep_period != null">
			,#{qty_dep_period,jdbcType=BIGINT}
			</if>
			<if test="qty_mttr != null">
			,#{qty_mttr,jdbcType=DOUBLE}
			</if>
			<if test="qty_mtbf != null">
			,#{qty_mtbf,jdbcType=DOUBLE}
			</if>
			<if test="property_type != null and property_type != ''">
			,#{property_type,jdbcType=VARCHAR}
			</if>
			<if test="pr_id != null and pr_id != ''">
			,#{pr_id,jdbcType=VARCHAR}
			</if>
			<if test="policy_id != null and policy_id != ''">
			,#{policy_id,jdbcType=VARCHAR}
			</if>
			<if test="po_line_id != null">
			,#{po_line_id,jdbcType=Integer}
			</if>
			<if test="po_id != null">
			,#{po_id,jdbcType=Integer}
			</if>
			<if test="subcomponent_of != null and subcomponent_of != ''">
			,#{subcomponent_of,jdbcType=VARCHAR}
			</if>
			<if test="status != null and status != ''">
			,#{status,jdbcType=VARCHAR}
			</if>
			<if test="source_time_update != null">
			,#{source_time_update,jdbcType=DATE}
			</if>
			<if test="source_system_id != null and source_system_id != ''">
			,#{source_system_id,jdbcType=VARCHAR}
			</if>
			<if test="source_status != null and source_status != ''">
			,#{source_status,jdbcType=VARCHAR}
			</if>
			<if test="source_record_id != null and source_record_id != ''">
			,#{source_record_id,jdbcType=VARCHAR}
			</if>
			<if test="source_feed_comments != null and source_feed_comments != ''">
			,#{source_feed_comments,jdbcType=VARCHAR}
			</if>
			<if test="source_date_update != null">
			,#{source_date_update,jdbcType=DATE}
			</if>
			<if test="site_id != null and site_id != ''">
			,#{site_id,jdbcType=VARCHAR}
			</if>
			<if test="use1 != null and use1 != ''">
			,#{use1,jdbcType=VARCHAR}
			</if>
			<if test="time_created != null">
			,#{time_created,jdbcType=DATE}
			</if>
			<if test="tc_service != null and tc_service != ''">
			,#{tc_service,jdbcType=VARCHAR}
			</if>
			<if test="tc_pnport_id != null and tc_pnport_id != ''">
			,#{tc_pnport_id,jdbcType=VARCHAR}
			</if>
			<if test="tc_pn_id != null and tc_pn_id != ''">
			,#{tc_pn_id,jdbcType=VARCHAR}
			</if>
			<if test="tc_level != null and tc_level != ''">
			,#{tc_level,jdbcType=VARCHAR}
			</if>
			<if test="tc_jk_id != null and tc_jk_id != ''">
			,#{tc_jk_id,jdbcType=VARCHAR}
			</if>
			<if test="tc_eqport_id != null and tc_eqport_id != ''">
			,#{tc_eqport_id,jdbcType=VARCHAR}
			</if>
			<if test="tc_eq_id != null and tc_eq_id != ''">
			,#{tc_eq_id,jdbcType=VARCHAR}
			</if>
			<if test="warranty_id != null and warranty_id != ''">
			,#{warranty_id,jdbcType=VARCHAR}
			</if>
			<if test="vn_id != null and vn_id != ''">
			,#{vn_id,jdbcType=VARCHAR}
			</if>
			<if test="value_salvage != null">
			,#{value_salvage,jdbcType=DOUBLE}
			</if>
			<if test="tc_client_server != null and tc_client_server != ''">
			,#{tc_client_server,jdbcType=VARCHAR}
			</if>
			<if test="tc_area_level != null and tc_area_level != ''">
			,#{tc_area_level,jdbcType=VARCHAR}
			</if>
			<if test="tagged_out != null">
			,#{tagged_out,jdbcType=Integer}
			</if>
			<if test="ta_lease_id != null and ta_lease_id != ''">
			,#{ta_lease_id,jdbcType=VARCHAR}
			</if>
			<if test="survey_redline_eq != null and survey_redline_eq != ''">
			,#{survey_redline_eq,jdbcType=VARCHAR}
			</if>
			<if test="survey_photo_eq != null and survey_photo_eq != ''">
			,#{survey_photo_eq,jdbcType=VARCHAR}
			</if>
			<if test="survey_id != null and survey_id != ''">
			,#{survey_id,jdbcType=VARCHAR}
			</if>
			<if test="survey_comments != null and survey_comments != ''">
			,#{survey_comments,jdbcType=VARCHAR}
			</if>
			<if test="servcont_id != null and servcont_id != ''">
			,#{servcont_id,jdbcType=VARCHAR}
			</if>
			<if test="salvaged != null">
			,#{salvaged,jdbcType=Integer}
			</if>
			<if test="rm_id != null and rm_id != ''">
			,#{rm_id,jdbcType=VARCHAR}
			</if>
			<if test="rf_id != null and rf_id != ''">
			,#{rf_id,jdbcType=VARCHAR}
			</if>
			<if test="recovery_status != null and recovery_status != ''">
			,#{recovery_status,jdbcType=VARCHAR}
			</if>
			<if test="rack_id != null and rack_id != ''">
			,#{rack_id,jdbcType=VARCHAR}
			</if>
			<if test="qty_pms != null">
			,#{qty_pms,jdbcType=Integer}
			</if>
			<if test="qty_life_expct != null">
			,#{qty_life_expct,jdbcType=Integer}
			</if>
			<if test="pending_action != null and pending_action != ''">
			,#{pending_action,jdbcType=VARCHAR}
			</if>
			<if test="os_type != null and os_type != ''">
			,#{os_type,jdbcType=VARCHAR}
			</if>
			<if test="option2 != null and option2 != ''">
			,#{option2,jdbcType=VARCHAR}
			</if>
			<if test="option1 != null and option1 != ''">
			,#{option1,jdbcType=VARCHAR}
			</if>
			<if test="num_serial != null and num_serial != ''">
			,#{num_serial,jdbcType=VARCHAR}
			</if>
			<if test="num_po != null and num_po != ''">
			,#{num_po,jdbcType=VARCHAR}
			</if>
			<if test="num_lease != null and num_lease != ''">
			,#{num_lease,jdbcType=VARCHAR}
			</if>
			<if test="net_sub_mask != null and net_sub_mask != ''">
			,#{net_sub_mask,jdbcType=VARCHAR}
			</if>
			<if test="meter_last_read != null">
			,#{meter_last_read,jdbcType=DATE}
			</if>
			<if test="meter != null">
			,#{meter,jdbcType=DOUBLE}
			</if>
			<if test="mac_address != null and mac_address != ''">
			,#{mac_address,jdbcType=VARCHAR}
			</if>
			<if test="lon != null">
			,#{lon,jdbcType=DOUBLE}
			</if>
			<if test="locked_out != null">
			,#{locked_out,jdbcType=Integer}
			</if>
			<if test="loc_maint_manl != null and loc_maint_manl != ''">
			,#{loc_maint_manl,jdbcType=VARCHAR}
			</if>
			<if test="loc_column != null and loc_column != ''">
			,#{loc_column,jdbcType=VARCHAR}
			</if>
			<if test="loc_bay != null and loc_bay != ''">
			,#{loc_bay,jdbcType=VARCHAR}
			</if>
			<if test="image_eq_lub != null and image_eq_lub != ''">
			,#{image_eq_lub,jdbcType=VARCHAR}
			</if>
			<if test="image_eq_elec != null and image_eq_elec != ''">
			,#{image_eq_elec,jdbcType=VARCHAR}
			</if>
			<if test="image_eq_assy != null and image_eq_assy != ''">
			,#{image_eq_assy,jdbcType=VARCHAR}
			</if>
			<if test="hardware_address != null and hardware_address != ''">
			,#{hardware_address,jdbcType=VARCHAR}
			</if>
			<if test="grp_uid != null and grp_uid != ''">
			,#{grp_uid,jdbcType=VARCHAR}
			</if>
			<if test="geo_objectid != null">
			,#{geo_objectid,jdbcType=Integer}
			</if>
			<if test="fl_id != null and fl_id != ''">
			,#{fl_id,jdbcType=VARCHAR}
			</if>
			<if test="eq_std != null and eq_std != ''">
			,#{eq_std,jdbcType=VARCHAR}
			</if>
			<if test="doc_sop != null and doc_sop != ''">
			,#{doc_sop,jdbcType=VARCHAR}
			</if>
			<if test="dp_id != null and dp_id != ''">
			,#{dp_id,jdbcType=VARCHAR}
			</if>
			<if test="dv_id != null and dv_id != ''">
			,#{dv_id,jdbcType=VARCHAR}
			</if>
			<if test="dwgname != null and dwgname != ''">
			,#{dwgname,jdbcType=VARCHAR}
			</if>
			<if test="ehandle != null and ehandle != ''">
			,#{ehandle,jdbcType=VARCHAR}
			</if>
			<if test="em_id != null and em_id != ''">
			,#{em_id,jdbcType=VARCHAR}
			</if>
			<if test="eq_id != null and eq_id != ''">
			,#{eq_id,jdbcType=VARCHAR}
			</if>
		)
	</insert>

	<!-- 根据id，修改记录 -->
	<update id="update" parameterType="com.hnbits.archibus.base.vo.EqVo">
		update ${db_schemas}.eq
		<set>
			<if test="asset_id != null and asset_id != ''">
			asset_id = #{asset_id,jdbcType=VARCHAR},
			</if>
			<if test="bl_id != null and bl_id != ''">
			bl_id = #{bl_id,jdbcType=VARCHAR},
			</if>
			<if test="comment_disposal != null and comment_disposal != ''">
			comment_disposal = #{comment_disposal,jdbcType=VARCHAR},
			</if>
			<if test="comments != null and comments != ''">
			comments = #{comments,jdbcType=VARCHAR},
			</if>
			<if test="condition != null and condition != ''">
			condition = #{condition,jdbcType=VARCHAR},
			</if>
			<if test="cost_dep_value != null">
			cost_dep_value = #{cost_dep_value,jdbcType=DOUBLE},
			</if>
			<if test="cost_purchase != null">
			cost_purchase = #{cost_purchase,jdbcType=DOUBLE},
			</if>
			<if test="cost_replace != null">
			cost_replace = #{cost_replace,jdbcType=DOUBLE},
			</if>
			<if test="criticality != null">
			criticality = #{criticality,jdbcType=Integer},
			</if>
			<if test="csi_id != null and csi_id != ''">
			csi_id = #{csi_id,jdbcType=VARCHAR},
			</if>
			<if test="curr_bl_id != null and curr_bl_id != ''">
			curr_bl_id = #{curr_bl_id,jdbcType=VARCHAR},
			</if>
			<if test="curr_fl_id != null and curr_fl_id != ''">
			curr_fl_id = #{curr_fl_id,jdbcType=VARCHAR},
			</if>
			<if test="curr_rm_id != null and curr_rm_id != ''">
			curr_rm_id = #{curr_rm_id,jdbcType=VARCHAR},
			</if>
			<if test="curr_site_id != null and curr_site_id != ''">
			curr_site_id = #{curr_site_id,jdbcType=VARCHAR},
			</if>
			<if test="date_created != null">
			date_created = #{date_created,jdbcType=DATE},
			</if>
			<if test="date_disposal != null">
			date_disposal = #{date_disposal,jdbcType=DATE},
			</if>
			<if test="date_in_repair != null">
			date_in_repair = #{date_in_repair,jdbcType=DATE},
			</if>
			<if test="date_in_service != null">
			date_in_service = #{date_in_service,jdbcType=DATE},
			</if>
			<if test="date_in_storage != null">
			date_in_storage = #{date_in_storage,jdbcType=DATE},
			</if>
			<if test="date_installed != null">
			date_installed = #{date_installed,jdbcType=DATE},
			</if>
			<if test="date_last_surveyed != null">
			date_last_surveyed = #{date_last_surveyed,jdbcType=DATE},
			</if>
			<if test="date_manufactured != null">
			date_manufactured = #{date_manufactured,jdbcType=DATE},
			</if>
			<if test="date_of_stat_chg != null">
			date_of_stat_chg = #{date_of_stat_chg,jdbcType=DATE},
			</if>
			<if test="date_purchased != null">
			date_purchased = #{date_purchased,jdbcType=DATE},
			</if>
			<if test="date_salvaged != null">
			date_salvaged = #{date_salvaged,jdbcType=DATE},
			</if>
			<if test="date_sold != null">
			date_sold = #{date_sold,jdbcType=DATE},
			</if>
			<if test="date_warranty_exp != null">
			date_warranty_exp = #{date_warranty_exp,jdbcType=DATE},
			</if>
			<if test="description != null and description != ''">
			description = #{description,jdbcType=VARCHAR},
			</if>
			<if test="disposal_type != null and disposal_type != ''">
			disposal_type = #{disposal_type,jdbcType=VARCHAR},
			</if>
			<if test="doc_eop != null and doc_eop != ''">
			doc_eop = #{doc_eop,jdbcType=VARCHAR},
			</if>
			<if test="doc_loto != null and doc_loto != ''">
			doc_loto = #{doc_loto,jdbcType=VARCHAR},
			</if>
			<if test="doc_mop != null and doc_mop != ''">
			doc_mop = #{doc_mop,jdbcType=VARCHAR},
			</if>
			<if test="doc_other != null and doc_other != ''">
			doc_other = #{doc_other,jdbcType=VARCHAR},
			</if>
			<if test="limit_ctl_low != null">
			limit_ctl_low = #{limit_ctl_low,jdbcType=DOUBLE},
			</if>
			<if test="limit_ctl_high != null">
			limit_ctl_high = #{limit_ctl_high,jdbcType=DOUBLE},
			</if>
			<if test="limit_alarm_low != null">
			limit_alarm_low = #{limit_alarm_low,jdbcType=DOUBLE},
			</if>
			<if test="limit_alarm_high != null">
			limit_alarm_high = #{limit_alarm_high,jdbcType=DOUBLE},
			</if>
			<if test="legal_id != null and legal_id != ''">
			legal_id = #{legal_id,jdbcType=VARCHAR},
			</if>
			<if test="layer_name != null and layer_name != ''">
			layer_name = #{layer_name,jdbcType=VARCHAR},
			</if>
			<if test="lat != null">
			lat = #{lat,jdbcType=DOUBLE},
			</if>
			<if test="is_multiplexing != null">
			is_multiplexing = #{is_multiplexing,jdbcType=Integer},
			</if>
			<if test="image_spec != null and image_spec != ''">
			image_spec = #{image_spec,jdbcType=VARCHAR},
			</if>
			<if test="net_node_name != null and net_node_name != ''">
			net_node_name = #{net_node_name,jdbcType=VARCHAR},
			</if>
			<if test="net_id != null and net_id != ''">
			net_id = #{net_id,jdbcType=VARCHAR},
			</if>
			<if test="net_card_type != null and net_card_type != ''">
			net_card_type = #{net_card_type,jdbcType=VARCHAR},
			</if>
			<if test="net_address_ip != null and net_address_ip != ''">
			net_address_ip = #{net_address_ip,jdbcType=VARCHAR},
			</if>
			<if test="net_address != null and net_address != ''">
			net_address = #{net_address,jdbcType=VARCHAR},
			</if>
			<if test="modelno != null and modelno != ''">
			modelno = #{modelno,jdbcType=VARCHAR},
			</if>
			<if test="mfr != null and mfr != ''">
			mfr = #{mfr,jdbcType=VARCHAR},
			</if>
			<if test="meter_usage_per_day != null">
			meter_usage_per_day = #{meter_usage_per_day,jdbcType=BIGINT},
			</if>
			<if test="meter_units != null and meter_units != ''">
			meter_units = #{meter_units,jdbcType=VARCHAR},
			</if>
			<if test="qty_hrs_run_day != null">
			qty_hrs_run_day = #{qty_hrs_run_day,jdbcType=BIGINT},
			</if>
			<if test="qty_dep_period != null">
			qty_dep_period = #{qty_dep_period,jdbcType=BIGINT},
			</if>
			<if test="qty_mttr != null">
			qty_mttr = #{qty_mttr,jdbcType=DOUBLE},
			</if>
			<if test="qty_mtbf != null">
			qty_mtbf = #{qty_mtbf,jdbcType=DOUBLE},
			</if>
			<if test="property_type != null and property_type != ''">
			property_type = #{property_type,jdbcType=VARCHAR},
			</if>
			<if test="pr_id != null and pr_id != ''">
			pr_id = #{pr_id,jdbcType=VARCHAR},
			</if>
			<if test="policy_id != null and policy_id != ''">
			policy_id = #{policy_id,jdbcType=VARCHAR},
			</if>
			<if test="po_line_id != null">
			po_line_id = #{po_line_id,jdbcType=Integer},
			</if>
			<if test="po_id != null">
			po_id = #{po_id,jdbcType=Integer},
			</if>
			<if test="subcomponent_of != null and subcomponent_of != ''">
			subcomponent_of = #{subcomponent_of,jdbcType=VARCHAR},
			</if>
			<if test="status != null and status != ''">
			status = #{status,jdbcType=VARCHAR},
			</if>
			<if test="source_time_update != null">
			source_time_update = #{source_time_update,jdbcType=DATE},
			</if>
			<if test="source_system_id != null and source_system_id != ''">
			source_system_id = #{source_system_id,jdbcType=VARCHAR},
			</if>
			<if test="source_status != null and source_status != ''">
			source_status = #{source_status,jdbcType=VARCHAR},
			</if>
			<if test="source_record_id != null and source_record_id != ''">
			source_record_id = #{source_record_id,jdbcType=VARCHAR},
			</if>
			<if test="source_feed_comments != null and source_feed_comments != ''">
			source_feed_comments = #{source_feed_comments,jdbcType=VARCHAR},
			</if>
			<if test="source_date_update != null">
			source_date_update = #{source_date_update,jdbcType=DATE},
			</if>
			<if test="site_id != null and site_id != ''">
			site_id = #{site_id,jdbcType=VARCHAR},
			</if>
			<if test="use1 != null and use1 != ''">
			use1 = #{use1,jdbcType=VARCHAR},
			</if>
			<if test="time_created != null">
			time_created = #{time_created,jdbcType=DATE},
			</if>
			<if test="tc_service != null and tc_service != ''">
			tc_service = #{tc_service,jdbcType=VARCHAR},
			</if>
			<if test="tc_pnport_id != null and tc_pnport_id != ''">
			tc_pnport_id = #{tc_pnport_id,jdbcType=VARCHAR},
			</if>
			<if test="tc_pn_id != null and tc_pn_id != ''">
			tc_pn_id = #{tc_pn_id,jdbcType=VARCHAR},
			</if>
			<if test="tc_level != null and tc_level != ''">
			tc_level = #{tc_level,jdbcType=VARCHAR},
			</if>
			<if test="tc_jk_id != null and tc_jk_id != ''">
			tc_jk_id = #{tc_jk_id,jdbcType=VARCHAR},
			</if>
			<if test="tc_eqport_id != null and tc_eqport_id != ''">
			tc_eqport_id = #{tc_eqport_id,jdbcType=VARCHAR},
			</if>
			<if test="tc_eq_id != null and tc_eq_id != ''">
			tc_eq_id = #{tc_eq_id,jdbcType=VARCHAR},
			</if>
			<if test="warranty_id != null and warranty_id != ''">
			warranty_id = #{warranty_id,jdbcType=VARCHAR},
			</if>
			<if test="vn_id != null and vn_id != ''">
			vn_id = #{vn_id,jdbcType=VARCHAR},
			</if>
			<if test="value_salvage != null">
			value_salvage = #{value_salvage,jdbcType=DOUBLE},
			</if>
			<if test="tc_client_server != null and tc_client_server != ''">
			tc_client_server = #{tc_client_server,jdbcType=VARCHAR},
			</if>
			<if test="tc_area_level != null and tc_area_level != ''">
			tc_area_level = #{tc_area_level,jdbcType=VARCHAR},
			</if>
			<if test="tagged_out != null">
			tagged_out = #{tagged_out,jdbcType=Integer},
			</if>
			<if test="ta_lease_id != null and ta_lease_id != ''">
			ta_lease_id = #{ta_lease_id,jdbcType=VARCHAR},
			</if>
			<if test="survey_redline_eq != null and survey_redline_eq != ''">
			survey_redline_eq = #{survey_redline_eq,jdbcType=VARCHAR},
			</if>
			<if test="survey_photo_eq != null and survey_photo_eq != ''">
			survey_photo_eq = #{survey_photo_eq,jdbcType=VARCHAR},
			</if>
			<if test="survey_id != null and survey_id != ''">
			survey_id = #{survey_id,jdbcType=VARCHAR},
			</if>
			<if test="survey_comments != null and survey_comments != ''">
			survey_comments = #{survey_comments,jdbcType=VARCHAR},
			</if>
			<if test="servcont_id != null and servcont_id != ''">
			servcont_id = #{servcont_id,jdbcType=VARCHAR},
			</if>
			<if test="salvaged != null">
			salvaged = #{salvaged,jdbcType=Integer},
			</if>
			<if test="rm_id != null and rm_id != ''">
			rm_id = #{rm_id,jdbcType=VARCHAR},
			</if>
			<if test="rf_id != null and rf_id != ''">
			rf_id = #{rf_id,jdbcType=VARCHAR},
			</if>
			<if test="recovery_status != null and recovery_status != ''">
			recovery_status = #{recovery_status,jdbcType=VARCHAR},
			</if>
			<if test="rack_id != null and rack_id != ''">
			rack_id = #{rack_id,jdbcType=VARCHAR},
			</if>
			<if test="qty_pms != null">
			qty_pms = #{qty_pms,jdbcType=Integer},
			</if>
			<if test="qty_life_expct != null">
			qty_life_expct = #{qty_life_expct,jdbcType=Integer},
			</if>
			<if test="pending_action != null and pending_action != ''">
			pending_action = #{pending_action,jdbcType=VARCHAR},
			</if>
			<if test="os_type != null and os_type != ''">
			os_type = #{os_type,jdbcType=VARCHAR},
			</if>
			<if test="option2 != null and option2 != ''">
			option2 = #{option2,jdbcType=VARCHAR},
			</if>
			<if test="option1 != null and option1 != ''">
			option1 = #{option1,jdbcType=VARCHAR},
			</if>
			<if test="num_serial != null and num_serial != ''">
			num_serial = #{num_serial,jdbcType=VARCHAR},
			</if>
			<if test="num_po != null and num_po != ''">
			num_po = #{num_po,jdbcType=VARCHAR},
			</if>
			<if test="num_lease != null and num_lease != ''">
			num_lease = #{num_lease,jdbcType=VARCHAR},
			</if>
			<if test="net_sub_mask != null and net_sub_mask != ''">
			net_sub_mask = #{net_sub_mask,jdbcType=VARCHAR},
			</if>
			<if test="meter_last_read != null">
			meter_last_read = #{meter_last_read,jdbcType=DATE},
			</if>
			<if test="meter != null">
			meter = #{meter,jdbcType=DOUBLE},
			</if>
			<if test="mac_address != null and mac_address != ''">
			mac_address = #{mac_address,jdbcType=VARCHAR},
			</if>
			<if test="lon != null">
			lon = #{lon,jdbcType=DOUBLE},
			</if>
			<if test="locked_out != null">
			locked_out = #{locked_out,jdbcType=Integer},
			</if>
			<if test="loc_maint_manl != null and loc_maint_manl != ''">
			loc_maint_manl = #{loc_maint_manl,jdbcType=VARCHAR},
			</if>
			<if test="loc_column != null and loc_column != ''">
			loc_column = #{loc_column,jdbcType=VARCHAR},
			</if>
			<if test="loc_bay != null and loc_bay != ''">
			loc_bay = #{loc_bay,jdbcType=VARCHAR},
			</if>
			<if test="image_eq_lub != null and image_eq_lub != ''">
			image_eq_lub = #{image_eq_lub,jdbcType=VARCHAR},
			</if>
			<if test="image_eq_elec != null and image_eq_elec != ''">
			image_eq_elec = #{image_eq_elec,jdbcType=VARCHAR},
			</if>
			<if test="image_eq_assy != null and image_eq_assy != ''">
			image_eq_assy = #{image_eq_assy,jdbcType=VARCHAR},
			</if>
			<if test="hardware_address != null and hardware_address != ''">
			hardware_address = #{hardware_address,jdbcType=VARCHAR},
			</if>
			<if test="grp_uid != null and grp_uid != ''">
			grp_uid = #{grp_uid,jdbcType=VARCHAR},
			</if>
			<if test="geo_objectid != null">
			geo_objectid = #{geo_objectid,jdbcType=Integer},
			</if>
			<if test="fl_id != null and fl_id != ''">
			fl_id = #{fl_id,jdbcType=VARCHAR},
			</if>
			<if test="eq_std != null and eq_std != ''">
			eq_std = #{eq_std,jdbcType=VARCHAR},
			</if>
			<if test="doc_sop != null and doc_sop != ''">
			doc_sop = #{doc_sop,jdbcType=VARCHAR},
			</if>
			<if test="dp_id != null and dp_id != ''">
			dp_id = #{dp_id,jdbcType=VARCHAR},
			</if>
			<if test="dv_id != null and dv_id != ''">
			dv_id = #{dv_id,jdbcType=VARCHAR},
			</if>
			<if test="dwgname != null and dwgname != ''">
			dwgname = #{dwgname,jdbcType=VARCHAR},
			</if>
			<if test="ehandle != null and ehandle != ''">
			ehandle = #{ehandle,jdbcType=VARCHAR},
			</if>
			<if test="em_id != null and em_id != ''">
			em_id = #{em_id,jdbcType=VARCHAR},
			</if>
		</set>
		where
			eq_id = #{eq_id}
	</update>

	<sql id="get_eq_ids">
		<foreach collection="ids" item="id" open="(" close=")" separator=",">
			#{id}
		</foreach>
	</sql>

	<!-- 删除记录 -->
	<delete id="deleteByIds" parameterType="java.util.HashMap">
		delete from ${db_schemas}.eq 
			where  eq_id in <include refid="get_eq_ids"></include> 
	</delete>
	
	<delete id="deletes" parameterType="com.hnbits.archibus.base.vo.EqVo">
		delete from ${db_schemas}.eq where 1=2 or (
			<if test="asset_id != null and asset_id != ''">
			asset_id = #{asset_id,jdbcType=VARCHAR} 
			
			</if>
			<if test="bl_id != null and bl_id != ''">
			 and bl_id = #{bl_id,jdbcType=VARCHAR} 
			
			</if>
			<if test="comment_disposal != null and comment_disposal != ''">
			 and comment_disposal = #{comment_disposal,jdbcType=VARCHAR} 
			
			</if>
			<if test="comments != null and comments != ''">
			 and comments = #{comments,jdbcType=VARCHAR} 
			
			</if>
			<if test="condition != null and condition != ''">
			 and condition = #{condition,jdbcType=VARCHAR} 
			
			</if>
			<if test="cost_dep_value != null">
			 and cost_dep_value = #{cost_dep_value,jdbcType=DOUBLE} 
			
			</if>
			<if test="cost_purchase != null">
			 and cost_purchase = #{cost_purchase,jdbcType=DOUBLE} 
			
			</if>
			<if test="cost_replace != null">
			 and cost_replace = #{cost_replace,jdbcType=DOUBLE} 
			
			</if>
			<if test="criticality != null">
			 and criticality = #{criticality,jdbcType=Integer} 
			
			</if>
			<if test="csi_id != null and csi_id != ''">
			 and csi_id = #{csi_id,jdbcType=VARCHAR} 
			
			</if>
			<if test="curr_bl_id != null and curr_bl_id != ''">
			 and curr_bl_id = #{curr_bl_id,jdbcType=VARCHAR} 
			
			</if>
			<if test="curr_fl_id != null and curr_fl_id != ''">
			 and curr_fl_id = #{curr_fl_id,jdbcType=VARCHAR} 
			
			</if>
			<if test="curr_rm_id != null and curr_rm_id != ''">
			 and curr_rm_id = #{curr_rm_id,jdbcType=VARCHAR} 
			
			</if>
			<if test="curr_site_id != null and curr_site_id != ''">
			 and curr_site_id = #{curr_site_id,jdbcType=VARCHAR} 
			
			</if>
			<if test="date_created != null">
			 and date_created = #{date_created,jdbcType=DATE} 
			
			</if>
			<if test="date_disposal != null">
			 and date_disposal = #{date_disposal,jdbcType=DATE} 
			
			</if>
			<if test="date_in_repair != null">
			 and date_in_repair = #{date_in_repair,jdbcType=DATE} 
			
			</if>
			<if test="date_in_service != null">
			 and date_in_service = #{date_in_service,jdbcType=DATE} 
			
			</if>
			<if test="date_in_storage != null">
			 and date_in_storage = #{date_in_storage,jdbcType=DATE} 
			
			</if>
			<if test="date_installed != null">
			 and date_installed = #{date_installed,jdbcType=DATE} 
			
			</if>
			<if test="date_last_surveyed != null">
			 and date_last_surveyed = #{date_last_surveyed,jdbcType=DATE} 
			
			</if>
			<if test="date_manufactured != null">
			 and date_manufactured = #{date_manufactured,jdbcType=DATE} 
			
			</if>
			<if test="date_of_stat_chg != null">
			 and date_of_stat_chg = #{date_of_stat_chg,jdbcType=DATE} 
			
			</if>
			<if test="date_purchased != null">
			 and date_purchased = #{date_purchased,jdbcType=DATE} 
			
			</if>
			<if test="date_salvaged != null">
			 and date_salvaged = #{date_salvaged,jdbcType=DATE} 
			
			</if>
			<if test="date_sold != null">
			 and date_sold = #{date_sold,jdbcType=DATE} 
			
			</if>
			<if test="date_warranty_exp != null">
			 and date_warranty_exp = #{date_warranty_exp,jdbcType=DATE} 
			
			</if>
			<if test="description != null and description != ''">
			 and description = #{description,jdbcType=VARCHAR} 
			
			</if>
			<if test="disposal_type != null and disposal_type != ''">
			 and disposal_type = #{disposal_type,jdbcType=VARCHAR} 
			
			</if>
			<if test="doc_eop != null and doc_eop != ''">
			 and doc_eop = #{doc_eop,jdbcType=VARCHAR} 
			
			</if>
			<if test="doc_loto != null and doc_loto != ''">
			 and doc_loto = #{doc_loto,jdbcType=VARCHAR} 
			
			</if>
			<if test="doc_mop != null and doc_mop != ''">
			 and doc_mop = #{doc_mop,jdbcType=VARCHAR} 
			
			</if>
			<if test="doc_other != null and doc_other != ''">
			 and doc_other = #{doc_other,jdbcType=VARCHAR} 
			
			</if>
			<if test="limit_ctl_low != null">
			 and limit_ctl_low = #{limit_ctl_low,jdbcType=DOUBLE} 
			
			</if>
			<if test="limit_ctl_high != null">
			 and limit_ctl_high = #{limit_ctl_high,jdbcType=DOUBLE} 
			
			</if>
			<if test="limit_alarm_low != null">
			 and limit_alarm_low = #{limit_alarm_low,jdbcType=DOUBLE} 
			
			</if>
			<if test="limit_alarm_high != null">
			 and limit_alarm_high = #{limit_alarm_high,jdbcType=DOUBLE} 
			
			</if>
			<if test="legal_id != null and legal_id != ''">
			 and legal_id = #{legal_id,jdbcType=VARCHAR} 
			
			</if>
			<if test="layer_name != null and layer_name != ''">
			 and layer_name = #{layer_name,jdbcType=VARCHAR} 
			
			</if>
			<if test="lat != null">
			 and lat = #{lat,jdbcType=DOUBLE} 
			
			</if>
			<if test="is_multiplexing != null">
			 and is_multiplexing = #{is_multiplexing,jdbcType=Integer} 
			
			</if>
			<if test="image_spec != null and image_spec != ''">
			 and image_spec = #{image_spec,jdbcType=VARCHAR} 
			
			</if>
			<if test="net_node_name != null and net_node_name != ''">
			 and net_node_name = #{net_node_name,jdbcType=VARCHAR} 
			
			</if>
			<if test="net_id != null and net_id != ''">
			 and net_id = #{net_id,jdbcType=VARCHAR} 
			
			</if>
			<if test="net_card_type != null and net_card_type != ''">
			 and net_card_type = #{net_card_type,jdbcType=VARCHAR} 
			
			</if>
			<if test="net_address_ip != null and net_address_ip != ''">
			 and net_address_ip = #{net_address_ip,jdbcType=VARCHAR} 
			
			</if>
			<if test="net_address != null and net_address != ''">
			 and net_address = #{net_address,jdbcType=VARCHAR} 
			
			</if>
			<if test="modelno != null and modelno != ''">
			 and modelno = #{modelno,jdbcType=VARCHAR} 
			
			</if>
			<if test="mfr != null and mfr != ''">
			 and mfr = #{mfr,jdbcType=VARCHAR} 
			
			</if>
			<if test="meter_usage_per_day != null">
			 and meter_usage_per_day = #{meter_usage_per_day,jdbcType=BIGINT} 
			
			</if>
			<if test="meter_units != null and meter_units != ''">
			 and meter_units = #{meter_units,jdbcType=VARCHAR} 
			
			</if>
			<if test="qty_hrs_run_day != null">
			 and qty_hrs_run_day = #{qty_hrs_run_day,jdbcType=BIGINT} 
			
			</if>
			<if test="qty_dep_period != null">
			 and qty_dep_period = #{qty_dep_period,jdbcType=BIGINT} 
			
			</if>
			<if test="qty_mttr != null">
			 and qty_mttr = #{qty_mttr,jdbcType=DOUBLE} 
			
			</if>
			<if test="qty_mtbf != null">
			 and qty_mtbf = #{qty_mtbf,jdbcType=DOUBLE} 
			
			</if>
			<if test="property_type != null and property_type != ''">
			 and property_type = #{property_type,jdbcType=VARCHAR} 
			
			</if>
			<if test="pr_id != null and pr_id != ''">
			 and pr_id = #{pr_id,jdbcType=VARCHAR} 
			
			</if>
			<if test="policy_id != null and policy_id != ''">
			 and policy_id = #{policy_id,jdbcType=VARCHAR} 
			
			</if>
			<if test="po_line_id != null">
			 and po_line_id = #{po_line_id,jdbcType=Integer} 
			
			</if>
			<if test="po_id != null">
			 and po_id = #{po_id,jdbcType=Integer} 
			
			</if>
			<if test="subcomponent_of != null and subcomponent_of != ''">
			 and subcomponent_of = #{subcomponent_of,jdbcType=VARCHAR} 
			
			</if>
			<if test="status != null and status != ''">
			 and status = #{status,jdbcType=VARCHAR} 
			
			</if>
			<if test="source_time_update != null">
			 and source_time_update = #{source_time_update,jdbcType=DATE} 
			
			</if>
			<if test="source_system_id != null and source_system_id != ''">
			 and source_system_id = #{source_system_id,jdbcType=VARCHAR} 
			
			</if>
			<if test="source_status != null and source_status != ''">
			 and source_status = #{source_status,jdbcType=VARCHAR} 
			
			</if>
			<if test="source_record_id != null and source_record_id != ''">
			 and source_record_id = #{source_record_id,jdbcType=VARCHAR} 
			
			</if>
			<if test="source_feed_comments != null and source_feed_comments != ''">
			 and source_feed_comments = #{source_feed_comments,jdbcType=VARCHAR} 
			
			</if>
			<if test="source_date_update != null">
			 and source_date_update = #{source_date_update,jdbcType=DATE} 
			
			</if>
			<if test="site_id != null and site_id != ''">
			 and site_id = #{site_id,jdbcType=VARCHAR} 
			
			</if>
			<if test="use1 != null and use1 != ''">
			 and use1 = #{use1,jdbcType=VARCHAR} 
			
			</if>
			<if test="time_created != null">
			 and time_created = #{time_created,jdbcType=DATE} 
			
			</if>
			<if test="tc_service != null and tc_service != ''">
			 and tc_service = #{tc_service,jdbcType=VARCHAR} 
			
			</if>
			<if test="tc_pnport_id != null and tc_pnport_id != ''">
			 and tc_pnport_id = #{tc_pnport_id,jdbcType=VARCHAR} 
			
			</if>
			<if test="tc_pn_id != null and tc_pn_id != ''">
			 and tc_pn_id = #{tc_pn_id,jdbcType=VARCHAR} 
			
			</if>
			<if test="tc_level != null and tc_level != ''">
			 and tc_level = #{tc_level,jdbcType=VARCHAR} 
			
			</if>
			<if test="tc_jk_id != null and tc_jk_id != ''">
			 and tc_jk_id = #{tc_jk_id,jdbcType=VARCHAR} 
			
			</if>
			<if test="tc_eqport_id != null and tc_eqport_id != ''">
			 and tc_eqport_id = #{tc_eqport_id,jdbcType=VARCHAR} 
			
			</if>
			<if test="tc_eq_id != null and tc_eq_id != ''">
			 and tc_eq_id = #{tc_eq_id,jdbcType=VARCHAR} 
			
			</if>
			<if test="warranty_id != null and warranty_id != ''">
			 and warranty_id = #{warranty_id,jdbcType=VARCHAR} 
			
			</if>
			<if test="vn_id != null and vn_id != ''">
			 and vn_id = #{vn_id,jdbcType=VARCHAR} 
			
			</if>
			<if test="value_salvage != null">
			 and value_salvage = #{value_salvage,jdbcType=DOUBLE} 
			
			</if>
			<if test="tc_client_server != null and tc_client_server != ''">
			 and tc_client_server = #{tc_client_server,jdbcType=VARCHAR} 
			
			</if>
			<if test="tc_area_level != null and tc_area_level != ''">
			 and tc_area_level = #{tc_area_level,jdbcType=VARCHAR} 
			
			</if>
			<if test="tagged_out != null">
			 and tagged_out = #{tagged_out,jdbcType=Integer} 
			
			</if>
			<if test="ta_lease_id != null and ta_lease_id != ''">
			 and ta_lease_id = #{ta_lease_id,jdbcType=VARCHAR} 
			
			</if>
			<if test="survey_redline_eq != null and survey_redline_eq != ''">
			 and survey_redline_eq = #{survey_redline_eq,jdbcType=VARCHAR} 
			
			</if>
			<if test="survey_photo_eq != null and survey_photo_eq != ''">
			 and survey_photo_eq = #{survey_photo_eq,jdbcType=VARCHAR} 
			
			</if>
			<if test="survey_id != null and survey_id != ''">
			 and survey_id = #{survey_id,jdbcType=VARCHAR} 
			
			</if>
			<if test="survey_comments != null and survey_comments != ''">
			 and survey_comments = #{survey_comments,jdbcType=VARCHAR} 
			
			</if>
			<if test="servcont_id != null and servcont_id != ''">
			 and servcont_id = #{servcont_id,jdbcType=VARCHAR} 
			
			</if>
			<if test="salvaged != null">
			 and salvaged = #{salvaged,jdbcType=Integer} 
			
			</if>
			<if test="rm_id != null and rm_id != ''">
			 and rm_id = #{rm_id,jdbcType=VARCHAR} 
			
			</if>
			<if test="rf_id != null and rf_id != ''">
			 and rf_id = #{rf_id,jdbcType=VARCHAR} 
			
			</if>
			<if test="recovery_status != null and recovery_status != ''">
			 and recovery_status = #{recovery_status,jdbcType=VARCHAR} 
			
			</if>
			<if test="rack_id != null and rack_id != ''">
			 and rack_id = #{rack_id,jdbcType=VARCHAR} 
			
			</if>
			<if test="qty_pms != null">
			 and qty_pms = #{qty_pms,jdbcType=Integer} 
			
			</if>
			<if test="qty_life_expct != null">
			 and qty_life_expct = #{qty_life_expct,jdbcType=Integer} 
			
			</if>
			<if test="pending_action != null and pending_action != ''">
			 and pending_action = #{pending_action,jdbcType=VARCHAR} 
			
			</if>
			<if test="os_type != null and os_type != ''">
			 and os_type = #{os_type,jdbcType=VARCHAR} 
			
			</if>
			<if test="option2 != null and option2 != ''">
			 and option2 = #{option2,jdbcType=VARCHAR} 
			
			</if>
			<if test="option1 != null and option1 != ''">
			 and option1 = #{option1,jdbcType=VARCHAR} 
			
			</if>
			<if test="num_serial != null and num_serial != ''">
			 and num_serial = #{num_serial,jdbcType=VARCHAR} 
			
			</if>
			<if test="num_po != null and num_po != ''">
			 and num_po = #{num_po,jdbcType=VARCHAR} 
			
			</if>
			<if test="num_lease != null and num_lease != ''">
			 and num_lease = #{num_lease,jdbcType=VARCHAR} 
			
			</if>
			<if test="net_sub_mask != null and net_sub_mask != ''">
			 and net_sub_mask = #{net_sub_mask,jdbcType=VARCHAR} 
			
			</if>
			<if test="meter_last_read != null">
			 and meter_last_read = #{meter_last_read,jdbcType=DATE} 
			
			</if>
			<if test="meter != null">
			 and meter = #{meter,jdbcType=DOUBLE} 
			
			</if>
			<if test="mac_address != null and mac_address != ''">
			 and mac_address = #{mac_address,jdbcType=VARCHAR} 
			
			</if>
			<if test="lon != null">
			 and lon = #{lon,jdbcType=DOUBLE} 
			
			</if>
			<if test="locked_out != null">
			 and locked_out = #{locked_out,jdbcType=Integer} 
			
			</if>
			<if test="loc_maint_manl != null and loc_maint_manl != ''">
			 and loc_maint_manl = #{loc_maint_manl,jdbcType=VARCHAR} 
			
			</if>
			<if test="loc_column != null and loc_column != ''">
			 and loc_column = #{loc_column,jdbcType=VARCHAR} 
			
			</if>
			<if test="loc_bay != null and loc_bay != ''">
			 and loc_bay = #{loc_bay,jdbcType=VARCHAR} 
			
			</if>
			<if test="image_eq_lub != null and image_eq_lub != ''">
			 and image_eq_lub = #{image_eq_lub,jdbcType=VARCHAR} 
			
			</if>
			<if test="image_eq_elec != null and image_eq_elec != ''">
			 and image_eq_elec = #{image_eq_elec,jdbcType=VARCHAR} 
			
			</if>
			<if test="image_eq_assy != null and image_eq_assy != ''">
			 and image_eq_assy = #{image_eq_assy,jdbcType=VARCHAR} 
			
			</if>
			<if test="hardware_address != null and hardware_address != ''">
			 and hardware_address = #{hardware_address,jdbcType=VARCHAR} 
			
			</if>
			<if test="grp_uid != null and grp_uid != ''">
			 and grp_uid = #{grp_uid,jdbcType=VARCHAR} 
			
			</if>
			<if test="geo_objectid != null">
			 and geo_objectid = #{geo_objectid,jdbcType=Integer} 
			
			</if>
			<if test="fl_id != null and fl_id != ''">
			 and fl_id = #{fl_id,jdbcType=VARCHAR} 
			
			</if>
			<if test="eq_std != null and eq_std != ''">
			 and eq_std = #{eq_std,jdbcType=VARCHAR} 
			
			</if>
			<if test="doc_sop != null and doc_sop != ''">
			 and doc_sop = #{doc_sop,jdbcType=VARCHAR} 
			
			</if>
			<if test="dp_id != null and dp_id != ''">
			 and dp_id = #{dp_id,jdbcType=VARCHAR} 
			
			</if>
			<if test="dv_id != null and dv_id != ''">
			 and dv_id = #{dv_id,jdbcType=VARCHAR} 
			
			</if>
			<if test="dwgname != null and dwgname != ''">
			 and dwgname = #{dwgname,jdbcType=VARCHAR} 
			
			</if>
			<if test="ehandle != null and ehandle != ''">
			 and ehandle = #{ehandle,jdbcType=VARCHAR} 
			
			</if>
			<if test="em_id != null and em_id != ''">
			 and em_id = #{em_id,jdbcType=VARCHAR} 
			
			</if>
			<if test="eq_id != null and eq_id != ''">
			 and eq_id = #{eq_id,jdbcType=VARCHAR} 
			
			</if>
		)
	</delete>
</mapper>   
