<?xml version="1.0" encoding="UTF-8"?>
<!DOCTYPE mapper PUBLIC "-//mybatis.org//DTD Mapper 3.0//EN" "http://mybatis.org/dtd/mybatis-3-mapper.dtd">
<mapper namespace="com.hnbits.archibus.base.dao.InspectionRuleDao">
	<!-- $!{tableName} table all fields -->
	<sql id="sql_query_columns">
		a.rule_id,
		a.category,
		a.bl_id,
		a.fl_id,
		a.rm_id,
		a.rule_type,
		a.rule_unit,
		a.rule_num,
		a.work_time,
		a.state,
		a.create_time,
		a.create_user,
		a.check_time,
		a.check_user,
		a.recheck_time,
		a.recheck_user
		
	</sql>

	<!-- 表关联 -->
	<sql id="sql_join_clause">
	</sql>
	<!-- 查询条件 -->
	<sql id="sql_where_clause">
		<where>
			<!-- 主表字段作为查询条件 -->
			<if test="rule_id != null and rule_id != ''">
				and a.rule_id = #{rule_id}
			</if>
			<if test="category != null and category != ''">
				and a.category = #{category}
			</if>
			<if test="bl_id != null and bl_id != ''">
				and a.bl_id = #{bl_id}
			</if>
			<if test="fl_id != null and fl_id != ''">
				and a.fl_id = #{fl_id}
			</if>
			<if test="rm_id != null and rm_id != ''">
				and a.rm_id = #{rm_id}
			</if>
			<if test="rule_type != null and rule_type != ''">
				and a.rule_type = #{rule_type}
			</if>
			<if test="rule_unit != null and rule_unit != ''">
				and a.rule_unit = #{rule_unit}
			</if>
			<if test="rule_num != null and rule_num != ''">
				and a.rule_num = #{rule_num}
			</if>
			<if test="work_time != null">
				and a.work_time &gt;= #{work_time}
			</if>
			<if test="state != null and state != ''"> 
				and a.state = #{state}
			 </if> 
			<if test="create_time != null">
				and a.create_time = #{create_time}
			</if>
			<if test="create_user != null and create_user != ''">
				and a.create_user = #{create_user}
			</if>
			<if test="check_time != null">
				and a.check_time = #{check_time}
			</if>
			<if test="check_user != null and check_user != ''">
				and a.check_user = #{check_user}
			</if>
			<if test="recheck_time != null">
				and a.recheck_time = #{recheck_time}
			</if>
			<if test="recheck_user != null and recheck_user != ''">
				and a.recheck_user = #{recheck_user}
			</if>
			
			<!-- 引用其它表字段作为查询条件 -->
		</where>
	</sql>
	
	<select id="queryCount" resultType="long" parameterType="com.hnbits.archibus.base.vo.InspectionRuleVo">
		select count(1) from ${db_schemas}.inspection_rule a
		<include refid="sql_join_clause" />
		<include refid="sql_where_clause" />
	</select>
	
	<select id="queryList" resultType="com.hnbits.archibus.base.vo.InspectionRuleVo" parameterType="com.hnbits.archibus.base.vo.InspectionRuleVo">
				<!-- select tab.* from (
				select 
				<include refid="sql_query_columns" />
				from ${db_schemas}.inspection_rule a
				<include refid="sql_join_clause" />
				<include refid="sql_where_clause" />
				) tab  -->
		<choose>
			<when test="pagestartno != null and pagesize !=null">
				select top ${pagesize} o.* from (select row_number() over(order by create_time) as rownumber,* from(
				select
				<include refid="sql_query_columns" />
				from ${db_schemas}.inspection_rule a
				<include refid="sql_where_clause" />
				)t) o where rownumber > ${pagestartno}
			</when>
			<otherwise>
				select tab.* from (
				select
				<include refid="sql_query_columns" />
				from ${db_schemas}.inspection_rule a 
				<include refid="sql_where_clause" />
				) tab order by create_time desc
			</otherwise>
		</choose>
	</select>
	
	
	<select id="queryAllCategory" resultType="com.hnbits.archibus.base.vo.InspectionRuleVo" parameterType="com.hnbits.archibus.base.vo.InspectionRuleVo">
				select a.category,a.category as rule_id from ${db_schemas}.eqstd a
				group by a.category
				
	</select>
	
	<select id="queryFlByBl" resultType="com.hnbits.archibus.base.vo.FlVo" parameterType="com.hnbits.archibus.base.vo.InspectionRuleVo">
				select a.fl_id,a.name  from ${db_schemas}.fl a where a.bl_id like concat(concat('%',#{bl_id}),'%')
	</select>
	
	<select id="queryRmByFl" resultType="com.hnbits.archibus.base.vo.RmVo" parameterType="com.hnbits.archibus.base.vo.InspectionRuleVo">
				select a.rm_id  from ${db_schemas}.rm a where a.bl_id like concat(concat('%',#{bl_id}),'%') and a.fl_id = #{fl_id}
	</select>
	
	<!-- 插入记录 -->
	<insert id="insert" parameterType="com.hnbits.archibus.base.vo.InspectionRuleVo">
		<selectKey resultType="java.lang.String" order="BEFORE" keyProperty="rule_id">
			SELECT REPLACE(newId(),'-','') AS rule_id
		</selectKey>
		insert into ${db_schemas}.inspection_rule(
		rule_id
			<if test="category != null and category != ''">
				,category
			</if>
			<if test="bl_id != null and bl_id != ''">
				,bl_id
			</if>
			<if test="fl_id != null and fl_id != ''">
				,fl_id
			</if>
			<if test="rm_id != null and rm_id != ''">
				,rm_id
			</if>
			<if test="rule_type != null and rule_type != ''">
				,rule_type
			</if>
			<if test="rule_unit != null and rule_unit != ''">
				,rule_unit
			</if>
			<if test="rule_num != null and rule_num != ''">
				,rule_num
			</if>
			<if test="work_time != null">
				,work_time
			</if>
			<if test="state != null and state != ''">
				,state
			</if>
			<if test="create_time != null">
				,create_time 
			</if>
			<if test="create_user != null and create_user != ''">
				,create_user 
			</if>
			<if test="check_time != null ">
				,check_time 
			</if>
			<if test="check_user != null and check_user != ''">
				,check_user 
			</if>
			<if test="recheck_time != null ">
				,recheck_time 
			</if>
			<if test="recheck_user != null and recheck_user != ''">
				,recheck_user 
			</if>
		) values(
			#{rule_id,jdbcType=VARCHAR}
			<if test="category != null and category != ''">
				,#{category,jdbcType=VARCHAR}
			</if>
			<if test="bl_id != null and bl_id != ''">
				,#{bl_id,jdbcType=VARCHAR}
			</if>
			<if test="fl_id != null and fl_id != ''">
				,#{fl_id,jdbcType=VARCHAR}
			</if>
			<if test="rm_id != null and rm_id != ''">
				,#{rm_id,jdbcType=VARCHAR}
			</if>
			<if test="rule_type != null and rule_type != ''">
				,#{rule_type,jdbcType=VARCHAR}
			</if>
			<if test="rule_unit != null and rule_unit != ''">
				,#{rule_unit,jdbcType=VARCHAR}
			</if>
			<if test="rule_num != null and rule_num != ''">
				,#{rule_num,jdbcType=VARCHAR}
			</if>
			<if test="work_time != null">
				,#{work_time,jdbcType=DATE}
			</if>
			<if test="state != null  and state != ''">
				,#{state,jdbcType=VARCHAR}
			</if>
			<if test="create_time != null">
				,#{create_time,jdbcType=DATE}
			</if>
			<if test="create_user != null and create_user != ''">
				,#{create_user,jdbcType=VARCHAR} 
			</if>
			<if test="check_time != null">
				,#{check_time,jdbcType=DATE} 
			</if>
			<if test="check_user != null and check_user != ''">
				,#{check_user,jdbcType=VARCHAR}  
			</if>
			<if test="recheck_time != null ">
				,#{recheck_time,jdbcType=DATE}  
			</if>
			<if test="recheck_user != null and recheck_user != ''">
				,#{recheck_user,jdbcType=VARCHAR} 
			</if>
		)
	</insert>

   <select id="queryOne" resultType="com.hnbits.archibus.base.vo.InspectionRuleVo" parameterType="com.hnbits.archibus.base.vo.InspectionRuleVo">
		select
		<include refid="sql_query_columns" />
		from ${db_schemas}.inspection_rule a
		where a.rule_id = #{rule_id,jdbcType=VARCHAR}
	</select>
	
	<!-- 根据id，修改记录 -->
	<update id="update" parameterType="com.hnbits.archibus.base.vo.InspectionRuleVo">
		update ${db_schemas}.inspection_rule 
		<set>
		<if test="category != null and category != ''">
				 category = #{category},
			</if>
			<if test="bl_id != null and bl_id != ''">
				 bl_id = #{bl_id},
			</if>
			<if test="fl_id != null and fl_id != ''">
				 fl_id = #{fl_id},
			</if>
			<if test="rm_id != null and rm_id != ''">
				 rm_id = #{rm_id},
			</if>
			<if test="rule_type != null and rule_type != ''">
				 rule_type = #{rule_type},
			</if>
			<if test="rule_unit != null and rule_unit != ''">
				 rule_unit = #{rule_unit},
			</if>
			<if test="rule_num != null and rule_num != ''">
				 rule_num = #{rule_num},
			</if>
			<if test="work_time != null">
				 work_time = #{work_time},
			</if>
			<if test="state != null and state != ''">
				 state = #{state},
			</if>
			<if test="create_time != null">
				 create_time = #{create_time},
			</if>
			<if test="create_user != null and create_user != ''">
				 create_user = #{create_user},
			</if>
			<if test="check_time != null">
				 check_time = #{check_time},
			</if>
			<if test="check_user != null and check_user != ''">
				 check_user = #{check_user},
			</if>
			<if test="recheck_time != null">
				 recheck_time = #{recheck_time},
			</if>
			<if test="recheck_user != null and recheck_user != ''">
				 recheck_user = #{recheck_user},
			</if>
		</set>
		where
			rule_id = #{rule_id}
	</update>
	
	 <select id="queryEqList" resultType="com.hnbits.archibus.base.vo.EqVo" parameterType="com.hnbits.archibus.base.vo.InspectionRuleVo">
		select
		e.*
		from ZSY.afm.eq e
		 <where>
			<if test="category != null and category != ''">
				and e.category = #{category}
			</if>
			<if test="bl_id != null and bl_id != ''">
				and e.bl_id  like concat(concat('%',#{bl_id}),'%')
			</if>
			<if test="fl_id != null and fl_id != ''">
				and e.fl_id = #{fl_id}
			</if>
			<!-- <if test="rm_id != null and rm_id != ''">
				and e.rm_id = #{rm_id}
			</if> -->
			<if test="list != null and list.size() != 0">
			    and e.rm_id in
			    <foreach item="item" index="index" collection="list" open="(" separator="," close=")">  
			        #{item}  
			    </foreach> 
			</if>
		</where> 
	</select>
	
	<sql id="get_bl_ids">
		<foreach collection="ids" item="id" open="(" close=")" separator=",">
			#{id}
		</foreach>
	</sql>

	<!-- 删除记录 -->
	<delete id="deleteByIds" parameterType="java.util.HashMap">
		delete from ${db_schemas}.inspection_rule 
			where  rule_id in <include refid="get_bl_ids"></include> 
	</delete>
	
	<delete id="deletes" parameterType="com.hnbits.archibus.base.vo.InspectionRuleVo">
		delete from ${db_schemas}.inspection_rule where 1=2 or (
			<if test="category != null and category != ''">
				and #{category,jdbcType=VARCHAR}
			</if>
			<if test="bl_id != null and bl_id != ''">
				and #{bl_id,jdbcType=VARCHAR}
			</if>
			<if test="fl_id != null and fl_id != ''">
				and #{fl_id,jdbcType=VARCHAR}
			</if>
			<if test="rm_id != null and rm_id != ''">
				and #{rm_id,jdbcType=VARCHAR}
			</if>
			<if test="rule_type != null and rule_type != ''">
				and #{rule_type,jdbcType=VARCHAR}
			</if>
			<if test="rule_unit != null and rule_unit != ''">
				and #{rule_unit,jdbcType=VARCHAR}
			</if>
			<if test="rule_num != null and rule_num != ''">
				and #{rule_num,jdbcType=VARCHAR}
			</if>
			<if test="work_time != null">
				and #{work_time,jdbcType=DATE}
			</if>
			<if test="state != null and state != ''">
				and #{state,jdbcType=VARCHAR}
			</if>
			<if test="create_time != null">
				and #{create_time,jdbcType=DATE}
			</if>
			<if test="create_user != null and create_user != ''">
				and #{create_user,jdbcType=VARCHAR} 
			</if>
			<if test="check_time != null">
				and #{check_time,jdbcType=DATE} 
			</if>
			<if test="check_user != null and check_user != ''">
				and #{check_user,jdbcType=VARCHAR}  
			</if>
			<if test="recheck_time != null ">
				and #{recheck_time,jdbcType=DATE}  
			</if>
			<if test="recheck_user != null and recheck_user != ''">
				and #{recheck_user,jdbcType=VARCHAR} 
			</if>
			)
	</delete>	

	<delete id="deleteOrdersByruleId" parameterType="com.hnbits.archibus.base.vo.InspectionRuleVo">
			delete from ${db_schemas}.work_order 
			where  rule_id = #{rule_id,jdbcType=VARCHAR}
	</delete>
</mapper>   
