<?xml version="1.0" encoding="UTF-8"?>
<!DOCTYPE mapper PUBLIC "-//mybatis.org//DTD Mapper 3.0//EN" "http://mybatis.org/dtd/mybatis-3-mapper.dtd">
<mapper namespace="com.hnbits.archibus.base.dao.LsDao">
	<!-- $!{tableName} table all fields -->
	<sql id="sql_query_columns">
		a.ls_id,
		a.description,
		a.use_as_template,		a.bl_id,		a.pr_id,
		a.ac_id
	</sql>

	<!-- 表关联 -->
	<sql id="sql_join_clause">
	
	</sql>
	<!-- 查询条件 -->
	<sql id="sql_where_clause">
		<where>
			<!-- 主表字段作为查询条件 -->
			<if test="ls_id != null and ls_id !=''">
				and a.ls_id = #{ls_id}
			</if>
			<if test="description != null and description !=''">
				and a.description like concat('%',concat(#{description},'%'))
			</if>
			<if test="use_as_template != null">
				and a.use_as_template = #{use_as_template}
			</if>
			<if test="bl_id != null and bl_id != ''">
				and a.bl_id = #{bl_id}
			</if>
			<if test="pr_id != null and pr_id != ''">
				and a.pr_id = #{pr_id}
			</if>
			<if test="ac_id != null and ac_id != ''">
				and a.ac_id = #{ac_id}
			</if>
			<!-- 引用其它表字段作为查询条件 -->
		</where>
	</sql>

	<select id="queryOne" resultType="com.hnbits.archibus.base.vo.LsVo" parameterType="com.hnbits.archibus.base.vo.LsVo">
		select
		<include refid="sql_query_columns" />
		from ${db_schemas}.ls a
		<include refid="sql_join_clause" />
		<include refid="sql_where_clause" />
	</select>

	<!-- $r{codeName} 列表总数 -->
	<select id="queryCount" resultType="long" parameterType="com.hnbits.archibus.base.vo.LsVo">
		select count(1) from ${db_schemas}.ls a
		<include refid="sql_join_clause" />
		<include refid="sql_where_clause" />
	</select>

	<!-- 查询$r{codeName}列表 -->
	<select id="queryList" resultType="com.hnbits.archibus.base.vo.LsVo" parameterType="com.hnbits.archibus.base.vo.LsVo">
		<choose>
			<when test="pagestartno != null and pagesize !=null">
				select top ${pagesize} o.* from (select row_number() over(order by ls_id desc) as rownumber,* from(
				select 
				<include refid="sql_query_columns" />
				from ${db_schemas}.ls a
				<include refid="sql_join_clause" />
				<include refid="sql_where_clause" />
				) t) o where rownumber > ${pagestartno}
			</when>
			<otherwise>
				select tab.* from (
				select 
				<include refid="sql_query_columns" />
				from ${db_schemas}.ls a
				<include refid="sql_join_clause" />
				<include refid="sql_where_clause" />
				) tab 
			</otherwise>
		</choose>
	</select>
</mapper>   
