<?xml version="1.0" encoding="UTF-8"?>
<!DOCTYPE mapper PUBLIC "-//mybatis.org//DTD Mapper 3.0//EN" "http://mybatis.org/dtd/mybatis-3-mapper.dtd">
<mapper namespace="com.hnbits.archibus.base.dao.WorkOrderInfoDao">
<!-- $!{tableName} table all fields -->
	<sql id="sql_query_columns">
    a.info_id,
    a.work_id,
    a.date_time,
    a.user_name,
    a.state,
    a.description,
    a.solution,
    a.pre_measure
	</sql>
	
	<!-- 表关联 -->
	<sql id="sql_join_clause">
	left join ${db_schemas}.work_order b on a.work_id=b.work_id 
	</sql>
	<!-- 查询条件 -->
	<sql id="sql_where_clause">
	<where>
		a.work_id = #{work_id}
	</where>
	</sql>
	
	<select id="queryOne" resultType="com.hnbits.archibus.base.vo.WorkOrderInfoVo" parameterType="com.hnbits.archibus.base.vo.RmVo">
		select
		<include refid="sql_query_columns" />
		from ${db_schemas}.work_order_info a
		<include refid="sql_join_clause" />
		<include refid="sql_where_clause" />
	</select>

	<!-- $r{codeName} 列表总数 -->
	<select id="queryCount" resultType="long" parameterType="com.hnbits.archibus.base.vo.WorkOrderInfoVo">
		select count(1) from ${db_schemas}.work_order_info a
		<include refid="sql_join_clause" />
		<include refid="sql_where_clause" />
	</select>

	<!-- 查询$r{codeName}列表 -->
	<select id="queryList" resultType="com.hnbits.archibus.base.vo.WorkOrderInfoVo" parameterType="com.hnbits.archibus.base.vo.WorkOrderInfoVo">
		<choose>
			<when test="pagestartno != null and pagesize !=null and pagesize >=0">
				select top ${pagesize} o.* from (select row_number() over(order by date_time desc) as rownumber,* from(
				select 
				<include refid="sql_query_columns" />
				from ${db_schemas}.work_order_info a
				<include refid="sql_join_clause" />
				<include refid="sql_where_clause" />
				) t) o where rownumber > #{pagestartno}
			</when>
			<otherwise>
				select tab.* from (
				select 
				<include refid="sql_query_columns" />
				from ${db_schemas}.work_order_info a
				<include refid="sql_join_clause" />
				<include refid="sql_where_clause" />
				) tab order by date_time desc
			</otherwise>
		</choose>
	</select>
	
	<!-- 插入记录 -->
	<insert id="insert" parameterType="com.hnbits.archibus.base.vo.WorkOrderInfoVo">
		<selectKey resultType="java.lang.String" order="BEFORE" keyProperty="info_id">
			SELECT REPLACE(newId(),'-','')
		</selectKey>
		insert into ${db_schemas}.work_order_info(
		info_id
			<if test="work_id != null">
			,work_id
			</if>
			<if test="date_time != null">
			,date_time
			</if>
			<if test="user_name != null">
			,user_name
			</if>
			<if test="state != null">
			,state
			</if>
			<if test="description != null and description != ''">
			,description
			</if>
			<if test="solution != null and solution != ''">
			,solution
			</if>
			<if test="pre_measure != null and pre_measure != ''">
			,pre_measure
			</if>
		) values(
		#{info_id,jdbcType=VARCHAR}
			<if test="work_id != null">
			,#{work_id,jdbcType=VARCHAR}
			</if>
			<if test="date_time != null">
			,#{date_time,jdbcType=DATE}
			</if>
			<if test="user_name != null">
			,#{user_name,jdbcType=VARCHAR}
			</if>
			<if test="state != null">
			,#{state,jdbcType=INTEGER}
			</if>
			<if test="description != null and description != ''">
			,#{description,jdbcType=VARCHAR}
			</if>
			<if test="solution != null and solution != ''">
			,#{solution,jdbcType=VARCHAR}
			</if>
			<if test="pre_measure != null and pre_measure != ''">
			,#{pre_measure,jdbcType=VARCHAR}
			</if>
		)
	</insert>
	
	<!-- 删除记录 -->
	<sql id="get_info_ids">
		<foreach collection="ids" item="id" open="(" close=")" separator=",">
			#{id}
		</foreach>
	</sql>
	
	<delete id="deleteByIds" parameterType="java.util.HashMap">
		delete from ${db_schemas}.work_order_info
			where  info_id in <include refid="get_info_ids"></include> 
	</delete>
	
	<delete id="deletes" parameterType="com.hnbits.archibus.base.vo.WorkOrderInfoVo">
		delete from ${db_schemas}.work_order_info where 1=2 or (
			<if test="info_id != null">
				and info_id = #{info_id,jdbcType=VARCHAR}
			</if>
			<if test="work_id != null">
				and work_id = #{work_id,jdbcType=VARCHAR}
			</if>
			<if test="date_time != null">
				and date_time = #{date_time,jdbcType=DATE}
			</if>
			<if test="user_name != null">
				and user_name = #{user_name,jdbcType=VARCHAR}
			</if>
			<if test="description != null">
				and description = #{description,jdbcType=VARCHAR}
			</if>
			<if test="solution != null">
				and solution = #{solution,jdbcType=VARCHAR}
			</if>
			<if test="pre_measure != null">
				and pre_measure = #{pre_measure,jdbcType=VARCHAR}
			</if>
			<if test="state != null and state != ''">
				and state = #{state,jdbcType=INTEGER}
			</if>
		)
	</delete>
</mapper>