<?xml version="1.0" encoding="UTF-8"?>
<!DOCTYPE mapper PUBLIC "-//mybatis.org//DTD Mapper 3.0//EN" "http://mybatis.org/dtd/mybatis-3-mapper.dtd">
<mapper namespace="com.hnbits.archibus.base.dao.WorkOrderDao">
	<!-- $!{tableName} table all fields -->
	<sql id="sql_query_columns">
    a.work_id,
    a.rule_id,	
    a.work_type,	
    a.create_time,	
    a.supervisor,	
    a.category,	
    a.bl_id,	
    a.fl_id,	
    a.rm_id,	
    a.eq_id,	
    a.eq_name,	
    a.pro_level,
    a.problem_des,	
    a.state	
	</sql>

	<!-- 表关联 -->
	<sql id="sql_join_clause">
	</sql>
	<!-- 查询条件 -->
	<sql id="sql_where_clause">
		<where>
			<!-- 主表字段作为查询条件 -->
			<if test="work_id != null and work_id != ''">
				and a.work_id like CONCAT('%',#{work_id},'%')
			</if>
			<if test="rule_id != null and rule_id != ''">
				and a.rule_id = #{rule_id}
			</if>
			<if test="work_type != null and work_type != ''">
				and a.work_type = #{work_type}
			</if>
			<!-- <if test="create_time != null and create_time != ''">
				and a.create_time = #{create_time}
			</if> -->
			<if test="start_time != null and start_time != '' and end_time != null and end_time != ''">
				and a.create_time between #{start_time} and #{end_time}
			</if>
			<if test="supervisor != null and supervisor != ''">
				and a.supervisor like CONCAT('%',#{supervisor},'%')
			</if>
			<if test="category != null and category != ''">
				and a.category = #{category}
			</if>
			<if test="bl_id != null and bl_id != ''">
				and a.bl_id = #{bl_id}
			</if>
			<if test="fl_id != null and fl_id != ''">
				and a.fl_id = #{fl_id}
			</if>
			<if test="rm_id != null and rm_id != ''">
				and a.rm_id = #{rm_id}
			</if>
			<if test="eq_id != null and eq_id != ''">
				and a.eq_id like CONCAT('%',#{eq_id},'%')
			</if>
			<if test="eq_name != null and eq_name != ''">
				and a.eq_name like CONCAT('%',#{eq_name},'%')
			</if>
			<if test="pro_level != null and pro_level != ''">
				and a.pro_level like CONCAT('%',#{pro_level},'%')
			</if>
			<if test="problem_des != null and problem_des != ''">
				and a.problem_des = #{problem_des}
			</if>
			<if test="state != null and state != ''">
				and a.state = #{state}
			</if>
			<!-- 引用其它表字段作为查询条件 -->
		</where>
	</sql>

	<select id="queryOne" resultType="com.hnbits.archibus.base.vo.WorkOrderVo" parameterType="com.hnbits.archibus.base.vo.WorkOrderVo">
		select
		<include refid="sql_query_columns" />
		from ${db_schemas}.work_order a where a.work_id = #{work_id}
		<include refid="sql_join_clause" />
		<!-- <include refid="sql_where_clause" /> -->
	</select>

	<!-- $r{codeName} 列表总数 -->
	<select id="queryCount" resultType="long" parameterType="com.hnbits.archibus.base.vo.WorkOrderVo">
		select count(1) from ${db_schemas}.work_order a
		<include refid="sql_join_clause" />
		<include refid="sql_where_clause" />
	</select>

	<!-- 查询$r{codeName}列表 -->
	<select id="queryList" resultType="com.hnbits.archibus.base.vo.WorkOrderVo" parameterType="com.hnbits.archibus.base.vo.WorkOrderVo">
		<choose>
			<when test="pagestartno != null and pagesize !=null and pagesize >=0">
				select top ${pagesize} o.* from (select row_number() over(order by work_id desc) as rownumber,* from(
				select 
				<include refid="sql_query_columns" />
				from ${db_schemas}.work_order a
				<include refid="sql_join_clause" />
				<include refid="sql_where_clause" />
				) t) o where rownumber > #{pagestartno}
			</when>
			<otherwise>
				select tab.* from (
				select 
				<include refid="sql_query_columns" />
				from ${db_schemas}.work_order a
				<include refid="sql_join_clause" />
				<include refid="sql_where_clause" />
				) tab 
			</otherwise>
		</choose>
	</select>

	<!-- 插入记录 -->
	<insert id="insert" parameterType="com.hnbits.archibus.base.vo.WorkOrderVo">
		<selectKey resultType="java.lang.String" order="BEFORE" keyProperty="work_id">
			SELECT REPLACE(newId(),'-','')
		</selectKey>
		insert into ${db_schemas}.work_order(
		work_id
			<if test="rule_id != null">
			,rule_id
			</if>
			<if test="work_type != null">
			,work_type
			</if>
			<if test="create_time != null">
			,create_time
			</if>
			<if test="supervisor != null">
			,supervisor
			</if>
			<if test="category != null and category != ''">
			,category
			</if>
			<if test="bl_id != null and bl_id != ''">
			,bl_id
			</if>
			<if test="fl_id != null and fl_id != ''">
			,fl_id
			</if>
			<if test="rm_id != null">
			,rm_id
			</if>
			<if test="eq_id != null and eq_id != ''">
			,eq_id
			</if>
			<if test="eq_name != null and eq_name != ''">
			,eq_name
			</if>
			<if test="pro_level != null">
			,pro_level
			</if>
			<if test="problem_des != null and problem_des != ''">
			,problem_des
			</if>
			<if test="state != null and state != ''"> 
			,state
			</if>
		) values(
		#{work_id,jdbcType=VARCHAR}
			<if test="rule_id != null">
			,#{rule_id,jdbcType=VARCHAR}
			</if>
			<if test="work_type != null">
			,#{work_type,jdbcType=VARCHAR}
			</if>
			<if test="create_time != null">
			,#{create_time,jdbcType=DATE}
			</if>
			<if test="supervisor != null">
			,#{supervisor,jdbcType=VARCHAR}
			</if>
			<if test="category != null and category != ''">
			,#{category,jdbcType=VARCHAR}
			</if>
			<if test="bl_id != null and bl_id != ''">
			,#{bl_id,jdbcType=VARCHAR}
			</if>
			<if test="fl_id != null and fl_id != ''">
			,#{fl_id,jdbcType=VARCHAR}
			</if>
			<if test="rm_id != null">
			,#{rm_id,jdbcType=VARCHAR}
			</if>
			<if test="eq_id != null and eq_id != ''">
			,#{eq_id,jdbcType=VARCHAR}
			</if>
			<if test="eq_name != null and eq_name != ''">
			,#{eq_name,jdbcType=VARCHAR}
			</if>
			<if test="pro_level != null">
			,#{pro_level,jdbcType=VARCHAR}
			</if>
			<if test="problem_des != null and problem_des != ''">
			,#{problem_des,jdbcType=VARCHAR}
			</if>
		    <if test="state != null and state != ''"> 
			,#{state,jdbcType=INTEGER}
			 </if> 
		)
	</insert>
	
	<!-- 根据id，修改记录 -->
	<update id="update" parameterType="com.hnbits.archibus.base.vo.WorkOrderVo">
		update ${db_schemas}.work_order
		<set>
			<if test="rule_id != null and rule_id != ''">
				rule_id = #{rule_id,jdbcType=VARCHAR},
			</if>
			<if test="work_type != null and work_type != ''">
				work_type = #{work_type,jdbcType=VARCHAR},
			</if>
			<if test="create_time != null">
				create_time = #{create_time,jdbcType=DATE},
			</if>
			<if test="supervisor != null and supervisor != ''">
				supervisor = #{supervisor,jdbcType=VARCHAR},
			</if>
			<if test="category != null and category != ''">
				category = #{category,jdbcType=VARCHAR},
			</if>
			<if test="bl_id != null and bl_id != ''">
				bl_id = #{bl_id,jdbcType=VARCHAR},
			</if>
			<if test="fl_id != null and fl_id != ''">
				fl_id = #{fl_id,jdbcType=VARCHAR},
			</if>
			<if test="rm_id != null and rm_id != ''">
				rm_id = #{rm_id,jdbcType=VARCHAR},
			</if>
			<if test="eq_id != null and eq_id != ''">
				eq_id = #{eq_id,jdbcType=VARCHAR},
			</if>
			<if test="eq_name != null and eq_name != ''">
				eq_name = #{eq_name,jdbcType=VARCHAR},
			</if>
			<if test="pro_level != null and pro_level != ''">
				pro_level = #{pro_level,jdbcType=VARCHAR},
			</if>
			<if test="problem_des != null and problem_des != ''">
				problem_des = #{problem_des,jdbcType=VARCHAR},
			</if>
			<if test="state != null and state != ''">
				state = #{state,jdbcType=INTEGER},
			</if>
		</set>
		where
			work_id = #{work_id}
	</update>
	
	<sql id="get_work_ids">
		<foreach collection="ids" item="id" open="(" close=")" separator=",">
			#{id}
		</foreach>
	</sql>
	
	<!-- 删除记录 -->
	<delete id="deleteByIds" parameterType="java.util.HashMap">
		delete from ${db_schemas}.work_order 
			where  work_id in <include refid="get_work_ids"></include> 
	</delete>
	
	<delete id="deletes" parameterType="com.hnbits.archibus.base.vo.WorkOrderVo">
		delete from ${db_schemas}.work_order where 1=2 or (
			<if test="work_id != null">
				and work_id = #{work_id,jdbcType=VARCHAR}
			</if>
			<if test="rule_id != null">
				and rule_id = #{rule_id,jdbcType=VARCHAR}
			</if>
			<if test="work_type != null">
				and work_type = #{work_type,jdbcType=VARCHAR}
			</if>
			<if test="create_time != null">
				and create_time = #{create_time,jdbcType=DATE}
			</if>
			<if test="supervisor != null">
				and supervisor = #{supervisor,jdbcType=VARCHAR}
			</if>
			<if test="category != null">
				and category = #{category,jdbcType=VARCHAR}
			</if>
			<if test="bl_id != null">
				and bl_id = #{bl_id,jdbcType=VARCHAR}
			</if>
			<if test="fl_id != null">
				and fl_id = #{fl_id,jdbcType=VARCHAR}
			</if>
			<if test="rm_id != null">
				and rm_id = #{rm_id,jdbcType=VARCHAR}
			</if>
			<if test="eq_id != null">
				and eq_id = #{eq_id,jdbcType=VARCHAR}
			</if>
			<if test="eq_name != null">
				and eq_name = #{eq_name,jdbcType=VARCHAR}
			</if>
			<if test="pro_level != null">
				and pro_level = #{pro_level,jdbcType=VARCHAR}
			</if>
			<if test="problem_des != null and problem_des != ''">
				and problem_des = #{problem_des,jdbcType=VARCHAR}
			</if>
			<if test="state != null and state != ''">
				and state = #{state,jdbcType=INTEGER}
			</if>
		)
	</delete>
</mapper>