<beans xmlns="http://www.springframework.org/schema/beans" xmlns:xsi="http://www.w3.org/2001/XMLSchema-instance"
	xmlns:p="http://www.springframework.org/schema/p" xmlns:tx="http://www.springframework.org/schema/tx" xmlns:aop="http://www.springframework.org/schema/aop"
	xmlns:util="http://www.springframework.org/schema/util" xmlns:context="http://www.springframework.org/schema/context"
	xsi:schemaLocation="http://www.springframework.org/schema/beans http://www.springframework.org/schema/beans/spring-beans-4.1.xsd
	 	http://www.springframework.org/schema/tx http://www.springframework.org/schema/tx/spring-tx-4.1.xsd
	 	http://www.springframework.org/schema/context http://www.springframework.org/schema/context/spring-context-4.1.xsd 
	 	http://www.springframework.org/schema/util http://www.springframework.org/schema/util/spring-util-4.1.xsd
	 	http://www.springframework.org/schema/aop http://www.springframework.org/schema/aop/spring-aop-4.1.xsd">

	<!-- 默认扫描的包路径 -->
	<context:component-scan base-package="com.hnbits" use-default-filters="true"></context:component-scan>

	<util:properties id="jdbc" location="classpath:jdbc-mssql.properties" local-override="true" />

	<util:properties id="activiti" location="classpath:activiti.properties" local-override="true" />
	<!-- 非Serverlet环境下freemarker配置 -->
	<util:properties id="freemarker" location="classpath:freemarker.properties" local-override="true" />

	<util:properties id="commonConfig" location="classpath:common-config.properties" local-override="true" />

	<util:properties id="commonMessage" location="classpath:common-message-cn.properties" local-override="true" />

	<context:property-placeholder location="classpath:jdbc-mssql.properties" ignore-unresolvable="true" />
	<!-- Serverlet环境下freemarker配置 -->
	<context:property-placeholder location="classpath:freemarker.properties"
		ignore-unresolvable="true" />

	<!-- 导入其它spring配置文件 -->
	<import resource="classpath:applicationContext-mvc.xml" />
	<import resource="classpath:applicationContext-jta.xml" />

	<!-- 持有spring上下文的bean -->
	<bean class="com.hnbits.util.SpringContextUtil" />

	<!-- 启动@AspectJ支持 -->
	<aop:aspectj-autoproxy expose-proxy="false" proxy-target-class="true" />

</beans>