<?xml version="1.0" encoding="UTF-8"?> 
<beans xmlns="http://www.springframework.org/schema/beans"
	xmlns:context="http://www.springframework.org/schema/context"
	xmlns:aop="http://www.springframework.org/schema/aop" xmlns:tx="http://www.springframework.org/schema/tx"
	xmlns:xsi="http://www.w3.org/2001/XMLSchema-instance"
	xsi:schemaLocation="http://www.springframework.org/schema/beans 
         	http://www.springframework.org/schema/beans/spring-beans-4.1.xsd   
            http://www.springframework.org/schema/context 
            http://www.springframework.org/schema/context/spring-context-4.1.xsd   
            http://www.springframework.org/schema/aop 
            http://www.springframework.org/schema/aop/spring-aop-4.1.xsd   
            http://www.springframework.org/schema/tx 
            http://www.springframework.org/schema/tx/spring-tx-4.1.xsd"
	default-lazy-init="false"> 
	
	<bean id="masterDataSource" class="org.apache.commons.dbcp.BasicDataSource" destroy-method="close">
		<property name="driverClassName"><value>${jdbc.driver}</value></property>
		<property name="url"><value>${jdbc.url}</value></property>
	    <property name="username"><value>${jdbc.username}</value></property>
	    <property name="password"><value>${jdbc.password}</value></property>
	    <property name="maxActive"><value>${maxActive}</value></property>
	    <property name="maxIdle"><value>${maxIdle}</value></property>
	    <property name="initialSize"><value>${initialSize}</value></property>       
	    <property name="defaultAutoCommit"><value>${defaultAutoCommit}</value></property>
	    <property name="logAbandoned"><value>true</value></property>
	    <property name="removeAbandoned"><value>true</value></property>
	    <property name="removeAbandonedTimeout"><value>300</value></property>
	    <property name="testOnBorrow"><value>true</value></property>
	    <property name="testWhileIdle"><value>true</value></property>
  </bean> 
  
  <bean id="slaveDataSource" class="org.apache.commons.dbcp.BasicDataSource" destroy-method="close">
		<property name="driverClassName"><value>${jdbc.driver}</value></property>
		<property name="url"><value>${jdbc.url}</value></property>
	    <property name="username"><value>${jdbc.username}</value></property>
	    <property name="password"><value>${jdbc.password}</value></property>
	    <property name="maxActive"><value>${maxActive}</value></property>
	    <property name="maxIdle"><value>${maxIdle}</value></property>
	    <property name="initialSize"><value>${initialSize}</value></property>       
	    <property name="defaultAutoCommit"><value>${defaultAutoCommit}</value></property>
	    <property name="logAbandoned"><value>true</value></property>
	    <property name="removeAbandoned"><value>true</value></property>
	    <property name="removeAbandonedTimeout"><value>300</value></property>
	    <property name="testOnBorrow"><value>true</value></property>
	    <property name="testWhileIdle"><value>true</value></property>
  </bean> 
  
  <bean id="dataSource" class="com.hnbits.common.DynamicDataSource">  
        <property name="targetDataSources">    
              <map key-type="java.lang.String">    
                 <entry key="master" value-ref="masterDataSource"/>   
                 <entry key="slave" value-ref="slaveDataSource"/> 
              </map>    
        </property>    
        <property name="defaultTargetDataSource" ref="masterDataSource"/>    
    </bean> 
    
    <!-- mybatis -->
	<bean id="sqlSessionFactory" class="org.mybatis.spring.SqlSessionFactoryBean">
		<property name="dataSource" ref="dataSource" />
		<property name="configLocation" value="classpath:mybatis-config.xml" />
	</bean>
	
	<bean class="org.mybatis.spring.mapper.MapperScannerConfigurer">
		<property name="basePackage" value="com.hnbits" />
	</bean>
	 
	<bean id="txManager" class="org.springframework.jdbc.datasource.DataSourceTransactionManager">
		<property name="dataSource" ref="dataSource" />
		<property name="nestedTransactionAllowed" value="true" />
	</bean>
	
	<!-- 支持上传文件 -->  
    <bean id="multipartResolver"  
        class="org.springframework.web.multipart.commons.CommonsMultipartResolver" >  
        <!-- 100M -->  
        <property name="maxUploadSize" value="104857600"></property>      
        <property name="defaultEncoding" value="utf-8"></property>     
    </bean>
    
	<tx:advice id="txAdvice" transaction-manager="txManager"> 
		<tx:attributes> 
		<tx:method name="txDelete*" propagation="REQUIRED" read-only="false" rollback-for="Exception"/>
		<tx:method name="delete*" propagation="REQUIRED" read-only="false" rollback-for="Exception"/>
		<tx:method name="txRemove*" propagation="REQUIRED" read-only="false" rollback-for="Exception"/>
		<tx:method name="remove*" propagation="REQUIRED" read-only="false" rollback-for="Exception"/>
		<tx:method name="txInsert*" propagation="REQUIRED" read-only="false" rollback-for="Exception"/>
		<tx:method name="insert*" propagation="REQUIRED" read-only="false" rollback-for="Exception"/>
		<tx:method name="txAdd*" propagation="REQUIRED" read-only="false" rollback-for="Exception"/>
		<tx:method name="add*" propagation="REQUIRED" read-only="false" rollback-for="Exception"/>
		<tx:method name="txUpdate*" propagation="REQUIRED" read-only="false" rollback-for="Exception"/>
		<tx:method name="update*" propagation="REQUIRED" read-only="false" rollback-for="Exception"/>
		<tx:method name="start*" propagation="REQUIRED" read-only="false" rollback-for="Exception"/>
		<tx:method name="tx*" propagation="REQUIRED" read-only="false" rollback-for="Exception"/>
		<tx:method name="query*" read-only="true"/>
		<tx:method name="find*" read-only="true"/>
		<tx:method name="get*" read-only="true"/>
		<tx:method name="load*" read-only="true"/>  
		<tx:method name="init*" read-only="true"/>  
		</tx:attributes> 
	</tx:advice> 
	
	<aop:config proxy-target-class="false">
		<aop:pointcut id="allSystemServiceOperations" expression="execution(* com.hnbits..logic.impl.*.*(..))" />
		<aop:advisor advice-ref="txAdvice" pointcut-ref="allSystemServiceOperations" />
	</aop:config>
	
	<tx:annotation-driven proxy-target-class="false" transaction-manager="txManager" />
</beans>