<?xml version="1.0" encoding="UTF-8"?>  
<beans xmlns="http://www.springframework.org/schema/beans" 
    xmlns:p="http://www.springframework.org/schema/p"
    xmlns:xsi="http://www.w3.org/2001/XMLSchema-instance"
    xmlns:context="http://www.springframework.org/schema/context" 
    xmlns:mvc="http://www.springframework.org/schema/mvc"
    xsi:schemaLocation="http://www.springframework.org/schema/beans 
                        http://www.springframework.org/schema/beans/spring-beans-4.1.xsd 
                        http://www.springframework.org/schema/context 
                        http://www.springframework.org/schema/context/spring-context-4.1.xsd 
                        http://www.springframework.org/schema/mvc 
						http://www.springframework.org/schema/mvc/spring-mvc-4.1.xsd">
           
	 
	<mvc:annotation-driven>
		<mvc:message-converters register-defaults="true"> 
        	<bean class="com.hnbits.common.ConfigureStringHttpMessageConverter"/> 
    	</mvc:message-converters>
	</mvc:annotation-driven> 
	
	<mvc:resources location="/resources/" mapping="/resources/**"/> 
	
	<!-- 设定简单POJO返回值的格式为UTF-8 -->
	<bean class="org.springframework.web.servlet.mvc.annotation.AnnotationMethodHandlerAdapter" >  
    <property name="messageConverters">   
         <list>   
             <ref bean="stringHttpMessageConverter" />
         </list>   
	   </property>  
	</bean>
	
	<bean id="stringHttpMessageConverter" class="com.hnbits.common.ConfigureStringHttpMessageConverter"/>

	<bean id="jspViewResolver" class="org.springframework.web.servlet.view.InternalResourceViewResolver">
		<property name="prefix" value="/page/"/>
    <property name="suffix" value=".jsp"/>
    <property name="viewClass" value="org.springframework.web.servlet.view.InternalResourceView"/>
    <property name="order" value="1"/>
	</bean>
	
	<bean id="ftlViewResolver" class="org.springframework.web.servlet.view.freemarker.FreeMarkerViewResolver">
      <property name="viewClass" value="org.springframework.web.servlet.view.freemarker.FreeMarkerView"/>
      <property name="contentType" value="text/html; charset=UTF-8"/>
      <property name="exposeRequestAttributes" value="true" />
      <property name="exposeSessionAttributes" value="true" />
      <property name="exposeSpringMacroHelpers" value="true" />
      <property name="cache" value="true" />
      <property name="suffix" value=".ftl" />
      <property name="order" value="0"/>
  </bean>
    
  <bean id="freemarkerConfig" class="org.springframework.web.servlet.view.freemarker.FreeMarkerConfigurer">
      <property name="templateLoaderPath" value="/ftl/"/>
      <property name="freemarkerVariables">
          <map>
              <entry key="xml_escape" value-ref="fmXmlEscape" />
          </map>
      </property>
      <property name="freemarkerSettings">
         <props>
          	  <prop key="default_encoding">${default_encoding}</prop>
          	  <prop key="incompatible_improvements">${incompatible_improvements}</prop>
              <prop key="template_update_delay">${template_update_delay}</prop>
              <prop key="locale">${locale}</prop>
              <prop key="datetime_format">${datetime_format}</prop>
              <prop key="date_format">${date_format}</prop>
              <prop key="time_format">${time_format}</prop>
              <prop key="number_format">${number_format}</prop>
              <prop key="api_builtin_enabled">${api_builtin_enabled}</prop>
          </props>
      </property>
  </bean>
  
  <bean id="fmXmlEscape" class="freemarker.template.utility.XmlEscape"/>
	
</beans>