<beans xmlns="http://www.springframework.org/schema/beans" xmlns:xsi="http://www.w3.org/2001/XMLSchema-instance" 
	xmlns:cache="http://www.springframework.org/schema/cache"
	xmlns:p="http://www.springframework.org/schema/p" xmlns:tx="http://www.springframework.org/schema/tx" xmlns:aop="http://www.springframework.org/schema/aop"
	xmlns:util="http://www.springframework.org/schema/util" xmlns:context="http://www.springframework.org/schema/context"
	xsi:schemaLocation="http://www.springframework.org/schema/beans http://www.springframework.org/schema/beans/spring-beans-4.1.xsd
	 	http://www.springframework.org/schema/tx http://www.springframework.org/schema/tx/spring-tx-4.1.xsd
	 	http://www.springframework.org/schema/context http://www.springframework.org/schema/context/spring-context-4.1.xsd 
	 	http://www.springframework.org/schema/util http://www.springframework.org/schema/util/spring-util-4.1.xsd
	 	http://www.springframework.org/schema/aop http://www.springframework.org/schema/aop/spring-aop-4.1.xsd
	 	http://www.springframework.org/schema/cache 
        http://www.springframework.org/schema/cache/spring-cache-4.1.xsd">

	<cache:annotation-driven  cache-manager="cacheManager" />  

    <bean id="cacheManager" class="org.springframework.cache.ehcache.EhCacheCacheManager">  
        <property name="cacheManager" ref="cacheManagerFactory"></property>  
    </bean>  

    <bean id="cacheManagerFactory" class="org.springframework.cache.ehcache.EhCacheManagerFactoryBean" p:shared="true">  
        <property name="configLocation" value="classpath:ehcache.xml"></property>  
    </bean>  
</beans>