<?xml version="1.0" encoding="UTF-8"?>    
<!DOCTYPE log4j:configuration SYSTEM "log4j.dtd">

<log4j:configuration xmlns:log4j='http://jakarta.apache.org/log4j/'>
	<appender name="Console" class="org.apache.log4j.ConsoleAppender">
		<param name="Threshold" value="debug"></param>
		<layout class="org.apache.log4j.PatternLayout">
			<param name="ConversionPattern" value="%d (%-4r ms) %-5p [%t] %c %x: %m%n" />
		</layout>
	</appender>

	<appender name="debugLog" class="org.apache.log4j.RollingFileAppender">
		<param name="File" value="${catalina.home}/logs/bits-studio-debug" />
		<param name="append" value="true" />
		<param name="Threshold" value="debug"></param>
		<param name="Encoding" value="UTF-8" />
		<param name="MaxFileSize" value="20MB" />
		<layout class="org.apache.log4j.PatternLayout">
			<param name="ConversionPattern" value="%d (%-4r ms) %-5p [%t] %c %x: %m%n" />
		</layout>
	</appender>

	<appender name="infoLog" class="org.apache.log4j.RollingFileAppender">
		<param name="File" value="${catalina.home}/logs/bits-studio-info" />
		<param name="append" value="true" />
		<param name="Threshold" value="info"></param>
		<param name="Encoding" value="UTF-8" />
		<param name="MaxFileSize" value="20MB" />
		<layout class="org.apache.log4j.PatternLayout">
			<param name="ConversionPattern" value="%d (%-4r ms) %-5p [%t] %c %x: %m%n" />
		</layout>
	</appender>

	<appender name="logicLog" class="org.apache.log4j.DailyRollingFileAppender">
		<param name="File" value="${catalina.home}/logs/bits-studio-logic" />
		<param name="append" value="true" />
		<param name="Threshold" value="debug"></param>
		<param name="Encoding" value="UTF-8" />
		<param name="datePattern" value="'_'yyyy-MM-dd'.log'" />
		<layout class="org.apache.log4j.PatternLayout">
			<param name="ConversionPattern" value="%d (%-4r ms) %-5p [%t] %c %x: %m%n" />
		</layout>
	</appender>

	<appender name="errorLog" class="org.apache.log4j.DailyRollingFileAppender">
		<param name="File" value="${catalina.home}/logs/bits-studio-error" />
		<param name="append" value="true" />
		<param name="datePattern" value="'_'yyyy-MM-dd'.log'" />
		<param name="Threshold" value="error"></param>
		<param name="Encoding" value="UTF-8" />
		<layout class="org.apache.log4j.PatternLayout">
			<param name="ConversionPattern" value="%d (%-4r ms) %-5p [%t] %c %x: %m%n" />
		</layout>
	</appender>

	<logger name="com.hnbits">
		<level value="debug" />
		<appender-ref ref="logicLog" />
		<appender-ref ref="Console" />
	</logger>

	<root>
		<priority value="debug" />
		<appender-ref ref="debugLog" />
		<appender-ref ref="infoLog" />
		<appender-ref ref="errorLog" />
	</root>

	<!-- <category name="com.hnbits" additivity="false"> <priority value="debug" /> <appender-ref ref="logicLog" /> </category> 
		<category name="com.hnbits" additivity="false"> <priority value="error" /> <appender-ref ref="errorLog" /> </category> -->
</log4j:configuration>