<?xml version="1.0" encoding="UTF-8"?>
<!DOCTYPE configuration PUBLIC "-//mybatis.org//DTD Config 3.0//EN" "http://mybatis.org/dtd/mybatis-3-config.dtd">

<configuration>
	<settings>
		<!-- changes from the defaults -->
		<setting name="lazyLoadingEnabled" value="false" />
		<setting name="cacheEnabled" value="false"/>
	</settings>
	<mappers>
		<mapper resource="com/hnbits/app/system/dao/mapper/mssql/DictDao.xml"/>
		<mapper resource="com/hnbits/app/system/dao/mapper/mssql/UserDao.xml"/>
		<mapper resource="com/hnbits/app/system/dao/mapper/mssql/RoleDao.xml"/>
		<mapper resource="com/hnbits/app/system/dao/mapper/mssql/MenuDao.xml"/>
		<mapper resource="com/hnbits/app/system/dao/mapper/mssql/IndexDao.xml"/>
		<mapper resource="com/hnbits/app/system/dao/mapper/mssql/DeptDao.xml"/>
		<mapper resource="com/hnbits/app/system/dao/mapper/mssql/JobDao.xml"/>
		<mapper resource="com/hnbits/app/system/dao/mapper/mssql/FileDao.xml"/>
		<mapper resource="com/hnbits/app/system/dao/mapper/mssql/ConfigDao.xml"/>
		<mapper resource="com/hnbits/app/system/dao/mapper/mssql/IconDao.xml"/>
		<mapper resource="com/hnbits/app/system/dao/mapper/mssql/UserShortcutDao.xml"/>
		<mapper resource="com/hnbits/app/system/dao/mapper/mssql/UserDataDao.xml"/>
		<mapper resource="com/hnbits/app/system/dao/mapper/mssql/IconDao.xml"/>
		<mapper resource="com/hnbits/app/system/dao/mapper/mssql/FormDao.xml"/>
		<mapper resource="com/hnbits/app/system/dao/mapper/mssql/FormItemDao.xml"/>
		<mapper resource="com/hnbits/app/system/dao/mapper/mssql/UserShortcutDao.xml"/>
		
		<mapper resource="com/hnbits/app/log/dao/mapper/mssql/SysLogDao.xml"/>
		<mapper resource="com/hnbits/app/log/dao/mapper/mssql/LoginLogDao.xml"/>
		
		<mapper resource="com/hnbits/app/doc/dao/mapper/mssql/DocDao.xml"/>
		<mapper resource="com/hnbits/app/doc/dao/mapper/mssql/DocDirectoryDao.xml"/>
		
		<mapper resource="com/hnbits/app/message/dao/mapper/mssql/MessageDao.xml"/>
		<mapper resource="com/hnbits/app/message/dao/mapper/mssql/NoticeDao.xml"/>
		<mapper resource="com/hnbits/app/message/dao/mapper/mssql/ScheduleDao.xml"/>
		
		<mapper resource="com/hnbits/app/dbtools/dao/mapper/mssql/DbTableDao.xml"/>
		<mapper resource="com/hnbits/app/dbtools/dao/mapper/mssql/DbUtilDao.xml"/>
		
		
		<!-- 
		<mapper resource="com/hnbits/app/workflow/dao/mapper/mssql/FlowModelFormDao.xml"/>
		
		<mapper resource="com/hnbits/app/coding/dao/mapper/mssql/CodingTableDao.xml"/>
		<mapper resource="com/hnbits/app/coding/dao/mapper/mssql/CodingTableConfigDao.xml"/>
		<mapper resource="com/hnbits/app/coding/dao/mapper/mssql/CodingTableCtcolsDao.xml"/>
		<mapper resource="com/hnbits/app/coding/dao/mapper/mssql/CodingTableColsViewDao.xml"/>
		 -->
		<mapper resource="com/hnbits/archibus/base/dao/mapper/mssql/RmDao.xml"/>
		<mapper resource="com/hnbits/archibus/base/dao/mapper/mssql/BlDao.xml"/>
		<mapper resource="com/hnbits/archibus/base/dao/mapper/mssql/FlDao.xml"/>
		<mapper resource="com/hnbits/archibus/base/dao/mapper/mssql/EqDao.xml"/>
		<mapper resource="com/hnbits/archibus/base/dao/mapper/mssql/LsDao.xml"/>
		<mapper resource="com/hnbits/archibus/base/dao/mapper/mssql/InspectionRuleDao.xml"/>
		<mapper resource="com/hnbits/archibus/base/dao/mapper/mssql/WorkOrderDao.xml"/>
		<mapper resource="com/hnbits/archibus/base/dao/mapper/mssql/WorkOrderInfoDao.xml"/>
		
		<mapper resource="com/hnbits/archibus/project/dao/mapper/mssql/ProjectDao.xml"/>
		<mapper resource="com/hnbits/archibus/project/dao/mapper/mssql/ProjphaseDao.xml"/>
	</mappers>
</configuration>
