<?xml version="1.0" encoding="UTF-8"?>
<!DOCTYPE configuration PUBLIC "-//mybatis.org//DTD Config 3.0//EN" "http://mybatis.org/dtd/mybatis-3-config.dtd">
<configuration>
	<settings>
		<!-- changes from the defaults -->
		<setting name="lazyLoadingEnabled" value="false" />
		<setting name="cacheEnabled" value="false"/>
		<setting name="logImpl" value="LOG4J"/>
	</settings>
	<objectWrapperFactory type="com.hnbits.common.MapWrapperFactory"/>
	<mappers>
		<mapper resource="com/hnbits/app/system/dao/mapper/mysql/DictDao.xml"/>
		<mapper resource="com/hnbits/app/system/dao/mapper/mysql/UserDao.xml"/>
		<mapper resource="com/hnbits/app/system/dao/mapper/mysql/RoleDao.xml"/>
		<mapper resource="com/hnbits/app/system/dao/mapper/mysql/MenuDao.xml"/>
		<mapper resource="com/hnbits/app/system/dao/mapper/mysql/IndexDao.xml"/>
		<mapper resource="com/hnbits/app/system/dao/mapper/mysql/DeptDao.xml"/>
		<mapper resource="com/hnbits/app/system/dao/mapper/mysql/JobDao.xml"/>
		<mapper resource="com/hnbits/app/system/dao/mapper/mysql/FileDao.xml"/>
		<mapper resource="com/hnbits/app/system/dao/mapper/mysql/ConfigDao.xml"/>
		<mapper resource="com/hnbits/app/system/dao/mapper/mysql/UserShortcutDao.xml"/>
		<mapper resource="com/hnbits/app/system/dao/mapper/mysql/UserDataDao.xml"/>
		<mapper resource="com/hnbits/app/system/dao/mapper/mysql/IconDao.xml"/>
		<mapper resource="com/hnbits/app/system/dao/mapper/mysql/FormDao.xml"/>
		<mapper resource="com/hnbits/app/system/dao/mapper/mysql/FormItemDao.xml"/>
		<mapper resource="com/hnbits/app/system/dao/mapper/mysql/UserShortcutDao.xml"/>
		
		<mapper resource="com/hnbits/app/log/dao/mapper/mysql/SysLogDao.xml"/>
		<mapper resource="com/hnbits/app/log/dao/mapper/mysql/LoginLogDao.xml"/>
		
		<mapper resource="com/hnbits/app/doc/dao/mapper/mysql/DocDao.xml"/>
		<mapper resource="com/hnbits/app/doc/dao/mapper/mysql/DocDirectoryDao.xml"/>
		
		<mapper resource="com/hnbits/app/message/dao/mapper/mysql/MessageDao.xml"/>
		<mapper resource="com/hnbits/app/message/dao/mapper/mysql/NoticeDao.xml"/>
		<mapper resource="com/hnbits/app/message/dao/mapper/mysql/ScheduleDao.xml"/>
		
		<mapper resource="com/hnbits/app/workflow/dao/mapper/mysql/FlowAssigneeDao.xml"/>
		<mapper resource="com/hnbits/app/workflow/dao/mapper/mysql/FlowModelFormDao.xml"/>
		
		<mapper resource="com/hnbits/app/dbtools/dao/mapper/mysql/DbTableDao.xml"/>
		<mapper resource="com/hnbits/app/dbtools/dao/mapper/mysql/DbUtilDao.xml"/>
		
		<mapper resource="com/hnbits/app/coding/dao/mapper/mysql/CodingTableDao.xml"/>
		<mapper resource="com/hnbits/app/coding/dao/mapper/mysql/CodingTableConfigDao.xml"/>
		<mapper resource="com/hnbits/app/coding/dao/mapper/mysql/CodingTableCtcolsDao.xml"/>
		<mapper resource="com/hnbits/app/coding/dao/mapper/mysql/CodingTableColsViewDao.xml"/>
		
		<mapper resource="com/hnbits/app/web/dao/mapper/mysql/WebMenuButtonDao.xml"/>
		<mapper resource="com/hnbits/app/web/dao/mapper/mysql/WebMenuDao.xml"/>
		<mapper resource="com/hnbits/app/web/dao/mapper/mysql/WebRoleDao.xml"/>
		<mapper resource="com/hnbits/app/web/dao/mapper/mysql/WebRoleMenuButtonDao.xml"/>
		<mapper resource="com/hnbits/app/web/dao/mapper/mysql/WebRoleMenuDao.xml"/>
		<mapper resource="com/hnbits/app/web/dao/mapper/mysql/WebSystemConfigDao.xml"/>
		<mapper resource="com/hnbits/app/web/dao/mapper/mysql/WebUserDao.xml"/>
		<mapper resource="com/hnbits/app/web/dao/mapper/mysql/WebUserRoleDao.xml"/>
		
	</mappers>
</configuration>
