<?xml version="1.0" encoding="UTF-8"?>
<!DOCTYPE configuration PUBLIC "-//mybatis.org//DTD Config 3.0//EN" "http://mybatis.org/dtd/mybatis-3-config.dtd">

<configuration>
	<settings>
		<!-- changes from the defaults -->
		<setting name="lazyLoadingEnabled" value="false" />
		<setting name="cacheEnabled" value="false"/>
	</settings>
	<mappers>
		<mapper resource="com/hnbits/app/system/dao/mapper/oracle/DictDao.xml"/>
		<mapper resource="com/hnbits/app/system/dao/mapper/oracle/UserDao.xml"/>
		<mapper resource="com/hnbits/app/system/dao/mapper/oracle/RoleDao.xml"/>
		<mapper resource="com/hnbits/app/system/dao/mapper/oracle/MenuDao.xml"/>
		<mapper resource="com/hnbits/app/system/dao/mapper/oracle/IndexDao.xml"/>
		<mapper resource="com/hnbits/app/system/dao/mapper/oracle/DeptDao.xml"/>
		<mapper resource="com/hnbits/app/system/dao/mapper/oracle/JobDao.xml"/>
		<mapper resource="com/hnbits/app/system/dao/mapper/oracle/FileDao.xml"/>
		<mapper resource="com/hnbits/app/system/dao/mapper/oracle/ConfigDao.xml"/>
		<mapper resource="com/hnbits/app/system/dao/mapper/oracle/IconDao.xml"/>
		<mapper resource="com/hnbits/app/system/dao/mapper/oracle/UserShortcutDao.xml"/>
		<mapper resource="com/hnbits/app/system/dao/mapper/oracle/UserDataDao.xml"/>
		<mapper resource="com/hnbits/app/system/dao/mapper/oracle/IconDao.xml"/>
		<mapper resource="com/hnbits/app/system/dao/mapper/oracle/FormDao.xml"/>
		<mapper resource="com/hnbits/app/system/dao/mapper/oracle/FormItemDao.xml"/>
		<mapper resource="com/hnbits/app/system/dao/mapper/oracle/UserShortcutDao.xml"/>
		
		<mapper resource="com/hnbits/app/log/dao/mapper/oracle/SysLogDao.xml"/>
		<mapper resource="com/hnbits/app/log/dao/mapper/oracle/LoginLogDao.xml"/>
		
		<mapper resource="com/hnbits/app/workflow/dao/mapper/oracle/FlowAssigneeDao.xml"/>
		<mapper resource="com/hnbits/app/workflow/dao/mapper/oracle/FlowModelFormDao.xml"/>
		
		<mapper resource="com/hnbits/app/doc/dao/mapper/oracle/DocDao.xml"/>
		<mapper resource="com/hnbits/app/doc/dao/mapper/oracle/DocDirectoryDao.xml"/>
		
		<mapper resource="com/hnbits/app/message/dao/mapper/oracle/MessageDao.xml"/>
		<mapper resource="com/hnbits/app/message/dao/mapper/oracle/NoticeDao.xml"/>
		<mapper resource="com/hnbits/app/message/dao/mapper/oracle/ScheduleDao.xml"/>
		
		<mapper resource="com/hnbits/app/dbtools/dao/mapper/oracle/DbTableDao.xml"/>
		<mapper resource="com/hnbits/app/dbtools/dao/mapper/oracle/DbUtilDao.xml"/>
		
		<mapper resource="com/hnbits/app/coding/dao/mapper/oracle/CodingTableDao.xml"/>
		<mapper resource="com/hnbits/app/coding/dao/mapper/oracle/CodingTableConfigDao.xml"/>
		<mapper resource="com/hnbits/app/coding/dao/mapper/oracle/CodingTableCtcolsDao.xml"/>
		<mapper resource="com/hnbits/app/coding/dao/mapper/oracle/CodingTableColsViewDao.xml"/>
		
		<mapper resource="com/hnbits/archibus/base/dao/mapper/oracle/BlDao.xml"/>
		<mapper resource="com/hnbits/archibus/base/dao/mapper/oracle/FlDao.xml"/>
		<mapper resource="com/hnbits/archibus/base/dao/mapper/oracle/RmDao.xml"/>
		<mapper resource="com/hnbits/archibus/base/dao/mapper/oracle/EqDao.xml"/>
		<mapper resource="com/hnbits/archibus/base/dao/mapper/mssql/WorkOrderDao.xml"/>
		<mapper resource="com/hnbits/archibus/base/dao/mapper/mssql/WorkOrderInfoDao.xml"/>
		
		<mapper resource="com/hnbits/archibus/project/dao/mapper/oracle/ProjectDao.xml"/>
		<mapper resource="com/hnbits/archibus/project/dao/mapper/oracle/ProjphaseDao.xml"/>
		
		<mapper resource="com/hnbits/service/repair/dao/mapper/oracle/RepairDao.xml"/>
		<mapper resource="com/hnbits/pm/flow/dao/mapper/oracle/FlowDao.xml"/>
	</mappers>
</configuration>
