<?xml version="1.0" encoding="UTF-8"?>
<!DOCTYPE mapper PUBLIC "-//mybatis.org//DTD Mapper 3.0//EN" "http://mybatis.org/dtd/mybatis-3-mapper.dtd">
<mapper namespace="com.hnbits.app.message.dao.MessageDao">


	<insert id="insert" parameterType="com.hnbits.app.message.vo.TbMessageVo">
		<selectKey resultType="String" order="BEFORE" keyProperty="msg_id">
			SELECT REPLACE(newId(),'-','') AS msg_id
		</selectKey>
		insert into
		${db_schemas}.tb_gf_message(msg_id,batch_id,msg_type,send_userid,receive_userid,send_time,msg_content,valid_end_time,status)
		values(#{msg_id},#{batch_id,jdbcType=VARCHAR},#{msg_type,jdbcType=VARCHAR},#{send_userid,jdbcType=VARCHAR},#{receive_userid,jdbcType=VARCHAR},
		GETDATE(),#{msg_content,jdbcType=VARCHAR},#{valid_end_time,jdbcType=DATE},#{status,jdbcType=VARCHAR})
	</insert>

	<select id="queryMessageById" resultType="com.hnbits.app.message.vo.TbMessageVo" parameterType="java.util.HashMap">
		select a.*,${db_schemas}.f_get_dict_text('2223',a.msg_type) msg_type_text,
		${db_schemas}.f_get_dict_text('2222',a.status) status_text,
		s.USER_NAME send_username,
		r.USER_NAME receive_username
		from ${db_schemas}.tb_gf_message a,${db_schemas}.tb_user s,${db_schemas}.tb_user r
		WHERE
		a.SEND_USERID = s.USER_ID and a.RECEIVE_USERID = r.USER_ID
		and msg_id = #{msg_id}
	</select>

	<sql id="sql_query_message">
		select b.* from (
			select a.*,${db_schemas}.f_get_dict_text('2223',a.msg_type) msg_type_text,
				${db_schemas}.f_get_dict_text('2222',a.status) status_text,
				s.USER_NAME send_username,
				r.USER_NAME receive_username
			from ${db_schemas}.tb_gf_message a
				left join ${db_schemas}.tb_user s on a.SEND_USERID = s.USER_ID
				left join tb_user r on a.RECEIVE_USERID = r.USER_ID
			WHERE 1=1
		<!-- a.SEND_USERID = s.USER_ID and a.RECEIVE_USERID = r.USER_ID -->
		<if test="receive_userid != null">
			and a.receive_userid = #{receive_userid}
		</if>
		<if test="send_userid != null">
			and a.send_userid = #{send_userid}
		</if>
		<if test="msg_type != null">
			and a.msg_type = #{msg_type}
		</if>
		<if test="msg_content != null and msg_content != ''">
			and a.msg_content like CONCAT('%',#{msg_content},'%')
		</if>
		<if test="begin_send_time != null and begin_send_time != ''">
 			<![CDATA[
 				and CONVERT(varchar(100),a.send_time,23) >= #{begin_send_time}
 			]]>
		</if>
		<if test="end_send_time != null and end_send_time != ''">
 		<![CDATA[
 			and CONVERT(varchar(100),a.send_time,23) <= #{end_send_time}
 			]]>
		</if>
		<if test="status != null and status != 'ALL'">
			and a.status = #{status}
		</if>
		<if test="valid_end_time != null and valid_end_time != ''">
 			<![CDATA[
 				and a.valid_end_time <= #{valid_end_time}
 			]]>
		</if>
		<if test="valid_start_time != null and valid_start_time != ''">
 			<![CDATA[
 				and a.valid_end_time >= #{valid_start_time}
 			]]>
		</if>
		) b
		<!-- GROUP BY b.MSG_CONTENT order by <if test="sort != null and sort != ''"> b.${sort}, </if> -->
	</sql>
	<select id="query" resultType="long" parameterType="java.util.HashMap">
		select count(*) from (
		<include refid="sql_query_message" />
		) tab
	</select>

	<select id="queryList" resultType="com.hnbits.app.message.vo.TbMessageVo" parameterType="java.util.HashMap">
		<choose>
			<when test="pagestartno != null and pagesize !=null">
 			select top ${pagesize} o.* from (select row_number() over(order by send_time desc) as rownumber,* from(
 				<include refid="sql_query_message" />
 			) t )o where rownumber > ${pagestartno}
			</when>
			<otherwise>
				select tab.* from (
				<include refid="sql_query_message" />
				) tab order by send_time desc
			</otherwise>
		</choose>
	</select>

	<sql id="get_msg_ids">
		<foreach collection="msg_ids" item="msg_id" open="(" close=")" separator=",">
			#{msg_id}
		</foreach>
	</sql>

	<update id="close" parameterType="java.util.HashMap">
		update ${db_schemas}.tb_gf_message set status='1'
		<where>
			<if test="msg_ids!=null">
				and msg_id in
				<include refid="get_msg_ids" />
			</if>
			<!-- <if test="batchId!=null"> and BATCH_ID = #{batchId} </if> <if test="r_user_id!=null"> and RECEIVE_USERID = #{r_user_id} 
				</if> -->
		</where>
	</update>


</mapper>
	