<?xml version="1.0" encoding="UTF-8"?>
<!DOCTYPE mapper PUBLIC "-//mybatis.org//DTD Mapper 3.0//EN" "http://mybatis.org/dtd/mybatis-3-mapper.dtd">
<mapper namespace="com.hnbits.app.message.dao.NoticeDao">
	<insert id="insert" parameterType="com.hnbits.app.message.vo.TbNoticeVo">
		<selectKey resultType="String" order="BEFORE" keyProperty="notice_id">
			SELECT REPLACE(newId(),'-','') AS notice_id
		</selectKey>
		insert into ${db_schemas}.tb_gf_notice(notice_id,notice_userid,notice_time,notice_content,valid_end_time,status)
		values(#{notice_id},#{notice_userid,jdbcType=VARCHAR},#{notice_time,jdbcType=DATE},#{notice_content,jdbcType=VARCHAR},#{valid_end_time,jdbcType=DATE},#{status,jdbcType=VARCHAR})
	</insert>
	<sql id="sql_query_notice">
		select a.*,${db_schemas}.f_get_dict_text('2224',a.status) status_text,
		(select u.user_name from ${db_schemas}.tb_user u where a.notice_userid=u.user_id) notice_username
		from ${db_schemas}.tb_gf_notice a where 1=1
		<if test="receive_userid != null">
			and a.receive_userid = #{receive_userid}
		</if>
		<if test="notice_content != null and notice_content != ''">
			and a.notice_content like CONCAT('%',#{notice_content},'%')
		</if>
		<if test="begin_notice_time != null">
			and CONVERT(varchar(100),a.notice_time,23) &gt;= #{begin_notice_time}
		</if>
		<if test="end_notice_time != null">
			and CONVERT(varchar(100),a.notice_time,23) &lt;= #{end_notice_time}
		</if>
		<if test="status != null and status != 'ALL'">
			and a.status = #{status}
		</if>
		<if test="valid_start_time != null">
 			<![CDATA[
 				and CONVERT(varchar(100),a.valid_end_time,23) >= CONVERT(varchar(100),#{valid_start_time},23)
 			]]>
		</if>
		<if test="valid_end_time != null">
 			<![CDATA[
 				and CONVERT(varchar(100),a.valid_end_time,23) <= CONVERT(varchar(100),#{valid_end_time},23)
 			]]>
		</if>
	</sql>
	<select id="query" resultType="long" parameterType="java.util.HashMap">
		select count(*) from (
		<include refid="sql_query_notice" />
		) tab
	</select>

	<select id="queryList" resultType="com.hnbits.app.message.vo.TbNoticeVo" parameterType="java.util.HashMap">
		<choose>
			<when test="pagestartno != null and pagesize !=null">
				select top ${pagesize} o.* from (select row_number() over(order by notice_time desc) as rownumber,* from(
				<include refid="sql_query_notice" />
				) t) o where rownumber > ${pagestartno}
			</when>
			<otherwise>
				select tab.* from (
				<include refid="sql_query_notice" />
				) tab order by notice_time asc
			</otherwise>
		</choose>
	</select>

	<sql id="get_notice_ids">
		<foreach collection="notice_ids" item="notice_id" open="(" close=")" separator=",">
			#{notice_id}
		</foreach>
	</sql>

	<update id="close" parameterType="java.util.HashMap">
		update ${db_schemas}.tb_gf_notice set status='1' where notice_id in
		<include refid="get_notice_ids" />
	</update>

	<select id="queryById" resultType="com.hnbits.app.message.vo.TbNoticeVo" parameterType="java.util.HashMap">
  <![CDATA[
   	select distinct a.*,${db_schemas}.f_get_dict_text('2224',a.status) status_text,
  	(select u.user_name from ${db_schemas}.tb_user u where a.notice_userid=u.user_id) notice_username 
   	from ${db_schemas}.tb_gf_notice a where a.notice_id=#{notice_id}
  ]]>
	</select>

	<update id="update" parameterType="com.hnbits.app.message.vo.TbNoticeVo">
		update ${db_schemas}.tb_gf_notice set
		notice_content=#{notice_content,jdbcType=VARCHAR},valid_end_time=#{valid_end_time,jdbcType=DATE} where
		notice_id=#{notice_id,jdbcType=VARCHAR}
	</update>
</mapper>
	