<?xml version="1.0" encoding="UTF-8"?>
<!DOCTYPE mapper PUBLIC "-//mybatis.org//DTD Mapper 3.0//EN" "http://mybatis.org/dtd/mybatis-3-mapper.dtd">
<mapper namespace="com.hnbits.app.message.dao.ScheduleDao">
	<insert id="insert" parameterType="com.hnbits.app.message.vo.TbScheduleVo">
		<selectKey resultType="String" order="BEFORE" keyProperty="schedule_id">
			SELECT REPLACE(newId(),'-','') AS schedule_id
		</selectKey>
		insert into
		${db_schemas}.tb_gf_schedule(SCHEDULE_ID,SCHEDULE_TITLE,SCHEDULE_CONTENT,ALLDAY,START_TIME,END_TIME,CREATE_USERID,CREATE_TIME)
		values(#{schedule_id,jdbcType=VARCHAR},#{schedule_title,jdbcType=VARCHAR},#{schedule_content,jdbcType=VARCHAR},#{allday,jdbcType=VARCHAR},
		#{start_time,jdbcType=TIMESTAMP},#{end_time,jdbcType=TIMESTAMP},#{create_userid,jdbcType=VARCHAR},GETDATE())
	</insert>

	<sql id="sql_query_schedule">
		select a.*,
		CONVERT(varchar(100),a.start_time,23) s_start_time,
		CONVERT(varchar(100),a.end_time,23) s_end_time,
		(select u.user_name from ${db_schemas}.tb_user u where a.create_userid=u.user_id) create_username
		from ${db_schemas}.tb_gf_schedule a where 1=1
		<if test="create_userid != null">
			and a.create_userid = #{create_userid}
		</if>
		<if test="s_current_time != null">
			and #{s_current_time} between CONVERT(varchar(100),a.start_time,23) and CONVERT(varchar(100),a.end_time,23)
		</if>
	</sql>

	<select id="query" resultType="long" parameterType="java.util.HashMap">
		select count(*) from (
		<include refid="sql_query_schedule" />
		) tab
	</select>

	<select id="queryList" resultType="com.hnbits.app.message.vo.TbScheduleVo" parameterType="java.util.HashMap">
		<choose>
			<when test="pagestartno != null and pagesize !=null">
				select top ${pagesize} o.* from (select row_number() over(order by start_time desc) as rownumber,* from(
				<include refid="sql_query_schedule" />
				) t) o where rownumber > ${pagestartno}
			</when>
			<otherwise>
				select tab.* from (
				<include refid="sql_query_schedule" />
				) tab order by start_time desc
			</otherwise>
		</choose>
	</select>

	<select id="queryById" resultType="com.hnbits.app.message.vo.TbScheduleVo" parameterType="java.util.HashMap">
  <![CDATA[
   	select distinct a.*,
  	(select u.user_name from ${db_schemas}.tb_user u where a.create_userid=u.user_id) create_username
   	from ${db_schemas}.tb_gf_schedule a where a.schedule_id=#{schedule_id}
  ]]>
	</select>

	<update id="update" parameterType="com.hnbits.app.message.vo.TbScheduleVo">
		update ${db_schemas}.tb_gf_schedule set
		schedule_title=#{schedule_title,jdbcType=VARCHAR},schedule_content=#{schedule_content,jdbcType=VARCHAR},
		allday=#{allday,jdbcType=VARCHAR},start_time=#{start_time,jdbcType=TIMESTAMP},end_time=#{end_time,jdbcType=TIMESTAMP}
		where schedule_id=#{schedule_id,jdbcType=VARCHAR}
	</update>
</mapper>
	