<?xml version="1.0" encoding="UTF-8"?>
<!DOCTYPE mapper PUBLIC "-//mybatis.org//DTD Mapper 3.0//EN" "http://mybatis.org/dtd/mybatis-3-mapper.dtd">
<mapper namespace="com.hnbits.archibus.base.dao.BlDao">
	<!-- $!{tableName} table all fields -->
	<sql id="sql_query_columns">
		a.ac_id,	a.address1,	a.address2,	a.area_avg_em,	a.area_avg_floor,	a.area_bl_comn_gp,	a.area_bl_comn_nocup,	a.area_bl_comn_ocup,	a.area_bl_comn_rm,	a.area_bl_comn_serv,	a.area_em_dp,	a.area_ext_wall,	a.area_gp,	a.area_gp_comn,	a.area_gp_dp,	a.area_gross_ext,	a.area_gross_int,	a.area_ls_negotiated,	a.area_nocup,	a.area_nocup_comn,	a.area_nocup_dp,	a.area_ocup,	a.area_ocup_comn,	a.area_ocup_dp,	a.area_remain,	a.area_rentable,	a.area_rm,	a.area_rm_comn,	a.area_rm_dp,	a.area_serv,	a.area_su,	a.area_usable,	a.area_vert_pen,	a.criticality,	a.count_occup,	a.count_max_occup,	a.count_fl,	a.count_em,	a.cost_utility_total,	a.cost_tax_total,	a.cost_sqft,	a.cost_other_total,	a.heating_balance_point,	a.grp_uid,	a.geo_objectid,	a.energy_baseline_year,	a.ehandle,	a.dwgname,	a.disposal_type,	a.detail_dwg,	a.date_rehab,	a.status,	a.state_id,	a.site_id,	a.regn_id,	a.ratio_ur,	a.ratio_ru,	a.pr_id,	a.pending_action,	a.option2,	a.zip,	a.weather_station_id,	a.weather_source_id,	a.value_market,	a.value_book,	a.utility_type_heat,	a.utility_type_cool,	a.use1,	a.std_area_per_em,	a.option1,	a.name,	a.lon,	a.legal_id,	a.lat,	a.income_total,	a.image_file,	a.heating_balance_point_manual,	a.date_market_val,	a.date_disposal,	a.date_costs_start,	a.date_costs_last_calcd,	a.date_costs_end,	a.date_book_val,	a.date_bl,	a.ctry_id,	a.cost_operating_total,	a.cooling_balance_point_manual,	a.cooling_balance_point,	a.contact_phone,	a.contact_name,	a.construction_type,	a.condition,	a.comments,	a.comment_disposal,	a.city_id,	a.campus_id,	a.campus,	a.bldg_photo,	a.auto_est_balance_points,	a.bl_id
	</sql>

	<!-- 表关联 -->
	<sql id="sql_join_clause">
	</sql>
	<!-- 查询条件 -->
	<sql id="sql_where_clause">
		<where>
			<!-- 主表字段作为查询条件 -->
			<if test="ac_id != null and ac_id != ''">
				and a.ac_id = #{ac_id}
			</if>
			<if test="address1 != null and address1 != ''">
				and a.address1 = #{address1}
			</if>
			<if test="address2 != null and address2 != ''">
				and a.address2 = #{address2}
			</if>
			<if test="area_avg_em != null">
				and a.area_avg_em = #{area_avg_em}
			</if>
			<if test="area_avg_floor != null">
				and a.area_avg_floor = #{area_avg_floor}
			</if>
			<if test="area_bl_comn_gp != null">
				and a.area_bl_comn_gp = #{area_bl_comn_gp}
			</if>
			<if test="area_bl_comn_nocup != null">
				and a.area_bl_comn_nocup = #{area_bl_comn_nocup}
			</if>
			<if test="area_bl_comn_ocup != null">
				and a.area_bl_comn_ocup = #{area_bl_comn_ocup}
			</if>
			<if test="area_bl_comn_rm != null">
				and a.area_bl_comn_rm = #{area_bl_comn_rm}
			</if>
			<if test="area_bl_comn_serv != null">
				and a.area_bl_comn_serv = #{area_bl_comn_serv}
			</if>
			<if test="area_em_dp != null">
				and a.area_em_dp = #{area_em_dp}
			</if>
			<if test="area_ext_wall != null">
				and a.area_ext_wall = #{area_ext_wall}
			</if>
			<if test="area_gp != null">
				and a.area_gp = #{area_gp}
			</if>
			<if test="area_gp_comn != null">
				and a.area_gp_comn = #{area_gp_comn}
			</if>
			<if test="area_gp_dp != null">
				and a.area_gp_dp = #{area_gp_dp}
			</if>
			<if test="area_gross_ext != null">
				and a.area_gross_ext = #{area_gross_ext}
			</if>
			<if test="area_gross_int != null">
				and a.area_gross_int = #{area_gross_int}
			</if>
			<if test="area_ls_negotiated != null">
				and a.area_ls_negotiated = #{area_ls_negotiated}
			</if>
			<if test="area_nocup != null">
				and a.area_nocup = #{area_nocup}
			</if>
			<if test="area_nocup_comn != null">
				and a.area_nocup_comn = #{area_nocup_comn}
			</if>
			<if test="area_nocup_dp != null">
				and a.area_nocup_dp = #{area_nocup_dp}
			</if>
			<if test="area_ocup != null">
				and a.area_ocup = #{area_ocup}
			</if>
			<if test="area_ocup_comn != null">
				and a.area_ocup_comn = #{area_ocup_comn}
			</if>
			<if test="area_ocup_dp != null">
				and a.area_ocup_dp = #{area_ocup_dp}
			</if>
			<if test="area_remain != null">
				and a.area_remain = #{area_remain}
			</if>
			<if test="area_rentable != null">
				and a.area_rentable = #{area_rentable}
			</if>
			<if test="area_rm != null">
				and a.area_rm = #{area_rm}
			</if>
			<if test="area_rm_comn != null">
				and a.area_rm_comn = #{area_rm_comn}
			</if>
			<if test="area_rm_dp != null">
				and a.area_rm_dp = #{area_rm_dp}
			</if>
			<if test="area_serv != null">
				and a.area_serv = #{area_serv}
			</if>
			<if test="area_su != null">
				and a.area_su = #{area_su}
			</if>
			<if test="area_usable != null">
				and a.area_usable = #{area_usable}
			</if>
			<if test="area_vert_pen != null">
				and a.area_vert_pen = #{area_vert_pen}
			</if>
			<if test="criticality != null">
				and a.criticality = #{criticality}
			</if>
			<if test="count_occup != null">
				and a.count_occup = #{count_occup}
			</if>
			<if test="count_max_occup != null">
				and a.count_max_occup = #{count_max_occup}
			</if>
			<if test="count_fl != null">
				and a.count_fl = #{count_fl}
			</if>
			<if test="count_em != null">
				and a.count_em = #{count_em}
			</if>
			<if test="cost_utility_total != null">
				and a.cost_utility_total = #{cost_utility_total}
			</if>
			<if test="cost_tax_total != null">
				and a.cost_tax_total = #{cost_tax_total}
			</if>
			<if test="cost_sqft != null">
				and a.cost_sqft = #{cost_sqft}
			</if>
			<if test="cost_other_total != null">
				and a.cost_other_total = #{cost_other_total}
			</if>
			<if test="heating_balance_point != null">
				and a.heating_balance_point = #{heating_balance_point}
			</if>
			<if test="grp_uid != null and grp_uid != ''">
				and a.grp_uid = #{grp_uid}
			</if>
			<if test="geo_objectid != null">
				and a.geo_objectid = #{geo_objectid}
			</if>
			<if test="energy_baseline_year != null and energy_baseline_year != ''">
				and a.energy_baseline_year = #{energy_baseline_year}
			</if>
			<if test="ehandle != null and ehandle != ''">
				and a.ehandle = #{ehandle}
			</if>
			<if test="dwgname != null and dwgname != ''">
				and a.dwgname = #{dwgname}
			</if>
			<if test="disposal_type != null and disposal_type != ''">
				and a.disposal_type = #{disposal_type}
			</if>
			<if test="detail_dwg != null and detail_dwg != ''">
				and a.detail_dwg = #{detail_dwg}
			</if>
			<if test="date_rehab != null">
				and a.date_rehab = #{date_rehab}
			</if>
			<if test="status != null and status != ''">
				and a.status = #{status}
			</if>
			<if test="state_id != null and state_id != ''">
				and a.state_id = #{state_id}
			</if>
			<if test="site_id != null and site_id != ''">
				and a.site_id = #{site_id}
			</if>
			<if test="regn_id != null and regn_id != ''">
				and a.regn_id = #{regn_id}
			</if>
			<if test="ratio_ur != null">
				and a.ratio_ur = #{ratio_ur}
			</if>
			<if test="ratio_ru != null">
				and a.ratio_ru = #{ratio_ru}
			</if>
			<if test="pr_id != null and pr_id != ''">
				and a.pr_id = #{pr_id}
			</if>
			<if test="pending_action != null and pending_action != ''">
				and a.pending_action = #{pending_action}
			</if>
			<if test="option2 != null and option2 != ''">
				and a.option2 = #{option2}
			</if>
			<if test="zip != null and zip != ''">
				and a.zip = #{zip}
			</if>
			<if test="weather_station_id != null and weather_station_id != ''">
				and a.weather_station_id = #{weather_station_id}
			</if>
			<if test="weather_source_id != null and weather_source_id != ''">
				and a.weather_source_id = #{weather_source_id}
			</if>
			<if test="value_market != null">
				and a.value_market = #{value_market}
			</if>
			<if test="value_book != null">
				and a.value_book = #{value_book}
			</if>
			<if test="utility_type_heat != null and utility_type_heat != ''">
				and a.utility_type_heat = #{utility_type_heat}
			</if>
			<if test="utility_type_cool != null and utility_type_cool != ''">
				and a.utility_type_cool = #{utility_type_cool}
			</if>
			<if test="use1 != null and use1 != ''">
				and a.use1 = #{use1}
			</if>
			<if test="std_area_per_em != null">
				and a.std_area_per_em = #{std_area_per_em}
			</if>
			<if test="option1 != null and option1 != ''">
				and a.option1 = #{option1}
			</if>
			<if test="name != null and name != ''">
				and a.name = #{name}
			</if>
			<if test="lon != null">
				and a.lon = #{lon}
			</if>
			<if test="legal_id != null and legal_id != ''">
				and a.legal_id = #{legal_id}
			</if>
			<if test="lat != null">
				and a.lat = #{lat}
			</if>
			<if test="income_total != null">
				and a.income_total = #{income_total}
			</if>
			<if test="image_file != null and image_file != ''">
				and a.image_file = #{image_file}
			</if>
			<if test="heating_balance_point_manual != null">
				and a.heating_balance_point_manual = #{heating_balance_point_manual}
			</if>
			<if test="date_market_val != null">
				and a.date_market_val = #{date_market_val}
			</if>
			<if test="date_disposal != null">
				and a.date_disposal = #{date_disposal}
			</if>
			<if test="date_costs_start != null">
				and a.date_costs_start = #{date_costs_start}
			</if>
			<if test="date_costs_last_calcd != null">
				and a.date_costs_last_calcd = #{date_costs_last_calcd}
			</if>
			<if test="date_costs_end != null">
				and a.date_costs_end = #{date_costs_end}
			</if>
			<if test="date_book_val != null">
				and a.date_book_val = #{date_book_val}
			</if>
			<if test="date_bl != null">
				and a.date_bl = #{date_bl}
			</if>
			<if test="ctry_id != null and ctry_id != ''">
				and a.ctry_id = #{ctry_id}
			</if>
			<if test="cost_operating_total != null">
				and a.cost_operating_total = #{cost_operating_total}
			</if>
			<if test="cooling_balance_point_manual != null">
				and a.cooling_balance_point_manual = #{cooling_balance_point_manual}
			</if>
			<if test="cooling_balance_point != null">
				and a.cooling_balance_point = #{cooling_balance_point}
			</if>
			<if test="contact_phone != null and contact_phone != ''">
				and a.contact_phone = #{contact_phone}
			</if>
			<if test="contact_name != null and contact_name != ''">
				and a.contact_name = #{contact_name}
			</if>
			<if test="construction_type != null and construction_type != ''">
				and a.construction_type = #{construction_type}
			</if>
			<if test="condition != null and condition != ''">
				and a.condition = #{condition}
			</if>
			<if test="comments != null and comments != ''">
				and a.comments = #{comments}
			</if>
			<if test="comment_disposal != null and comment_disposal != ''">
				and a.comment_disposal = #{comment_disposal}
			</if>
			<if test="city_id != null and city_id != ''">
				and a.city_id = #{city_id}
			</if>
			<if test="campus_id != null and campus_id != ''">
				and a.campus_id = #{campus_id}
			</if>
			<if test="campus != null and campus != ''">
				and a.campus = #{campus}
			</if>
			<if test="bldg_photo != null and bldg_photo != ''">
				and a.bldg_photo = #{bldg_photo}
			</if>
			<if test="auto_est_balance_points != null">
				and a.auto_est_balance_points = #{auto_est_balance_points}
			</if>
			<if test="bl_id != null and bl_id != ''">
				and a.bl_id = #{bl_id}
			</if>
			<!-- 引用其它表字段作为查询条件 -->
		</where>
	</sql>

	<select id="queryOne" resultType="com.hnbits.archibus.base.vo.BlVo" parameterType="com.hnbits.archibus.base.vo.BlVo">
		select
		<include refid="sql_query_columns" />
		from ${db_schemas}.bl a
		<include refid="sql_join_clause" />
		<include refid="sql_where_clause" />
	</select>

	<!-- $r{codeName} 列表总数 -->
	<select id="queryCount" resultType="long" parameterType="com.hnbits.archibus.base.vo.BlVo">
		select count(1) from ${db_schemas}.bl a
		<include refid="sql_join_clause" />
		<include refid="sql_where_clause" />
	</select>

	<!-- 查询$r{codeName}列表 -->
	<select id="queryList" resultType="com.hnbits.archibus.base.vo.BlVo" parameterType="com.hnbits.archibus.base.vo.BlVo">
		select
		<include refid="sql_query_columns" />
		from ${db_schemas}.bl a
		<include refid="sql_join_clause" />
		<include refid="sql_where_clause" />
		<if test="pagestartno >= 0 and pagesize !=null">
		<![CDATA[
			limit #{pagestartno},#{pagesize}
		]]>
		</if>
	</select>

	<!-- 插入记录 -->
	<insert id="insert" parameterType="com.hnbits.archibus.base.vo.BlVo">
		<selectKey resultType="java.lang.String" order="BEFORE" keyProperty="bl_id">
			SELECT REPLACE(UUID(),'-','') AS bl_id
		</selectKey>
		insert into ${db_schemas}.bl(
			ac_id,
			address1,
			address2,
			area_avg_em,
			area_avg_floor,
			area_bl_comn_gp,
			area_bl_comn_nocup,
			area_bl_comn_ocup,
			area_bl_comn_rm,
			area_bl_comn_serv,
			area_em_dp,
			area_ext_wall,
			area_gp,
			area_gp_comn,
			area_gp_dp,
			area_gross_ext,
			area_gross_int,
			area_ls_negotiated,
			area_nocup,
			area_nocup_comn,
			area_nocup_dp,
			area_ocup,
			area_ocup_comn,
			area_ocup_dp,
			area_remain,
			area_rentable,
			area_rm,
			area_rm_comn,
			area_rm_dp,
			area_serv,
			area_su,
			area_usable,
			area_vert_pen,
			criticality,
			count_occup,
			count_max_occup,
			count_fl,
			count_em,
			cost_utility_total,
			cost_tax_total,
			cost_sqft,
			cost_other_total,
			heating_balance_point,
			grp_uid,
			geo_objectid,
			energy_baseline_year,
			ehandle,
			dwgname,
			disposal_type,
			detail_dwg,
			date_rehab,
			status,
			state_id,
			site_id,
			regn_id,
			ratio_ur,
			ratio_ru,
			pr_id,
			pending_action,
			option2,
			zip,
			weather_station_id,
			weather_source_id,
			value_market,
			value_book,
			utility_type_heat,
			utility_type_cool,
			use1,
			std_area_per_em,
			option1,
			name,
			lon,
			legal_id,
			lat,
			income_total,
			image_file,
			heating_balance_point_manual,
			date_market_val,
			date_disposal,
			date_costs_start,
			date_costs_last_calcd,
			date_costs_end,
			date_book_val,
			date_bl,
			ctry_id,
			cost_operating_total,
			cooling_balance_point_manual,
			cooling_balance_point,
			contact_phone,
			contact_name,
			construction_type,
			condition,
			comments,
			comment_disposal,
			city_id,
			campus_id,
			campus,
			bldg_photo,
			auto_est_balance_points,
			bl_id
		) values(
			#{ac_id,jdbcType=VARCHAR},
			#{address1,jdbcType=VARCHAR},
			#{address2,jdbcType=VARCHAR},
			#{area_avg_em,jdbcType=DOUBLE},
			#{area_avg_floor,jdbcType=DOUBLE},
			#{area_bl_comn_gp,jdbcType=DOUBLE},
			#{area_bl_comn_nocup,jdbcType=DOUBLE},
			#{area_bl_comn_ocup,jdbcType=DOUBLE},
			#{area_bl_comn_rm,jdbcType=DOUBLE},
			#{area_bl_comn_serv,jdbcType=DOUBLE},
			#{area_em_dp,jdbcType=DOUBLE},
			#{area_ext_wall,jdbcType=DOUBLE},
			#{area_gp,jdbcType=DOUBLE},
			#{area_gp_comn,jdbcType=DOUBLE},
			#{area_gp_dp,jdbcType=DOUBLE},
			#{area_gross_ext,jdbcType=DOUBLE},
			#{area_gross_int,jdbcType=DOUBLE},
			#{area_ls_negotiated,jdbcType=DOUBLE},
			#{area_nocup,jdbcType=DOUBLE},
			#{area_nocup_comn,jdbcType=DOUBLE},
			#{area_nocup_dp,jdbcType=DOUBLE},
			#{area_ocup,jdbcType=DOUBLE},
			#{area_ocup_comn,jdbcType=DOUBLE},
			#{area_ocup_dp,jdbcType=DOUBLE},
			#{area_remain,jdbcType=DOUBLE},
			#{area_rentable,jdbcType=DOUBLE},
			#{area_rm,jdbcType=DOUBLE},
			#{area_rm_comn,jdbcType=DOUBLE},
			#{area_rm_dp,jdbcType=DOUBLE},
			#{area_serv,jdbcType=DOUBLE},
			#{area_su,jdbcType=DOUBLE},
			#{area_usable,jdbcType=DOUBLE},
			#{area_vert_pen,jdbcType=DOUBLE},
			#{criticality,jdbcType=Integer},
			#{count_occup,jdbcType=Integer},
			#{count_max_occup,jdbcType=Integer},
			#{count_fl,jdbcType=Integer},
			#{count_em,jdbcType=BIGINT},
			#{cost_utility_total,jdbcType=DOUBLE},
			#{cost_tax_total,jdbcType=DOUBLE},
			#{cost_sqft,jdbcType=BIGINT},
			#{cost_other_total,jdbcType=DOUBLE},
			#{heating_balance_point,jdbcType=DOUBLE},
			#{grp_uid,jdbcType=VARCHAR},
			#{geo_objectid,jdbcType=Integer},
			#{energy_baseline_year,jdbcType=VARCHAR},
			#{ehandle,jdbcType=VARCHAR},
			#{dwgname,jdbcType=VARCHAR},
			#{disposal_type,jdbcType=VARCHAR},
			#{detail_dwg,jdbcType=VARCHAR},
			#{date_rehab,jdbcType=DATE},
			#{status,jdbcType=VARCHAR},
			#{state_id,jdbcType=VARCHAR},
			#{site_id,jdbcType=VARCHAR},
			#{regn_id,jdbcType=VARCHAR},
			#{ratio_ur,jdbcType=BIGINT},
			#{ratio_ru,jdbcType=BIGINT},
			#{pr_id,jdbcType=VARCHAR},
			#{pending_action,jdbcType=VARCHAR},
			#{option2,jdbcType=VARCHAR},
			#{zip,jdbcType=VARCHAR},
			#{weather_station_id,jdbcType=VARCHAR},
			#{weather_source_id,jdbcType=VARCHAR},
			#{value_market,jdbcType=DOUBLE},
			#{value_book,jdbcType=DOUBLE},
			#{utility_type_heat,jdbcType=VARCHAR},
			#{utility_type_cool,jdbcType=VARCHAR},
			#{use1,jdbcType=VARCHAR},
			#{std_area_per_em,jdbcType=BIGINT},
			#{option1,jdbcType=VARCHAR},
			#{name,jdbcType=VARCHAR},
			#{lon,jdbcType=DOUBLE},
			#{legal_id,jdbcType=VARCHAR},
			#{lat,jdbcType=DOUBLE},
			#{income_total,jdbcType=DOUBLE},
			#{image_file,jdbcType=VARCHAR},
			#{heating_balance_point_manual,jdbcType=DOUBLE},
			#{date_market_val,jdbcType=DATE},
			#{date_disposal,jdbcType=DATE},
			#{date_costs_start,jdbcType=DATE},
			#{date_costs_last_calcd,jdbcType=DATE},
			#{date_costs_end,jdbcType=DATE},
			#{date_book_val,jdbcType=DATE},
			#{date_bl,jdbcType=DATE},
			#{ctry_id,jdbcType=VARCHAR},
			#{cost_operating_total,jdbcType=DOUBLE},
			#{cooling_balance_point_manual,jdbcType=DOUBLE},
			#{cooling_balance_point,jdbcType=DOUBLE},
			#{contact_phone,jdbcType=VARCHAR},
			#{contact_name,jdbcType=VARCHAR},
			#{construction_type,jdbcType=VARCHAR},
			#{condition,jdbcType=VARCHAR},
			#{comments,jdbcType=VARCHAR},
			#{comment_disposal,jdbcType=VARCHAR},
			#{city_id,jdbcType=VARCHAR},
			#{campus_id,jdbcType=VARCHAR},
			#{campus,jdbcType=VARCHAR},
			#{bldg_photo,jdbcType=VARCHAR},
			#{auto_est_balance_points,jdbcType=Integer},
			#{bl_id,jdbcType=VARCHAR}
		)
	</insert>

	<!-- 根据id，修改记录 -->
	<update id="update" parameterType="com.hnbits.archibus.base.vo.BlVo">
		update ${db_schemas}.bl
		<set>
			<if test="ac_id != null and ac_id != ''">
			ac_id = #{ac_id,jdbcType=VARCHAR},
			</if>
			<if test="address1 != null and address1 != ''">
			address1 = #{address1,jdbcType=VARCHAR},
			</if>
			<if test="address2 != null and address2 != ''">
			address2 = #{address2,jdbcType=VARCHAR},
			</if>
			<if test="area_avg_em != null">
			area_avg_em = #{area_avg_em,jdbcType=DOUBLE},
			</if>
			<if test="area_avg_floor != null">
			area_avg_floor = #{area_avg_floor,jdbcType=DOUBLE},
			</if>
			<if test="area_bl_comn_gp != null">
			area_bl_comn_gp = #{area_bl_comn_gp,jdbcType=DOUBLE},
			</if>
			<if test="area_bl_comn_nocup != null">
			area_bl_comn_nocup = #{area_bl_comn_nocup,jdbcType=DOUBLE},
			</if>
			<if test="area_bl_comn_ocup != null">
			area_bl_comn_ocup = #{area_bl_comn_ocup,jdbcType=DOUBLE},
			</if>
			<if test="area_bl_comn_rm != null">
			area_bl_comn_rm = #{area_bl_comn_rm,jdbcType=DOUBLE},
			</if>
			<if test="area_bl_comn_serv != null">
			area_bl_comn_serv = #{area_bl_comn_serv,jdbcType=DOUBLE},
			</if>
			<if test="area_em_dp != null">
			area_em_dp = #{area_em_dp,jdbcType=DOUBLE},
			</if>
			<if test="area_ext_wall != null">
			area_ext_wall = #{area_ext_wall,jdbcType=DOUBLE},
			</if>
			<if test="area_gp != null">
			area_gp = #{area_gp,jdbcType=DOUBLE},
			</if>
			<if test="area_gp_comn != null">
			area_gp_comn = #{area_gp_comn,jdbcType=DOUBLE},
			</if>
			<if test="area_gp_dp != null">
			area_gp_dp = #{area_gp_dp,jdbcType=DOUBLE},
			</if>
			<if test="area_gross_ext != null">
			area_gross_ext = #{area_gross_ext,jdbcType=DOUBLE},
			</if>
			<if test="area_gross_int != null">
			area_gross_int = #{area_gross_int,jdbcType=DOUBLE},
			</if>
			<if test="area_ls_negotiated != null">
			area_ls_negotiated = #{area_ls_negotiated,jdbcType=DOUBLE},
			</if>
			<if test="area_nocup != null">
			area_nocup = #{area_nocup,jdbcType=DOUBLE},
			</if>
			<if test="area_nocup_comn != null">
			area_nocup_comn = #{area_nocup_comn,jdbcType=DOUBLE},
			</if>
			<if test="area_nocup_dp != null">
			area_nocup_dp = #{area_nocup_dp,jdbcType=DOUBLE},
			</if>
			<if test="area_ocup != null">
			area_ocup = #{area_ocup,jdbcType=DOUBLE},
			</if>
			<if test="area_ocup_comn != null">
			area_ocup_comn = #{area_ocup_comn,jdbcType=DOUBLE},
			</if>
			<if test="area_ocup_dp != null">
			area_ocup_dp = #{area_ocup_dp,jdbcType=DOUBLE},
			</if>
			<if test="area_remain != null">
			area_remain = #{area_remain,jdbcType=DOUBLE},
			</if>
			<if test="area_rentable != null">
			area_rentable = #{area_rentable,jdbcType=DOUBLE},
			</if>
			<if test="area_rm != null">
			area_rm = #{area_rm,jdbcType=DOUBLE},
			</if>
			<if test="area_rm_comn != null">
			area_rm_comn = #{area_rm_comn,jdbcType=DOUBLE},
			</if>
			<if test="area_rm_dp != null">
			area_rm_dp = #{area_rm_dp,jdbcType=DOUBLE},
			</if>
			<if test="area_serv != null">
			area_serv = #{area_serv,jdbcType=DOUBLE},
			</if>
			<if test="area_su != null">
			area_su = #{area_su,jdbcType=DOUBLE},
			</if>
			<if test="area_usable != null">
			area_usable = #{area_usable,jdbcType=DOUBLE},
			</if>
			<if test="area_vert_pen != null">
			area_vert_pen = #{area_vert_pen,jdbcType=DOUBLE},
			</if>
			<if test="criticality != null">
			criticality = #{criticality,jdbcType=Integer},
			</if>
			<if test="count_occup != null">
			count_occup = #{count_occup,jdbcType=Integer},
			</if>
			<if test="count_max_occup != null">
			count_max_occup = #{count_max_occup,jdbcType=Integer},
			</if>
			<if test="count_fl != null">
			count_fl = #{count_fl,jdbcType=Integer},
			</if>
			<if test="count_em != null">
			count_em = #{count_em,jdbcType=BIGINT},
			</if>
			<if test="cost_utility_total != null">
			cost_utility_total = #{cost_utility_total,jdbcType=DOUBLE},
			</if>
			<if test="cost_tax_total != null">
			cost_tax_total = #{cost_tax_total,jdbcType=DOUBLE},
			</if>
			<if test="cost_sqft != null">
			cost_sqft = #{cost_sqft,jdbcType=BIGINT},
			</if>
			<if test="cost_other_total != null">
			cost_other_total = #{cost_other_total,jdbcType=DOUBLE},
			</if>
			<if test="heating_balance_point != null">
			heating_balance_point = #{heating_balance_point,jdbcType=DOUBLE},
			</if>
			<if test="grp_uid != null and grp_uid != ''">
			grp_uid = #{grp_uid,jdbcType=VARCHAR},
			</if>
			<if test="geo_objectid != null">
			geo_objectid = #{geo_objectid,jdbcType=Integer},
			</if>
			<if test="energy_baseline_year != null and energy_baseline_year != ''">
			energy_baseline_year = #{energy_baseline_year,jdbcType=VARCHAR},
			</if>
			<if test="ehandle != null and ehandle != ''">
			ehandle = #{ehandle,jdbcType=VARCHAR},
			</if>
			<if test="dwgname != null and dwgname != ''">
			dwgname = #{dwgname,jdbcType=VARCHAR},
			</if>
			<if test="disposal_type != null and disposal_type != ''">
			disposal_type = #{disposal_type,jdbcType=VARCHAR},
			</if>
			<if test="detail_dwg != null and detail_dwg != ''">
			detail_dwg = #{detail_dwg,jdbcType=VARCHAR},
			</if>
			<if test="date_rehab != null">
			date_rehab = #{date_rehab,jdbcType=DATE},
			</if>
			<if test="status != null and status != ''">
			status = #{status,jdbcType=VARCHAR},
			</if>
			<if test="state_id != null and state_id != ''">
			state_id = #{state_id,jdbcType=VARCHAR},
			</if>
			<if test="site_id != null and site_id != ''">
			site_id = #{site_id,jdbcType=VARCHAR},
			</if>
			<if test="regn_id != null and regn_id != ''">
			regn_id = #{regn_id,jdbcType=VARCHAR},
			</if>
			<if test="ratio_ur != null">
			ratio_ur = #{ratio_ur,jdbcType=BIGINT},
			</if>
			<if test="ratio_ru != null">
			ratio_ru = #{ratio_ru,jdbcType=BIGINT},
			</if>
			<if test="pr_id != null and pr_id != ''">
			pr_id = #{pr_id,jdbcType=VARCHAR},
			</if>
			<if test="pending_action != null and pending_action != ''">
			pending_action = #{pending_action,jdbcType=VARCHAR},
			</if>
			<if test="option2 != null and option2 != ''">
			option2 = #{option2,jdbcType=VARCHAR},
			</if>
			<if test="zip != null and zip != ''">
			zip = #{zip,jdbcType=VARCHAR},
			</if>
			<if test="weather_station_id != null and weather_station_id != ''">
			weather_station_id = #{weather_station_id,jdbcType=VARCHAR},
			</if>
			<if test="weather_source_id != null and weather_source_id != ''">
			weather_source_id = #{weather_source_id,jdbcType=VARCHAR},
			</if>
			<if test="value_market != null">
			value_market = #{value_market,jdbcType=DOUBLE},
			</if>
			<if test="value_book != null">
			value_book = #{value_book,jdbcType=DOUBLE},
			</if>
			<if test="utility_type_heat != null and utility_type_heat != ''">
			utility_type_heat = #{utility_type_heat,jdbcType=VARCHAR},
			</if>
			<if test="utility_type_cool != null and utility_type_cool != ''">
			utility_type_cool = #{utility_type_cool,jdbcType=VARCHAR},
			</if>
			<if test="use1 != null and use1 != ''">
			use1 = #{use1,jdbcType=VARCHAR},
			</if>
			<if test="std_area_per_em != null">
			std_area_per_em = #{std_area_per_em,jdbcType=BIGINT},
			</if>
			<if test="option1 != null and option1 != ''">
			option1 = #{option1,jdbcType=VARCHAR},
			</if>
			<if test="name != null and name != ''">
			name = #{name,jdbcType=VARCHAR},
			</if>
			<if test="lon != null">
			lon = #{lon,jdbcType=DOUBLE},
			</if>
			<if test="legal_id != null and legal_id != ''">
			legal_id = #{legal_id,jdbcType=VARCHAR},
			</if>
			<if test="lat != null">
			lat = #{lat,jdbcType=DOUBLE},
			</if>
			<if test="income_total != null">
			income_total = #{income_total,jdbcType=DOUBLE},
			</if>
			<if test="image_file != null and image_file != ''">
			image_file = #{image_file,jdbcType=VARCHAR},
			</if>
			<if test="heating_balance_point_manual != null">
			heating_balance_point_manual = #{heating_balance_point_manual,jdbcType=DOUBLE},
			</if>
			<if test="date_market_val != null">
			date_market_val = #{date_market_val,jdbcType=DATE},
			</if>
			<if test="date_disposal != null">
			date_disposal = #{date_disposal,jdbcType=DATE},
			</if>
			<if test="date_costs_start != null">
			date_costs_start = #{date_costs_start,jdbcType=DATE},
			</if>
			<if test="date_costs_last_calcd != null">
			date_costs_last_calcd = #{date_costs_last_calcd,jdbcType=DATE},
			</if>
			<if test="date_costs_end != null">
			date_costs_end = #{date_costs_end,jdbcType=DATE},
			</if>
			<if test="date_book_val != null">
			date_book_val = #{date_book_val,jdbcType=DATE},
			</if>
			<if test="date_bl != null">
			date_bl = #{date_bl,jdbcType=DATE},
			</if>
			<if test="ctry_id != null and ctry_id != ''">
			ctry_id = #{ctry_id,jdbcType=VARCHAR},
			</if>
			<if test="cost_operating_total != null">
			cost_operating_total = #{cost_operating_total,jdbcType=DOUBLE},
			</if>
			<if test="cooling_balance_point_manual != null">
			cooling_balance_point_manual = #{cooling_balance_point_manual,jdbcType=DOUBLE},
			</if>
			<if test="cooling_balance_point != null">
			cooling_balance_point = #{cooling_balance_point,jdbcType=DOUBLE},
			</if>
			<if test="contact_phone != null and contact_phone != ''">
			contact_phone = #{contact_phone,jdbcType=VARCHAR},
			</if>
			<if test="contact_name != null and contact_name != ''">
			contact_name = #{contact_name,jdbcType=VARCHAR},
			</if>
			<if test="construction_type != null and construction_type != ''">
			construction_type = #{construction_type,jdbcType=VARCHAR},
			</if>
			<if test="condition != null and condition != ''">
			condition = #{condition,jdbcType=VARCHAR},
			</if>
			<if test="comments != null and comments != ''">
			comments = #{comments,jdbcType=VARCHAR},
			</if>
			<if test="comment_disposal != null and comment_disposal != ''">
			comment_disposal = #{comment_disposal,jdbcType=VARCHAR},
			</if>
			<if test="city_id != null and city_id != ''">
			city_id = #{city_id,jdbcType=VARCHAR},
			</if>
			<if test="campus_id != null and campus_id != ''">
			campus_id = #{campus_id,jdbcType=VARCHAR},
			</if>
			<if test="campus != null and campus != ''">
			campus = #{campus,jdbcType=VARCHAR},
			</if>
			<if test="bldg_photo != null and bldg_photo != ''">
			bldg_photo = #{bldg_photo,jdbcType=VARCHAR},
			</if>
			<if test="auto_est_balance_points != null">
			auto_est_balance_points = #{auto_est_balance_points,jdbcType=Integer},
			</if>
		</set>
		where
			bl_id = #{bl_id}
	</update>

	<sql id="get_bl_ids">
		<foreach collection="ids" item="id" open="(" close=")" separator=",">
			#{id}
		</foreach>
	</sql>

	<!-- 删除记录 -->
	<delete id="deleteByIds" parameterType="java.util.HashMap">
		delete from ${db_schemas}.bl 
			where  bl_id in <include refid="get_bl_ids"></include> 
	</delete>
	
	<delete id="deletes" parameterType="com.hnbits.archibus.base.vo.BlVo">
		delete from ${db_schemas}.bl where 1=2 or (
			<if test="ac_id != null and ac_id != ''">
			ac_id = #{ac_id,jdbcType=VARCHAR} 
			</if>
			<if test="address1 != null and address1 != ''">
			 and address1 = #{address1,jdbcType=VARCHAR} 
			</if>
			<if test="address2 != null and address2 != ''">
			 and address2 = #{address2,jdbcType=VARCHAR} 
			</if>
			<if test="area_avg_em != null">
			 and area_avg_em = #{area_avg_em,jdbcType=DOUBLE} 
			</if>
			<if test="area_avg_floor != null">
			 and area_avg_floor = #{area_avg_floor,jdbcType=DOUBLE} 
			</if>
			<if test="area_bl_comn_gp != null">
			 and area_bl_comn_gp = #{area_bl_comn_gp,jdbcType=DOUBLE} 
			</if>
			<if test="area_bl_comn_nocup != null">
			 and area_bl_comn_nocup = #{area_bl_comn_nocup,jdbcType=DOUBLE} 
			</if>
			<if test="area_bl_comn_ocup != null">
			 and area_bl_comn_ocup = #{area_bl_comn_ocup,jdbcType=DOUBLE} 
			</if>
			<if test="area_bl_comn_rm != null">
			 and area_bl_comn_rm = #{area_bl_comn_rm,jdbcType=DOUBLE} 
			</if>
			<if test="area_bl_comn_serv != null">
			 and area_bl_comn_serv = #{area_bl_comn_serv,jdbcType=DOUBLE} 
			</if>
			<if test="area_em_dp != null">
			 and area_em_dp = #{area_em_dp,jdbcType=DOUBLE} 
			</if>
			<if test="area_ext_wall != null">
			 and area_ext_wall = #{area_ext_wall,jdbcType=DOUBLE} 
			</if>
			<if test="area_gp != null">
			 and area_gp = #{area_gp,jdbcType=DOUBLE} 
			</if>
			<if test="area_gp_comn != null">
			 and area_gp_comn = #{area_gp_comn,jdbcType=DOUBLE} 
			</if>
			<if test="area_gp_dp != null">
			 and area_gp_dp = #{area_gp_dp,jdbcType=DOUBLE} 
			</if>
			<if test="area_gross_ext != null">
			 and area_gross_ext = #{area_gross_ext,jdbcType=DOUBLE} 
			</if>
			<if test="area_gross_int != null">
			 and area_gross_int = #{area_gross_int,jdbcType=DOUBLE} 
			</if>
			<if test="area_ls_negotiated != null">
			 and area_ls_negotiated = #{area_ls_negotiated,jdbcType=DOUBLE} 
			</if>
			<if test="area_nocup != null">
			 and area_nocup = #{area_nocup,jdbcType=DOUBLE} 
			</if>
			<if test="area_nocup_comn != null">
			 and area_nocup_comn = #{area_nocup_comn,jdbcType=DOUBLE} 
			</if>
			<if test="area_nocup_dp != null">
			 and area_nocup_dp = #{area_nocup_dp,jdbcType=DOUBLE} 
			</if>
			<if test="area_ocup != null">
			 and area_ocup = #{area_ocup,jdbcType=DOUBLE} 
			</if>
			<if test="area_ocup_comn != null">
			 and area_ocup_comn = #{area_ocup_comn,jdbcType=DOUBLE} 
			</if>
			<if test="area_ocup_dp != null">
			 and area_ocup_dp = #{area_ocup_dp,jdbcType=DOUBLE} 
			</if>
			<if test="area_remain != null">
			 and area_remain = #{area_remain,jdbcType=DOUBLE} 
			</if>
			<if test="area_rentable != null">
			 and area_rentable = #{area_rentable,jdbcType=DOUBLE} 
			</if>
			<if test="area_rm != null">
			 and area_rm = #{area_rm,jdbcType=DOUBLE} 
			</if>
			<if test="area_rm_comn != null">
			 and area_rm_comn = #{area_rm_comn,jdbcType=DOUBLE} 
			</if>
			<if test="area_rm_dp != null">
			 and area_rm_dp = #{area_rm_dp,jdbcType=DOUBLE} 
			</if>
			<if test="area_serv != null">
			 and area_serv = #{area_serv,jdbcType=DOUBLE} 
			</if>
			<if test="area_su != null">
			 and area_su = #{area_su,jdbcType=DOUBLE} 
			</if>
			<if test="area_usable != null">
			 and area_usable = #{area_usable,jdbcType=DOUBLE} 
			</if>
			<if test="area_vert_pen != null">
			 and area_vert_pen = #{area_vert_pen,jdbcType=DOUBLE} 
			</if>
			<if test="criticality != null">
			 and criticality = #{criticality,jdbcType=Integer} 
			</if>
			<if test="count_occup != null">
			 and count_occup = #{count_occup,jdbcType=Integer} 
			</if>
			<if test="count_max_occup != null">
			 and count_max_occup = #{count_max_occup,jdbcType=Integer} 
			</if>
			<if test="count_fl != null">
			 and count_fl = #{count_fl,jdbcType=Integer} 
			</if>
			<if test="count_em != null">
			 and count_em = #{count_em,jdbcType=BIGINT} 
			</if>
			<if test="cost_utility_total != null">
			 and cost_utility_total = #{cost_utility_total,jdbcType=DOUBLE} 
			</if>
			<if test="cost_tax_total != null">
			 and cost_tax_total = #{cost_tax_total,jdbcType=DOUBLE} 
			</if>
			<if test="cost_sqft != null">
			 and cost_sqft = #{cost_sqft,jdbcType=BIGINT} 
			</if>
			<if test="cost_other_total != null">
			 and cost_other_total = #{cost_other_total,jdbcType=DOUBLE} 
			</if>
			<if test="heating_balance_point != null">
			 and heating_balance_point = #{heating_balance_point,jdbcType=DOUBLE} 
			</if>
			<if test="grp_uid != null and grp_uid != ''">
			 and grp_uid = #{grp_uid,jdbcType=VARCHAR} 
			</if>
			<if test="geo_objectid != null">
			 and geo_objectid = #{geo_objectid,jdbcType=Integer} 
			</if>
			<if test="energy_baseline_year != null and energy_baseline_year != ''">
			 and energy_baseline_year = #{energy_baseline_year,jdbcType=VARCHAR} 
			</if>
			<if test="ehandle != null and ehandle != ''">
			 and ehandle = #{ehandle,jdbcType=VARCHAR} 
			</if>
			<if test="dwgname != null and dwgname != ''">
			 and dwgname = #{dwgname,jdbcType=VARCHAR} 
			</if>
			<if test="disposal_type != null and disposal_type != ''">
			 and disposal_type = #{disposal_type,jdbcType=VARCHAR} 
			</if>
			<if test="detail_dwg != null and detail_dwg != ''">
			 and detail_dwg = #{detail_dwg,jdbcType=VARCHAR} 
			</if>
			<if test="date_rehab != null">
			 and date_rehab = #{date_rehab,jdbcType=DATE} 
			</if>
			<if test="status != null and status != ''">
			 and status = #{status,jdbcType=VARCHAR} 
			</if>
			<if test="state_id != null and state_id != ''">
			 and state_id = #{state_id,jdbcType=VARCHAR} 
			</if>
			<if test="site_id != null and site_id != ''">
			 and site_id = #{site_id,jdbcType=VARCHAR} 
			</if>
			<if test="regn_id != null and regn_id != ''">
			 and regn_id = #{regn_id,jdbcType=VARCHAR} 
			</if>
			<if test="ratio_ur != null">
			 and ratio_ur = #{ratio_ur,jdbcType=BIGINT} 
			</if>
			<if test="ratio_ru != null">
			 and ratio_ru = #{ratio_ru,jdbcType=BIGINT} 
			</if>
			<if test="pr_id != null and pr_id != ''">
			 and pr_id = #{pr_id,jdbcType=VARCHAR} 
			</if>
			<if test="pending_action != null and pending_action != ''">
			 and pending_action = #{pending_action,jdbcType=VARCHAR} 
			</if>
			<if test="option2 != null and option2 != ''">
			 and option2 = #{option2,jdbcType=VARCHAR} 
			</if>
			<if test="zip != null and zip != ''">
			 and zip = #{zip,jdbcType=VARCHAR} 
			</if>
			<if test="weather_station_id != null and weather_station_id != ''">
			 and weather_station_id = #{weather_station_id,jdbcType=VARCHAR} 
			</if>
			<if test="weather_source_id != null and weather_source_id != ''">
			 and weather_source_id = #{weather_source_id,jdbcType=VARCHAR} 
			</if>
			<if test="value_market != null">
			 and value_market = #{value_market,jdbcType=DOUBLE} 
			</if>
			<if test="value_book != null">
			 and value_book = #{value_book,jdbcType=DOUBLE} 
			</if>
			<if test="utility_type_heat != null and utility_type_heat != ''">
			 and utility_type_heat = #{utility_type_heat,jdbcType=VARCHAR} 
			</if>
			<if test="utility_type_cool != null and utility_type_cool != ''">
			 and utility_type_cool = #{utility_type_cool,jdbcType=VARCHAR} 
			</if>
			<if test="use1 != null and use1 != ''">
			 and use1 = #{use1,jdbcType=VARCHAR} 
			</if>
			<if test="std_area_per_em != null">
			 and std_area_per_em = #{std_area_per_em,jdbcType=BIGINT} 
			</if>
			<if test="option1 != null and option1 != ''">
			 and option1 = #{option1,jdbcType=VARCHAR} 
			</if>
			<if test="name != null and name != ''">
			 and name = #{name,jdbcType=VARCHAR} 
			</if>
			<if test="lon != null">
			 and lon = #{lon,jdbcType=DOUBLE} 
			</if>
			<if test="legal_id != null and legal_id != ''">
			 and legal_id = #{legal_id,jdbcType=VARCHAR} 
			</if>
			<if test="lat != null">
			 and lat = #{lat,jdbcType=DOUBLE} 
			</if>
			<if test="income_total != null">
			 and income_total = #{income_total,jdbcType=DOUBLE} 
			</if>
			<if test="image_file != null and image_file != ''">
			 and image_file = #{image_file,jdbcType=VARCHAR} 
			</if>
			<if test="heating_balance_point_manual != null">
			 and heating_balance_point_manual = #{heating_balance_point_manual,jdbcType=DOUBLE} 
			</if>
			<if test="date_market_val != null">
			 and date_market_val = #{date_market_val,jdbcType=DATE} 
			</if>
			<if test="date_disposal != null">
			 and date_disposal = #{date_disposal,jdbcType=DATE} 
			</if>
			<if test="date_costs_start != null">
			 and date_costs_start = #{date_costs_start,jdbcType=DATE} 
			</if>
			<if test="date_costs_last_calcd != null">
			 and date_costs_last_calcd = #{date_costs_last_calcd,jdbcType=DATE} 
			</if>
			<if test="date_costs_end != null">
			 and date_costs_end = #{date_costs_end,jdbcType=DATE} 
			</if>
			<if test="date_book_val != null">
			 and date_book_val = #{date_book_val,jdbcType=DATE} 
			</if>
			<if test="date_bl != null">
			 and date_bl = #{date_bl,jdbcType=DATE} 
			</if>
			<if test="ctry_id != null and ctry_id != ''">
			 and ctry_id = #{ctry_id,jdbcType=VARCHAR} 
			</if>
			<if test="cost_operating_total != null">
			 and cost_operating_total = #{cost_operating_total,jdbcType=DOUBLE} 
			</if>
			<if test="cooling_balance_point_manual != null">
			 and cooling_balance_point_manual = #{cooling_balance_point_manual,jdbcType=DOUBLE} 
			</if>
			<if test="cooling_balance_point != null">
			 and cooling_balance_point = #{cooling_balance_point,jdbcType=DOUBLE} 
			</if>
			<if test="contact_phone != null and contact_phone != ''">
			 and contact_phone = #{contact_phone,jdbcType=VARCHAR} 
			</if>
			<if test="contact_name != null and contact_name != ''">
			 and contact_name = #{contact_name,jdbcType=VARCHAR} 
			</if>
			<if test="construction_type != null and construction_type != ''">
			 and construction_type = #{construction_type,jdbcType=VARCHAR} 
			</if>
			<if test="condition != null and condition != ''">
			 and condition = #{condition,jdbcType=VARCHAR} 
			</if>
			<if test="comments != null and comments != ''">
			 and comments = #{comments,jdbcType=VARCHAR} 
			</if>
			<if test="comment_disposal != null and comment_disposal != ''">
			 and comment_disposal = #{comment_disposal,jdbcType=VARCHAR} 
			</if>
			<if test="city_id != null and city_id != ''">
			 and city_id = #{city_id,jdbcType=VARCHAR} 
			</if>
			<if test="campus_id != null and campus_id != ''">
			 and campus_id = #{campus_id,jdbcType=VARCHAR} 
			</if>
			<if test="campus != null and campus != ''">
			 and campus = #{campus,jdbcType=VARCHAR} 
			</if>
			<if test="bldg_photo != null and bldg_photo != ''">
			 and bldg_photo = #{bldg_photo,jdbcType=VARCHAR} 
			</if>
			<if test="auto_est_balance_points != null">
			 and auto_est_balance_points = #{auto_est_balance_points,jdbcType=Integer} 
			</if>
			<if test="bl_id != null and bl_id != ''">
			 and bl_id = #{bl_id,jdbcType=VARCHAR} 
			</if>
		)
	</delete>
</mapper>   
