<?xml version="1.0" encoding="UTF-8"?>
<beans xmlns="http://www.springframework.org/schema/beans" xmlns:xsi="http://www.w3.org/2001/XMLSchema-instance"
	xmlns:util="http://www.springframework.org/schema/util" xmlns:context="http://www.springframework.org/schema/context"
	xsi:schemaLocation="
        http://www.springframework.org/schema/beans http://www.springframework.org/schema/beans/spring-beans-4.1.xsd
        http://www.springframework.org/schema/context http://www.springframework.org/schema/context/spring-context-4.1.xsd
        ">

	<context:component-scan base-package="org.activiti.conf,org.activiti.rest.editor,org.activiti.rest.service">
		<context:exclude-filter type="annotation" expression="org.springframework.stereotype.Controller" />
	</context:component-scan>

	<!-- 单例json对象 -->
	<bean id="objectMapper" class="com.fasterxml.jackson.databind.ObjectMapper" />

	<!-- 引擎内部提供的UUID生成器，依赖fastxml的java-uuid-generator模块 -->
	<!-- 
	<bean id="uuidGenerator" class="org.activiti.engine.impl.persistence.StrongUuidGenerator" />
	 -->
	 
	<!-- Activiti begin -->
	<bean id="processEngineConfiguration" class="org.activiti.spring.SpringProcessEngineConfiguration">
		<!-- <property name="databaseType" value="oracle"></property> -->
		<property name="dataSource" ref="dataSource" />
		<property name="transactionManager" ref="txManager" />
		<property name="databaseSchemaUpdate" value="none" />	<!-- none|true -->
		<property name="jobExecutorActivate" value="true" />
		<!-- <property name="idGenerator" ref="uuidGenerator" /> -->
		<property name="activityFontName" value="${diagram.activityFontName}" />
		<property name="labelFontName" value="${diagram.labelFontName}" />
	</bean>

	<bean id="processEngine" class="org.activiti.spring.ProcessEngineFactoryBean">
		<property name="processEngineConfiguration" ref="processEngineConfiguration" />
	</bean>

	<!-- 7大接口 -->
	<bean id="repositoryService" factory-bean="processEngine" factory-method="getRepositoryService" />
	<bean id="runtimeService" factory-bean="processEngine" factory-method="getRuntimeService" />
	<bean id="formService" factory-bean="processEngine" factory-method="getFormService" />
	<bean id="identityService" factory-bean="processEngine" factory-method="getIdentityService" />
	<bean id="taskService" factory-bean="processEngine" factory-method="getTaskService" />
	<bean id="historyService" factory-bean="processEngine" factory-method="getHistoryService" />
	<bean id="managementService" factory-bean="processEngine" factory-method="getManagementService" />

	<!-- 集成REST服务需要的bean -->
	<bean id="restResponseFactory" class="org.activiti.rest.service.api.RestResponseFactory" />
	<bean id="contentTypeResolver" class="org.activiti.rest.common.application.DefaultContentTypeResolver" />
</beans>