<?xml version="1.0" encoding="UTF-8"?>
<!DOCTYPE mapper PUBLIC "-//mybatis.org//DTD Mapper 3.0//EN" "http://mybatis.org/dtd/mybatis-3-mapper.dtd">
<mapper namespace="com.hnbits.app.log.dao.LoginLogDao">


	<select id="queryLoginLogExist" resultType="com.hnbits.app.log.vo.TbLoginLogVo" parameterType="java.util.HashMap">
		select * from ${db_schemas}.tb_login_log where login_id=#{login_id}
	</select>

	<sql id="sql_find_loginlog">
		select a.*,b.user_name,b.user_code from ${db_schemas}.tb_login_log a
		left join ${db_schemas}.tb_user b on a.user_id = b.user_id
		left join (select dict_value,dict_text from ${db_schemas}.tb_dict_entry where dict_code='1004') c on a.if_login_success =
		c.dict_value
		where 1=1
		<if test="user_name != null">
			and b.user_name = #{user_name}
		</if>
		<if test="user_code != null">
			and b.user_code=#{user_code}
		</if>
		<if test="login_date != null">
			and CONVERT(varchar(100),a.login_date,23)=CONVERT(varchar(100),#{login_date},23)
		</if>
		order by login_date desc,b.user_name asc
	</sql>

	<select id="queryCount" resultType="long" parameterType="com.hnbits.app.log.vo.TbLoginLogVo">
		select count(*) from (
		<include refid="sql_find_loginlog" />
		) tab
	</select>

	<select id="queryList" resultType="com.hnbits.app.log.vo.TbLoginLogVo" parameterType="com.hnbits.app.log.vo.TbLoginLogVo">
		<choose>
			<when test="pagestartno != null and pagesize !=null">
				select top ${pagesize} o.* from (select row_number() over(order by login_date desc) as rownumber,* from(
				<include refid="sql_find_loginlog" />
				)t) o where rownumber > ${pagestartno}
			</when>
			<otherwise>
				select tab.* from (
				<include refid="sql_find_loginlog" />
				) tab order by login_date desc
			</otherwise>
		</choose>
	</select>

	<insert id="insert" parameterType="com.hnbits.app.log.vo.TbLoginLogVo">
		<selectKey resultType="String" order="BEFORE" keyProperty="login_id">
			SELECT REPLACE(newId(),'-','') AS login_id
		</selectKey>
		insert into ${db_schemas}.tb_login_log(LOGIN_ID,USER_ID,LOGIN_DATE,LOGOUT_DATE,LOGIN_IP,SESSION_ID,IF_LOGIN_SUCCESS)
		values(#{login_id},#{user_id,jdbcType=VARCHAR},#{login_date,jdbcType=DATE},#{logout_date,jdbcType=DATE},#{login_ip,jdbcType=VARCHAR},
		#{session_id,jdbcType=VARCHAR},#{if_login_success,jdbcType=VARCHAR})
	</insert>

	<!-- 更新登录日志 -->
	<update id="update" parameterType="com.hnbits.app.log.vo.TbLoginLogVo">
		update ${db_schemas}.tb_login_log set logout_date=GETDATE() where login_id=#{login_id} and logout_date is null
	</update>

</mapper>
	