<?xml version="1.0" encoding="UTF-8"?>
<!DOCTYPE mapper PUBLIC "-//mybatis.org//DTD Mapper 3.0//EN" "http://mybatis.org/dtd/mybatis-3-mapper.dtd">
<mapper namespace="com.hnbits.app.log.dao.SysLogDao">

	<sql id="sql_find_syslog">
		select a.*,b.user_name,b.user_code,c.dict_text oper_type_desc,d.menu_name from ${db_schemas}.tb_sys_log a
		left join ${db_schemas}.tb_user b on a.user_id = b.user_id
		left join (select dict_value,dict_text from ${db_schemas}.tb_dict_entry where dict_code='1006') c on a.oper_type =
		c.dict_value
		left join ${db_schemas}.tb_menu d on a.menu_code=d.menu_code where 1=1
		<if test="user_name != null">
			and b.user_name=#{user_name}
		</if>
		<if test="user_code != null">
			and b.user_code=#{user_code}
		</if>
		<if test="oper_type != null and oper_type != 'ALL'">
			and a.oper_type=#{oper_type}
		</if>
		<if test="log_date != null and log_date != ''">
			and CONVERT(varchar(100),a.log_date,23)=CONVERT(varchar(100),#{log_date},23)
		</if>
		order by log_date desc,b.user_name asc
	</sql>

	<select id="queryCount" resultType="long" parameterType="com.hnbits.app.log.vo.TbSysLogVo">
		select count(*) from (
		<include refid="sql_find_syslog" />
		) tab
	</select>

	<select id="queryList" resultType="com.hnbits.app.log.vo.TbSysLogVo" parameterType="com.hnbits.app.log.vo.TbSysLogVo">
		<choose>
			<when test="pagestartno != null and pagesize !=null">
				select top ${pagesize} o.* from (select row_number() over(order by log_date desc) as rownumber,* from(
				<include refid="sql_find_syslog" />
				)t) o where rownumber > ${pagestartno}
			</when>
			<otherwise>
				select tab.* from (
				<include refid="sql_find_syslog" />
				) tab order by log_date desc
			</otherwise>
		</choose>
	</select>

	<!-- 插入系统日志 -->
	<insert id="insert" parameterType="com.hnbits.app.log.vo.TbSysLogVo">
		<selectKey resultType="String" order="BEFORE" keyProperty="syslog_id">
			SELECT REPLACE(newId(),'-','') AS syslog_id
		</selectKey> 
  	<![CDATA[
  	insert into ${db_schemas}.tb_sys_log(syslog_id,user_id,menu_code,pkid,log_date,context,oper_type) 
  	values(#{syslog_id},#{user_id,jdbcType=VARCHAR},#{menu_code,jdbcType=VARCHAR},#{pkid,jdbcType=VARCHAR},#{log_date,jdbcType=DATE},
  	#{context,jdbcType=VARCHAR},#{oper_type,jdbcType=VARCHAR})
  	]]>
	</insert>

</mapper>
	