<?xml version="1.0" encoding="UTF-8"?>
<!DOCTYPE mapper PUBLIC "-//mybatis.org//DTD Mapper 3.0//EN" "http://mybatis.org/dtd/mybatis-3-mapper.dtd">
<mapper namespace="com.hnbits.archibus.base.dao.FlDao">
	<!-- $!{tableName} table all fields -->
	<sql id="sql_query_columns">
		a.area_allocated,	a.area_em_dp,	a.area_ext_wall,	a.area_fl_comn_gp,	a.area_fl_comn_nocup,	a.area_fl_comn_ocup,	a.area_fl_comn_rm,	a.area_fl_comn_serv,	a.area_gp,	a.area_gp_comn,	a.area_gp_dp,	a.area_gross_ext,	a.area_gross_int,	a.area_manual,	a.area_nocup,	a.area_nocup_comn,	a.area_nocup_dp,	a.detail_dwg,	a.count_em,	a.cost_sqft,	a.area_ocup,	a.area_ocup_comn,	a.area_ocup_dp,	a.area_remain,	a.area_rentable,	a.area_rm,	a.std_area_per_em,	a.sort_order,	a.ratio_ur,	a.ratio_ru,	a.prorate_remain,	a.option2,	a.option1,	a.name,	a.image_file,	a.height_nom,	a.elevation_nom,	a.ehandle,	a.dwgname,	a.area_rm_comn,	a.area_rm_dp,	a.area_serv,	a.area_su,	a.area_usable,	a.area_vert_pen,	a.bl_id,	a.fl_id
	</sql>

	<!-- 表关联 -->
	<sql id="sql_join_clause">
	</sql>
	<!-- 查询条件 -->
	<sql id="sql_where_clause">
		<where>
			<!-- 主表字段作为查询条件 -->
			<if test="area_allocated != null">
				and a.area_allocated = #{area_allocated}
			</if>
			<if test="area_em_dp != null">
				and a.area_em_dp = #{area_em_dp}
			</if>
			<if test="area_ext_wall != null">
				and a.area_ext_wall = #{area_ext_wall}
			</if>
			<if test="area_fl_comn_gp != null">
				and a.area_fl_comn_gp = #{area_fl_comn_gp}
			</if>
			<if test="area_fl_comn_nocup != null">
				and a.area_fl_comn_nocup = #{area_fl_comn_nocup}
			</if>
			<if test="area_fl_comn_ocup != null">
				and a.area_fl_comn_ocup = #{area_fl_comn_ocup}
			</if>
			<if test="area_fl_comn_rm != null">
				and a.area_fl_comn_rm = #{area_fl_comn_rm}
			</if>
			<if test="area_fl_comn_serv != null">
				and a.area_fl_comn_serv = #{area_fl_comn_serv}
			</if>
			<if test="area_gp != null">
				and a.area_gp = #{area_gp}
			</if>
			<if test="area_gp_comn != null">
				and a.area_gp_comn = #{area_gp_comn}
			</if>
			<if test="area_gp_dp != null">
				and a.area_gp_dp = #{area_gp_dp}
			</if>
			<if test="area_gross_ext != null">
				and a.area_gross_ext = #{area_gross_ext}
			</if>
			<if test="area_gross_int != null">
				and a.area_gross_int = #{area_gross_int}
			</if>
			<if test="area_manual != null">
				and a.area_manual = #{area_manual}
			</if>
			<if test="area_nocup != null">
				and a.area_nocup = #{area_nocup}
			</if>
			<if test="area_nocup_comn != null">
				and a.area_nocup_comn = #{area_nocup_comn}
			</if>
			<if test="area_nocup_dp != null">
				and a.area_nocup_dp = #{area_nocup_dp}
			</if>
			<if test="detail_dwg != null and detail_dwg != ''">
				and a.detail_dwg = #{detail_dwg}
			</if>
			<if test="count_em != null">
				and a.count_em = #{count_em}
			</if>
			<if test="cost_sqft != null">
				and a.cost_sqft = #{cost_sqft}
			</if>
			<if test="area_ocup != null">
				and a.area_ocup = #{area_ocup}
			</if>
			<if test="area_ocup_comn != null">
				and a.area_ocup_comn = #{area_ocup_comn}
			</if>
			<if test="area_ocup_dp != null">
				and a.area_ocup_dp = #{area_ocup_dp}
			</if>
			<if test="area_remain != null">
				and a.area_remain = #{area_remain}
			</if>
			<if test="area_rentable != null">
				and a.area_rentable = #{area_rentable}
			</if>
			<if test="area_rm != null">
				and a.area_rm = #{area_rm}
			</if>
			<if test="std_area_per_em != null">
				and a.std_area_per_em = #{std_area_per_em}
			</if>
			<if test="sort_order != null">
				and a.sort_order = #{sort_order}
			</if>
			<if test="ratio_ur != null">
				and a.ratio_ur = #{ratio_ur}
			</if>
			<if test="ratio_ru != null">
				and a.ratio_ru = #{ratio_ru}
			</if>
			<if test="prorate_remain != null and prorate_remain != ''">
				and a.prorate_remain = #{prorate_remain}
			</if>
			<if test="option2 != null and option2 != ''">
				and a.option2 = #{option2}
			</if>
			<if test="option1 != null and option1 != ''">
				and a.option1 = #{option1}
			</if>
			<if test="name != null and name != ''">
				and a.name = #{name}
			</if>
			<if test="image_file != null and image_file != ''">
				and a.image_file = #{image_file}
			</if>
			<if test="height_nom != null">
				and a.height_nom = #{height_nom}
			</if>
			<if test="elevation_nom != null">
				and a.elevation_nom = #{elevation_nom}
			</if>
			<if test="ehandle != null and ehandle != ''">
				and a.ehandle = #{ehandle}
			</if>
			<if test="dwgname != null and dwgname != ''">
				and a.dwgname = #{dwgname}
			</if>
			<if test="area_rm_comn != null">
				and a.area_rm_comn = #{area_rm_comn}
			</if>
			<if test="area_rm_dp != null">
				and a.area_rm_dp = #{area_rm_dp}
			</if>
			<if test="area_serv != null">
				and a.area_serv = #{area_serv}
			</if>
			<if test="area_su != null">
				and a.area_su = #{area_su}
			</if>
			<if test="area_usable != null">
				and a.area_usable = #{area_usable}
			</if>
			<if test="area_vert_pen != null">
				and a.area_vert_pen = #{area_vert_pen}
			</if>
			<if test="bl_id != null and bl_id != ''">
				and a.bl_id = #{bl_id}
			</if>
			<if test="fl_id != null and fl_id != ''">
				and a.fl_id = #{fl_id}
			</if>
			<!-- 引用其它表字段作为查询条件 -->
		</where>
	</sql>

	<select id="queryOne" resultType="com.hnbits.archibus.base.vo.FlVo" parameterType="com.hnbits.archibus.base.vo.FlVo">
		select
		<include refid="sql_query_columns" />
		from ${db_schemas}.fl a
		<include refid="sql_join_clause" />
		<include refid="sql_where_clause" />
	</select>

	<!-- $r{codeName} 列表总数 -->
	<select id="queryCount" resultType="long" parameterType="com.hnbits.archibus.base.vo.FlVo">
		select count(1) from ${db_schemas}.fl a
		<include refid="sql_join_clause" />
		<include refid="sql_where_clause" />
	</select>

	<!-- 查询$r{codeName}列表 -->
	<select id="queryList" resultType="com.hnbits.archibus.base.vo.FlVo" parameterType="com.hnbits.archibus.base.vo.FlVo">
		select tab.* from (
			select rownum rowno,
			<include refid="sql_query_columns" />
			from ${db_schemas}.fl a
			<include refid="sql_join_clause" />
			<include refid="sql_where_clause" />
		) tab
		<if test="pagestartno != null and pageendno !=null">
		<![CDATA[
			where tab.rowno > #{pagestartno} and tab.rowno <= #{pageendno}
		]]>
		</if>
	</select>

	<!-- 插入记录 -->
	<insert id="insert" parameterType="com.hnbits.archibus.base.vo.FlVo">
		<selectKey resultType="java.lang.String" order="BEFORE" keyProperty="fl_id">
			SELECT SYS_GUID() AS fl_id from dual
		</selectKey>
		insert into ${db_schemas}.fl(
		fl_id
			<if test="area_allocated != null">
			,area_allocated
			</if>
			<if test="area_em_dp != null">
			,area_em_dp
			</if>
			<if test="area_ext_wall != null">
			,area_ext_wall
			</if>
			<if test="area_fl_comn_gp != null">
			,area_fl_comn_gp
			</if>
			<if test="area_fl_comn_nocup != null">
			,area_fl_comn_nocup
			</if>
			<if test="area_fl_comn_ocup != null">
			,area_fl_comn_ocup
			</if>
			<if test="area_fl_comn_rm != null">
			,area_fl_comn_rm
			</if>
			<if test="area_fl_comn_serv != null">
			,area_fl_comn_serv
			</if>
			<if test="area_gp != null">
			,area_gp
			</if>
			<if test="area_gp_comn != null">
			,area_gp_comn
			</if>
			<if test="area_gp_dp != null">
			,area_gp_dp
			</if>
			<if test="area_gross_ext != null">
			,area_gross_ext
			</if>
			<if test="area_gross_int != null">
			,area_gross_int
			</if>
			<if test="area_manual != null">
			,area_manual
			</if>
			<if test="area_nocup != null">
			,area_nocup
			</if>
			<if test="area_nocup_comn != null">
			,area_nocup_comn
			</if>
			<if test="area_nocup_dp != null">
			,area_nocup_dp
			</if>
			<if test="detail_dwg != null and detail_dwg != ''">
			,detail_dwg
			</if>
			<if test="count_em != null">
			,count_em
			</if>
			<if test="cost_sqft != null">
			,cost_sqft
			</if>
			<if test="area_ocup != null">
			,area_ocup
			</if>
			<if test="area_ocup_comn != null">
			,area_ocup_comn
			</if>
			<if test="area_ocup_dp != null">
			,area_ocup_dp
			</if>
			<if test="area_remain != null">
			,area_remain
			</if>
			<if test="area_rentable != null">
			,area_rentable
			</if>
			<if test="area_rm != null">
			,area_rm
			</if>
			<if test="std_area_per_em != null">
			,std_area_per_em
			</if>
			<if test="sort_order != null">
			,sort_order
			</if>
			<if test="ratio_ur != null">
			,ratio_ur
			</if>
			<if test="ratio_ru != null">
			,ratio_ru
			</if>
			<if test="prorate_remain != null and prorate_remain != ''">
			,prorate_remain
			</if>
			<if test="option2 != null and option2 != ''">
			,option2
			</if>
			<if test="option1 != null and option1 != ''">
			,option1
			</if>
			<if test="name != null and name != ''">
			,name
			</if>
			<if test="image_file != null and image_file != ''">
			,image_file
			</if>
			<if test="height_nom != null">
			,height_nom
			</if>
			<if test="elevation_nom != null">
			,elevation_nom
			</if>
			<if test="ehandle != null and ehandle != ''">
			,ehandle
			</if>
			<if test="dwgname != null and dwgname != ''">
			,dwgname
			</if>
			<if test="area_rm_comn != null">
			,area_rm_comn
			</if>
			<if test="area_rm_dp != null">
			,area_rm_dp
			</if>
			<if test="area_serv != null">
			,area_serv
			</if>
			<if test="area_su != null">
			,area_su
			</if>
			<if test="area_usable != null">
			,area_usable
			</if>
			<if test="area_vert_pen != null">
			,area_vert_pen
			</if>
			<if test="bl_id != null and bl_id != ''">
			,bl_id
			</if>
			<if test="fl_id != null and fl_id != ''">
			,fl_id
			</if>
		) values(
		#{fl_id,jdbcType=VARCHAR}
			<if test="area_allocated != null">
			,#{area_allocated,jdbcType=DOUBLE}
			</if>
			<if test="area_em_dp != null">
			,#{area_em_dp,jdbcType=DOUBLE}
			</if>
			<if test="area_ext_wall != null">
			,#{area_ext_wall,jdbcType=DOUBLE}
			</if>
			<if test="area_fl_comn_gp != null">
			,#{area_fl_comn_gp,jdbcType=DOUBLE}
			</if>
			<if test="area_fl_comn_nocup != null">
			,#{area_fl_comn_nocup,jdbcType=DOUBLE}
			</if>
			<if test="area_fl_comn_ocup != null">
			,#{area_fl_comn_ocup,jdbcType=DOUBLE}
			</if>
			<if test="area_fl_comn_rm != null">
			,#{area_fl_comn_rm,jdbcType=DOUBLE}
			</if>
			<if test="area_fl_comn_serv != null">
			,#{area_fl_comn_serv,jdbcType=DOUBLE}
			</if>
			<if test="area_gp != null">
			,#{area_gp,jdbcType=DOUBLE}
			</if>
			<if test="area_gp_comn != null">
			,#{area_gp_comn,jdbcType=DOUBLE}
			</if>
			<if test="area_gp_dp != null">
			,#{area_gp_dp,jdbcType=DOUBLE}
			</if>
			<if test="area_gross_ext != null">
			,#{area_gross_ext,jdbcType=DOUBLE}
			</if>
			<if test="area_gross_int != null">
			,#{area_gross_int,jdbcType=DOUBLE}
			</if>
			<if test="area_manual != null">
			,#{area_manual,jdbcType=DOUBLE}
			</if>
			<if test="area_nocup != null">
			,#{area_nocup,jdbcType=DOUBLE}
			</if>
			<if test="area_nocup_comn != null">
			,#{area_nocup_comn,jdbcType=DOUBLE}
			</if>
			<if test="area_nocup_dp != null">
			,#{area_nocup_dp,jdbcType=DOUBLE}
			</if>
			<if test="detail_dwg != null and detail_dwg != ''">
			,#{detail_dwg,jdbcType=VARCHAR}
			</if>
			<if test="count_em != null">
			,#{count_em,jdbcType=BIGINT}
			</if>
			<if test="cost_sqft != null">
			,#{cost_sqft,jdbcType=BIGINT}
			</if>
			<if test="area_ocup != null">
			,#{area_ocup,jdbcType=DOUBLE}
			</if>
			<if test="area_ocup_comn != null">
			,#{area_ocup_comn,jdbcType=DOUBLE}
			</if>
			<if test="area_ocup_dp != null">
			,#{area_ocup_dp,jdbcType=DOUBLE}
			</if>
			<if test="area_remain != null">
			,#{area_remain,jdbcType=DOUBLE}
			</if>
			<if test="area_rentable != null">
			,#{area_rentable,jdbcType=DOUBLE}
			</if>
			<if test="area_rm != null">
			,#{area_rm,jdbcType=DOUBLE}
			</if>
			<if test="std_area_per_em != null">
			,#{std_area_per_em,jdbcType=BIGINT}
			</if>
			<if test="sort_order != null">
			,#{sort_order,jdbcType=Integer}
			</if>
			<if test="ratio_ur != null">
			,#{ratio_ur,jdbcType=BIGINT}
			</if>
			<if test="ratio_ru != null">
			,#{ratio_ru,jdbcType=BIGINT}
			</if>
			<if test="prorate_remain != null and prorate_remain != ''">
			,#{prorate_remain,jdbcType=VARCHAR}
			</if>
			<if test="option2 != null and option2 != ''">
			,#{option2,jdbcType=VARCHAR}
			</if>
			<if test="option1 != null and option1 != ''">
			,#{option1,jdbcType=VARCHAR}
			</if>
			<if test="name != null and name != ''">
			,#{name,jdbcType=VARCHAR}
			</if>
			<if test="image_file != null and image_file != ''">
			,#{image_file,jdbcType=VARCHAR}
			</if>
			<if test="height_nom != null">
			,#{height_nom,jdbcType=DOUBLE}
			</if>
			<if test="elevation_nom != null">
			,#{elevation_nom,jdbcType=DOUBLE}
			</if>
			<if test="ehandle != null and ehandle != ''">
			,#{ehandle,jdbcType=VARCHAR}
			</if>
			<if test="dwgname != null and dwgname != ''">
			,#{dwgname,jdbcType=VARCHAR}
			</if>
			<if test="area_rm_comn != null">
			,#{area_rm_comn,jdbcType=DOUBLE}
			</if>
			<if test="area_rm_dp != null">
			,#{area_rm_dp,jdbcType=DOUBLE}
			</if>
			<if test="area_serv != null">
			,#{area_serv,jdbcType=DOUBLE}
			</if>
			<if test="area_su != null">
			,#{area_su,jdbcType=DOUBLE}
			</if>
			<if test="area_usable != null">
			,#{area_usable,jdbcType=DOUBLE}
			</if>
			<if test="area_vert_pen != null">
			,#{area_vert_pen,jdbcType=DOUBLE}
			</if>
			<if test="bl_id != null and bl_id != ''">
			,#{bl_id,jdbcType=VARCHAR}
			</if>
			<if test="fl_id != null and fl_id != ''">
			,#{fl_id,jdbcType=VARCHAR}
			</if>
		)
	</insert>

	<!-- 根据id，修改记录 -->
	<update id="update" parameterType="com.hnbits.archibus.base.vo.FlVo">
		update ${db_schemas}.fl
		<set>
			<if test="area_allocated != null">
			area_allocated = #{area_allocated,jdbcType=DOUBLE},
			</if>
			<if test="area_em_dp != null">
			area_em_dp = #{area_em_dp,jdbcType=DOUBLE},
			</if>
			<if test="area_ext_wall != null">
			area_ext_wall = #{area_ext_wall,jdbcType=DOUBLE},
			</if>
			<if test="area_fl_comn_gp != null">
			area_fl_comn_gp = #{area_fl_comn_gp,jdbcType=DOUBLE},
			</if>
			<if test="area_fl_comn_nocup != null">
			area_fl_comn_nocup = #{area_fl_comn_nocup,jdbcType=DOUBLE},
			</if>
			<if test="area_fl_comn_ocup != null">
			area_fl_comn_ocup = #{area_fl_comn_ocup,jdbcType=DOUBLE},
			</if>
			<if test="area_fl_comn_rm != null">
			area_fl_comn_rm = #{area_fl_comn_rm,jdbcType=DOUBLE},
			</if>
			<if test="area_fl_comn_serv != null">
			area_fl_comn_serv = #{area_fl_comn_serv,jdbcType=DOUBLE},
			</if>
			<if test="area_gp != null">
			area_gp = #{area_gp,jdbcType=DOUBLE},
			</if>
			<if test="area_gp_comn != null">
			area_gp_comn = #{area_gp_comn,jdbcType=DOUBLE},
			</if>
			<if test="area_gp_dp != null">
			area_gp_dp = #{area_gp_dp,jdbcType=DOUBLE},
			</if>
			<if test="area_gross_ext != null">
			area_gross_ext = #{area_gross_ext,jdbcType=DOUBLE},
			</if>
			<if test="area_gross_int != null">
			area_gross_int = #{area_gross_int,jdbcType=DOUBLE},
			</if>
			<if test="area_manual != null">
			area_manual = #{area_manual,jdbcType=DOUBLE},
			</if>
			<if test="area_nocup != null">
			area_nocup = #{area_nocup,jdbcType=DOUBLE},
			</if>
			<if test="area_nocup_comn != null">
			area_nocup_comn = #{area_nocup_comn,jdbcType=DOUBLE},
			</if>
			<if test="area_nocup_dp != null">
			area_nocup_dp = #{area_nocup_dp,jdbcType=DOUBLE},
			</if>
			<if test="detail_dwg != null and detail_dwg != ''">
			detail_dwg = #{detail_dwg,jdbcType=VARCHAR},
			</if>
			<if test="count_em != null">
			count_em = #{count_em,jdbcType=BIGINT},
			</if>
			<if test="cost_sqft != null">
			cost_sqft = #{cost_sqft,jdbcType=BIGINT},
			</if>
			<if test="area_ocup != null">
			area_ocup = #{area_ocup,jdbcType=DOUBLE},
			</if>
			<if test="area_ocup_comn != null">
			area_ocup_comn = #{area_ocup_comn,jdbcType=DOUBLE},
			</if>
			<if test="area_ocup_dp != null">
			area_ocup_dp = #{area_ocup_dp,jdbcType=DOUBLE},
			</if>
			<if test="area_remain != null">
			area_remain = #{area_remain,jdbcType=DOUBLE},
			</if>
			<if test="area_rentable != null">
			area_rentable = #{area_rentable,jdbcType=DOUBLE},
			</if>
			<if test="area_rm != null">
			area_rm = #{area_rm,jdbcType=DOUBLE},
			</if>
			<if test="std_area_per_em != null">
			std_area_per_em = #{std_area_per_em,jdbcType=BIGINT},
			</if>
			<if test="sort_order != null">
			sort_order = #{sort_order,jdbcType=Integer},
			</if>
			<if test="ratio_ur != null">
			ratio_ur = #{ratio_ur,jdbcType=BIGINT},
			</if>
			<if test="ratio_ru != null">
			ratio_ru = #{ratio_ru,jdbcType=BIGINT},
			</if>
			<if test="prorate_remain != null and prorate_remain != ''">
			prorate_remain = #{prorate_remain,jdbcType=VARCHAR},
			</if>
			<if test="option2 != null and option2 != ''">
			option2 = #{option2,jdbcType=VARCHAR},
			</if>
			<if test="option1 != null and option1 != ''">
			option1 = #{option1,jdbcType=VARCHAR},
			</if>
			<if test="name != null and name != ''">
			name = #{name,jdbcType=VARCHAR},
			</if>
			<if test="image_file != null and image_file != ''">
			image_file = #{image_file,jdbcType=VARCHAR},
			</if>
			<if test="height_nom != null">
			height_nom = #{height_nom,jdbcType=DOUBLE},
			</if>
			<if test="elevation_nom != null">
			elevation_nom = #{elevation_nom,jdbcType=DOUBLE},
			</if>
			<if test="ehandle != null and ehandle != ''">
			ehandle = #{ehandle,jdbcType=VARCHAR},
			</if>
			<if test="dwgname != null and dwgname != ''">
			dwgname = #{dwgname,jdbcType=VARCHAR},
			</if>
			<if test="area_rm_comn != null">
			area_rm_comn = #{area_rm_comn,jdbcType=DOUBLE},
			</if>
			<if test="area_rm_dp != null">
			area_rm_dp = #{area_rm_dp,jdbcType=DOUBLE},
			</if>
			<if test="area_serv != null">
			area_serv = #{area_serv,jdbcType=DOUBLE},
			</if>
			<if test="area_su != null">
			area_su = #{area_su,jdbcType=DOUBLE},
			</if>
			<if test="area_usable != null">
			area_usable = #{area_usable,jdbcType=DOUBLE},
			</if>
			<if test="area_vert_pen != null">
			area_vert_pen = #{area_vert_pen,jdbcType=DOUBLE},
			</if>
			<if test="bl_id != null and bl_id != ''">
			bl_id = #{bl_id,jdbcType=VARCHAR},
			</if>
		</set>
		where
			fl_id = #{fl_id}
	</update>

	<sql id="get_fl_ids">
		<foreach collection="ids" item="id" open="(" close=")" separator=",">
			#{id}
		</foreach>
	</sql>

	<!-- 删除记录 -->
	<delete id="deleteByIds" parameterType="java.util.HashMap">
		delete from ${db_schemas}.fl 
			where  fl_id in <include refid="get_fl_ids"></include> 
	</delete>
	
	<delete id="deletes" parameterType="com.hnbits.archibus.base.vo.FlVo">
		delete from ${db_schemas}.fl where 1=2 or (
			<if test="area_allocated != null">
			area_allocated = #{area_allocated,jdbcType=DOUBLE} 
			
			</if>
			<if test="area_em_dp != null">
			 and area_em_dp = #{area_em_dp,jdbcType=DOUBLE} 
			
			</if>
			<if test="area_ext_wall != null">
			 and area_ext_wall = #{area_ext_wall,jdbcType=DOUBLE} 
			
			</if>
			<if test="area_fl_comn_gp != null">
			 and area_fl_comn_gp = #{area_fl_comn_gp,jdbcType=DOUBLE} 
			
			</if>
			<if test="area_fl_comn_nocup != null">
			 and area_fl_comn_nocup = #{area_fl_comn_nocup,jdbcType=DOUBLE} 
			
			</if>
			<if test="area_fl_comn_ocup != null">
			 and area_fl_comn_ocup = #{area_fl_comn_ocup,jdbcType=DOUBLE} 
			
			</if>
			<if test="area_fl_comn_rm != null">
			 and area_fl_comn_rm = #{area_fl_comn_rm,jdbcType=DOUBLE} 
			
			</if>
			<if test="area_fl_comn_serv != null">
			 and area_fl_comn_serv = #{area_fl_comn_serv,jdbcType=DOUBLE} 
			
			</if>
			<if test="area_gp != null">
			 and area_gp = #{area_gp,jdbcType=DOUBLE} 
			
			</if>
			<if test="area_gp_comn != null">
			 and area_gp_comn = #{area_gp_comn,jdbcType=DOUBLE} 
			
			</if>
			<if test="area_gp_dp != null">
			 and area_gp_dp = #{area_gp_dp,jdbcType=DOUBLE} 
			
			</if>
			<if test="area_gross_ext != null">
			 and area_gross_ext = #{area_gross_ext,jdbcType=DOUBLE} 
			
			</if>
			<if test="area_gross_int != null">
			 and area_gross_int = #{area_gross_int,jdbcType=DOUBLE} 
			
			</if>
			<if test="area_manual != null">
			 and area_manual = #{area_manual,jdbcType=DOUBLE} 
			
			</if>
			<if test="area_nocup != null">
			 and area_nocup = #{area_nocup,jdbcType=DOUBLE} 
			
			</if>
			<if test="area_nocup_comn != null">
			 and area_nocup_comn = #{area_nocup_comn,jdbcType=DOUBLE} 
			
			</if>
			<if test="area_nocup_dp != null">
			 and area_nocup_dp = #{area_nocup_dp,jdbcType=DOUBLE} 
			
			</if>
			<if test="detail_dwg != null and detail_dwg != ''">
			 and detail_dwg = #{detail_dwg,jdbcType=VARCHAR} 
			
			</if>
			<if test="count_em != null">
			 and count_em = #{count_em,jdbcType=BIGINT} 
			
			</if>
			<if test="cost_sqft != null">
			 and cost_sqft = #{cost_sqft,jdbcType=BIGINT} 
			
			</if>
			<if test="area_ocup != null">
			 and area_ocup = #{area_ocup,jdbcType=DOUBLE} 
			
			</if>
			<if test="area_ocup_comn != null">
			 and area_ocup_comn = #{area_ocup_comn,jdbcType=DOUBLE} 
			
			</if>
			<if test="area_ocup_dp != null">
			 and area_ocup_dp = #{area_ocup_dp,jdbcType=DOUBLE} 
			
			</if>
			<if test="area_remain != null">
			 and area_remain = #{area_remain,jdbcType=DOUBLE} 
			
			</if>
			<if test="area_rentable != null">
			 and area_rentable = #{area_rentable,jdbcType=DOUBLE} 
			
			</if>
			<if test="area_rm != null">
			 and area_rm = #{area_rm,jdbcType=DOUBLE} 
			
			</if>
			<if test="std_area_per_em != null">
			 and std_area_per_em = #{std_area_per_em,jdbcType=BIGINT} 
			
			</if>
			<if test="sort_order != null">
			 and sort_order = #{sort_order,jdbcType=Integer} 
			
			</if>
			<if test="ratio_ur != null">
			 and ratio_ur = #{ratio_ur,jdbcType=BIGINT} 
			
			</if>
			<if test="ratio_ru != null">
			 and ratio_ru = #{ratio_ru,jdbcType=BIGINT} 
			
			</if>
			<if test="prorate_remain != null and prorate_remain != ''">
			 and prorate_remain = #{prorate_remain,jdbcType=VARCHAR} 
			
			</if>
			<if test="option2 != null and option2 != ''">
			 and option2 = #{option2,jdbcType=VARCHAR} 
			
			</if>
			<if test="option1 != null and option1 != ''">
			 and option1 = #{option1,jdbcType=VARCHAR} 
			
			</if>
			<if test="name != null and name != ''">
			 and name = #{name,jdbcType=VARCHAR} 
			
			</if>
			<if test="image_file != null and image_file != ''">
			 and image_file = #{image_file,jdbcType=VARCHAR} 
			
			</if>
			<if test="height_nom != null">
			 and height_nom = #{height_nom,jdbcType=DOUBLE} 
			
			</if>
			<if test="elevation_nom != null">
			 and elevation_nom = #{elevation_nom,jdbcType=DOUBLE} 
			
			</if>
			<if test="ehandle != null and ehandle != ''">
			 and ehandle = #{ehandle,jdbcType=VARCHAR} 
			
			</if>
			<if test="dwgname != null and dwgname != ''">
			 and dwgname = #{dwgname,jdbcType=VARCHAR} 
			
			</if>
			<if test="area_rm_comn != null">
			 and area_rm_comn = #{area_rm_comn,jdbcType=DOUBLE} 
			
			</if>
			<if test="area_rm_dp != null">
			 and area_rm_dp = #{area_rm_dp,jdbcType=DOUBLE} 
			
			</if>
			<if test="area_serv != null">
			 and area_serv = #{area_serv,jdbcType=DOUBLE} 
			
			</if>
			<if test="area_su != null">
			 and area_su = #{area_su,jdbcType=DOUBLE} 
			
			</if>
			<if test="area_usable != null">
			 and area_usable = #{area_usable,jdbcType=DOUBLE} 
			
			</if>
			<if test="area_vert_pen != null">
			 and area_vert_pen = #{area_vert_pen,jdbcType=DOUBLE} 
			
			</if>
			<if test="bl_id != null and bl_id != ''">
			 and bl_id = #{bl_id,jdbcType=VARCHAR} 
			
			</if>
			<if test="fl_id != null and fl_id != ''">
			 and fl_id = #{fl_id,jdbcType=VARCHAR} 
			
			</if>
		)
	</delete>
</mapper>   
