<?xml version="1.0" encoding="UTF-8"?>
<!DOCTYPE mapper PUBLIC "-//mybatis.org//DTD Mapper 3.0//EN" "http://mybatis.org/dtd/mybatis-3-mapper.dtd">
<mapper namespace="com.hnbits.archibus.base.dao.RmDao">
	<!-- $!{tableName} table all fields -->
	<sql id="sql_query_columns">
		a.area,	a.area_alloc,	a.area_chargable,	a.area_comn,	a.area_comn_nocup,	a.area_comn_ocup,	a.cap_em,	a.cost_sqft,	a.date_last_surveyed,	a.lat,	a.hotelable,	a.geo_objectid,	a.extension,	a.ehandle,	a.dwgname,	a.dv_id,	a.dp_id,	a.count_em,	a.survey_comments_rm,	a.rm_use,	a.rm_type,	a.rm_std,	a.rm_cat,	a.reservable,	a.recovery_status,	a.prorate,	a.phone,	a.transfer_status,	a.tc_level,	a.survey_redline_rm,	a.survey_photo,	a.org_id,	a.option2,	a.option1,	a.name,	a.ls_id,	a.lon,	a.length,	a.layer_name,	a.cost,	a.area_comn_rm,	a.area_comn_serv,	a.area_manual,	a.area_unalloc,	a.bl_id,	a.fl_id,	a.rm_id
	</sql>

	<!-- 表关联 -->
	<sql id="sql_join_clause">
	</sql>
	<!-- 查询条件 -->
	<sql id="sql_where_clause">
		<where>
			<!-- 主表字段作为查询条件 -->
			<if test="area != null">
				and a.area = #{area}
			</if>
			<if test="area_alloc != null">
				and a.area_alloc = #{area_alloc}
			</if>
			<if test="area_chargable != null">
				and a.area_chargable = #{area_chargable}
			</if>
			<if test="area_comn != null">
				and a.area_comn = #{area_comn}
			</if>
			<if test="area_comn_nocup != null">
				and a.area_comn_nocup = #{area_comn_nocup}
			</if>
			<if test="area_comn_ocup != null">
				and a.area_comn_ocup = #{area_comn_ocup}
			</if>
			<if test="cap_em != null">
				and a.cap_em = #{cap_em}
			</if>
			<if test="cost_sqft != null">
				and a.cost_sqft = #{cost_sqft}
			</if>
			<if test="date_last_surveyed != null">
				and a.date_last_surveyed = #{date_last_surveyed}
			</if>
			<if test="lat != null">
				and a.lat = #{lat}
			</if>
			<if test="hotelable != null">
				and a.hotelable = #{hotelable}
			</if>
			<if test="geo_objectid != null">
				and a.geo_objectid = #{geo_objectid}
			</if>
			<if test="extension != null and extension != ''">
				and a.extension = #{extension}
			</if>
			<if test="ehandle != null and ehandle != ''">
				and a.ehandle = #{ehandle}
			</if>
			<if test="dwgname != null and dwgname != ''">
				and a.dwgname = #{dwgname}
			</if>
			<if test="dv_id != null and dv_id != ''">
				and a.dv_id = #{dv_id}
			</if>
			<if test="dp_id != null and dp_id != ''">
				and a.dp_id = #{dp_id}
			</if>
			<if test="count_em != null">
				and a.count_em = #{count_em}
			</if>
			<if test="survey_comments_rm != null and survey_comments_rm != ''">
				and a.survey_comments_rm = #{survey_comments_rm}
			</if>
			<if test="rm_use != null and rm_use != ''">
				and a.rm_use = #{rm_use}
			</if>
			<if test="rm_type != null and rm_type != ''">
				and a.rm_type = #{rm_type}
			</if>
			<if test="rm_std != null and rm_std != ''">
				and a.rm_std = #{rm_std}
			</if>
			<if test="rm_cat != null and rm_cat != ''">
				and a.rm_cat = #{rm_cat}
			</if>
			<if test="reservable != null">
				and a.reservable = #{reservable}
			</if>
			<if test="recovery_status != null and recovery_status != ''">
				and a.recovery_status = #{recovery_status}
			</if>
			<if test="prorate != null and prorate != ''">
				and a.prorate = #{prorate}
			</if>
			<if test="phone != null and phone != ''">
				and a.phone = #{phone}
			</if>
			<if test="transfer_status != null and transfer_status != ''">
				and a.transfer_status = #{transfer_status}
			</if>
			<if test="tc_level != null and tc_level != ''">
				and a.tc_level = #{tc_level}
			</if>
			<if test="survey_redline_rm != null and survey_redline_rm != ''">
				and a.survey_redline_rm = #{survey_redline_rm}
			</if>
			<if test="survey_photo != null and survey_photo != ''">
				and a.survey_photo = #{survey_photo}
			</if>
			<if test="org_id != null and org_id != ''">
				and a.org_id = #{org_id}
			</if>
			<if test="option2 != null and option2 != ''">
				and a.option2 = #{option2}
			</if>
			<if test="option1 != null and option1 != ''">
				and a.option1 = #{option1}
			</if>
			<if test="name != null and name != ''">
				and a.name = #{name}
			</if>
			<if test="ls_id != null and ls_id != ''">
				and a.ls_id = #{ls_id}
			</if>
			<if test="lon != null">
				and a.lon = #{lon}
			</if>
			<if test="length != null">
				and a.length = #{length}
			</if>
			<if test="layer_name != null and layer_name != ''">
				and a.layer_name = #{layer_name}
			</if>
			<if test="cost != null">
				and a.cost = #{cost}
			</if>
			<if test="area_comn_rm != null">
				and a.area_comn_rm = #{area_comn_rm}
			</if>
			<if test="area_comn_serv != null">
				and a.area_comn_serv = #{area_comn_serv}
			</if>
			<if test="area_manual != null">
				and a.area_manual = #{area_manual}
			</if>
			<if test="area_unalloc != null">
				and a.area_unalloc = #{area_unalloc}
			</if>
			<if test="bl_id != null and bl_id != ''">
				and a.bl_id = #{bl_id}
			</if>
			<if test="fl_id != null and fl_id != ''">
				and a.fl_id = #{fl_id}
			</if>
			<if test="rm_id != null and rm_id != ''">
				and a.rm_id = #{rm_id}
			</if>
			<!-- 引用其它表字段作为查询条件 -->
		</where>
	</sql>

	<select id="queryOne" resultType="com.hnbits.archibus.base.vo.RmVo" parameterType="com.hnbits.archibus.base.vo.RmVo">
		select
		<include refid="sql_query_columns" />
		from ${db_schemas}.rm a
		<include refid="sql_join_clause" />
		<include refid="sql_where_clause" />
	</select>

	<!-- $r{codeName} 列表总数 -->
	<select id="queryCount" resultType="long" parameterType="com.hnbits.archibus.base.vo.RmVo">
		select count(1) from ${db_schemas}.rm a
		<include refid="sql_join_clause" />
		<include refid="sql_where_clause" />
	</select>

	<!-- 查询$r{codeName}列表 -->
	<select id="queryList" resultType="com.hnbits.archibus.base.vo.RmVo" parameterType="com.hnbits.archibus.base.vo.RmVo">
		select tab.* from (
			select rownum rowno,
			<include refid="sql_query_columns" />
			from ${db_schemas}.rm a
			<include refid="sql_join_clause" />
			<include refid="sql_where_clause" />
		) tab
		<if test="pagestartno != null and pageendno !=null">
		<![CDATA[
			where tab.rowno > #{pagestartno} and tab.rowno <= #{pageendno}
		]]>
		</if>
	</select>

	<!-- 插入记录 -->
	<insert id="insert" parameterType="com.hnbits.archibus.base.vo.RmVo">
		<selectKey resultType="java.lang.String" order="BEFORE" keyProperty="rm_id">
			SELECT SYS_GUID() AS rm_id from dual
		</selectKey>
		insert into ${db_schemas}.rm(
		rm_id
			<if test="area != null">
			,area
			</if>
			<if test="area_alloc != null">
			,area_alloc
			</if>
			<if test="area_chargable != null">
			,area_chargable
			</if>
			<if test="area_comn != null">
			,area_comn
			</if>
			<if test="area_comn_nocup != null">
			,area_comn_nocup
			</if>
			<if test="area_comn_ocup != null">
			,area_comn_ocup
			</if>
			<if test="cap_em != null">
			,cap_em
			</if>
			<if test="cost_sqft != null">
			,cost_sqft
			</if>
			<if test="date_last_surveyed != null">
			,date_last_surveyed
			</if>
			<if test="lat != null">
			,lat
			</if>
			<if test="hotelable != null">
			,hotelable
			</if>
			<if test="geo_objectid != null">
			,geo_objectid
			</if>
			<if test="extension != null and extension != ''">
			,extension
			</if>
			<if test="ehandle != null and ehandle != ''">
			,ehandle
			</if>
			<if test="dwgname != null and dwgname != ''">
			,dwgname
			</if>
			<if test="dv_id != null and dv_id != ''">
			,dv_id
			</if>
			<if test="dp_id != null and dp_id != ''">
			,dp_id
			</if>
			<if test="count_em != null">
			,count_em
			</if>
			<if test="survey_comments_rm != null and survey_comments_rm != ''">
			,survey_comments_rm
			</if>
			<if test="rm_use != null and rm_use != ''">
			,rm_use
			</if>
			<if test="rm_type != null and rm_type != ''">
			,rm_type
			</if>
			<if test="rm_std != null and rm_std != ''">
			,rm_std
			</if>
			<if test="rm_cat != null and rm_cat != ''">
			,rm_cat
			</if>
			<if test="reservable != null">
			,reservable
			</if>
			<if test="recovery_status != null and recovery_status != ''">
			,recovery_status
			</if>
			<if test="prorate != null and prorate != ''">
			,prorate
			</if>
			<if test="phone != null and phone != ''">
			,phone
			</if>
			<if test="transfer_status != null and transfer_status != ''">
			,transfer_status
			</if>
			<if test="tc_level != null and tc_level != ''">
			,tc_level
			</if>
			<if test="survey_redline_rm != null and survey_redline_rm != ''">
			,survey_redline_rm
			</if>
			<if test="survey_photo != null and survey_photo != ''">
			,survey_photo
			</if>
			<if test="org_id != null and org_id != ''">
			,org_id
			</if>
			<if test="option2 != null and option2 != ''">
			,option2
			</if>
			<if test="option1 != null and option1 != ''">
			,option1
			</if>
			<if test="name != null and name != ''">
			,name
			</if>
			<if test="ls_id != null and ls_id != ''">
			,ls_id
			</if>
			<if test="lon != null">
			,lon
			</if>
			<if test="length != null">
			,length
			</if>
			<if test="layer_name != null and layer_name != ''">
			,layer_name
			</if>
			<if test="cost != null">
			,cost
			</if>
			<if test="area_comn_rm != null">
			,area_comn_rm
			</if>
			<if test="area_comn_serv != null">
			,area_comn_serv
			</if>
			<if test="area_manual != null">
			,area_manual
			</if>
			<if test="area_unalloc != null">
			,area_unalloc
			</if>
			<if test="bl_id != null and bl_id != ''">
			,bl_id
			</if>
			<if test="fl_id != null and fl_id != ''">
			,fl_id
			</if>
			<if test="rm_id != null and rm_id != ''">
			,rm_id
			</if>
		) values(
		#{rm_id,jdbcType=VARCHAR}
			<if test="area != null">
			,#{area,jdbcType=BIGINT}
			</if>
			<if test="area_alloc != null">
			,#{area_alloc,jdbcType=BIGINT}
			</if>
			<if test="area_chargable != null">
			,#{area_chargable,jdbcType=DOUBLE}
			</if>
			<if test="area_comn != null">
			,#{area_comn,jdbcType=BIGINT}
			</if>
			<if test="area_comn_nocup != null">
			,#{area_comn_nocup,jdbcType=BIGINT}
			</if>
			<if test="area_comn_ocup != null">
			,#{area_comn_ocup,jdbcType=BIGINT}
			</if>
			<if test="cap_em != null">
			,#{cap_em,jdbcType=Integer}
			</if>
			<if test="cost_sqft != null">
			,#{cost_sqft,jdbcType=BIGINT}
			</if>
			<if test="date_last_surveyed != null">
			,#{date_last_surveyed,jdbcType=DATE}
			</if>
			<if test="lat != null">
			,#{lat,jdbcType=DOUBLE}
			</if>
			<if test="hotelable != null">
			,#{hotelable,jdbcType=Integer}
			</if>
			<if test="geo_objectid != null">
			,#{geo_objectid,jdbcType=Integer}
			</if>
			<if test="extension != null and extension != ''">
			,#{extension,jdbcType=VARCHAR}
			</if>
			<if test="ehandle != null and ehandle != ''">
			,#{ehandle,jdbcType=VARCHAR}
			</if>
			<if test="dwgname != null and dwgname != ''">
			,#{dwgname,jdbcType=VARCHAR}
			</if>
			<if test="dv_id != null and dv_id != ''">
			,#{dv_id,jdbcType=VARCHAR}
			</if>
			<if test="dp_id != null and dp_id != ''">
			,#{dp_id,jdbcType=VARCHAR}
			</if>
			<if test="count_em != null">
			,#{count_em,jdbcType=BIGINT}
			</if>
			<if test="survey_comments_rm != null and survey_comments_rm != ''">
			,#{survey_comments_rm,jdbcType=VARCHAR}
			</if>
			<if test="rm_use != null and rm_use != ''">
			,#{rm_use,jdbcType=VARCHAR}
			</if>
			<if test="rm_type != null and rm_type != ''">
			,#{rm_type,jdbcType=VARCHAR}
			</if>
			<if test="rm_std != null and rm_std != ''">
			,#{rm_std,jdbcType=VARCHAR}
			</if>
			<if test="rm_cat != null and rm_cat != ''">
			,#{rm_cat,jdbcType=VARCHAR}
			</if>
			<if test="reservable != null">
			,#{reservable,jdbcType=Integer}
			</if>
			<if test="recovery_status != null and recovery_status != ''">
			,#{recovery_status,jdbcType=VARCHAR}
			</if>
			<if test="prorate != null and prorate != ''">
			,#{prorate,jdbcType=VARCHAR}
			</if>
			<if test="phone != null and phone != ''">
			,#{phone,jdbcType=VARCHAR}
			</if>
			<if test="transfer_status != null and transfer_status != ''">
			,#{transfer_status,jdbcType=VARCHAR}
			</if>
			<if test="tc_level != null and tc_level != ''">
			,#{tc_level,jdbcType=VARCHAR}
			</if>
			<if test="survey_redline_rm != null and survey_redline_rm != ''">
			,#{survey_redline_rm,jdbcType=VARCHAR}
			</if>
			<if test="survey_photo != null and survey_photo != ''">
			,#{survey_photo,jdbcType=VARCHAR}
			</if>
			<if test="org_id != null and org_id != ''">
			,#{org_id,jdbcType=VARCHAR}
			</if>
			<if test="option2 != null and option2 != ''">
			,#{option2,jdbcType=VARCHAR}
			</if>
			<if test="option1 != null and option1 != ''">
			,#{option1,jdbcType=VARCHAR}
			</if>
			<if test="name != null and name != ''">
			,#{name,jdbcType=VARCHAR}
			</if>
			<if test="ls_id != null and ls_id != ''">
			,#{ls_id,jdbcType=VARCHAR}
			</if>
			<if test="lon != null">
			,#{lon,jdbcType=DOUBLE}
			</if>
			<if test="length != null">
			,#{length,jdbcType=DOUBLE}
			</if>
			<if test="layer_name != null and layer_name != ''">
			,#{layer_name,jdbcType=VARCHAR}
			</if>
			<if test="cost != null">
			,#{cost,jdbcType=DOUBLE}
			</if>
			<if test="area_comn_rm != null">
			,#{area_comn_rm,jdbcType=BIGINT}
			</if>
			<if test="area_comn_serv != null">
			,#{area_comn_serv,jdbcType=BIGINT}
			</if>
			<if test="area_manual != null">
			,#{area_manual,jdbcType=BIGINT}
			</if>
			<if test="area_unalloc != null">
			,#{area_unalloc,jdbcType=BIGINT}
			</if>
			<if test="bl_id != null and bl_id != ''">
			,#{bl_id,jdbcType=VARCHAR}
			</if>
			<if test="fl_id != null and fl_id != ''">
			,#{fl_id,jdbcType=VARCHAR}
			</if>
			<if test="rm_id != null and rm_id != ''">
			,#{rm_id,jdbcType=VARCHAR}
			</if>
		)
	</insert>

	<!-- 根据id，修改记录 -->
	<update id="update" parameterType="com.hnbits.archibus.base.vo.RmVo">
		update ${db_schemas}.rm
		<set>
			<if test="area != null">
			area = #{area,jdbcType=BIGINT},
			</if>
			<if test="area_alloc != null">
			area_alloc = #{area_alloc,jdbcType=BIGINT},
			</if>
			<if test="area_chargable != null">
			area_chargable = #{area_chargable,jdbcType=DOUBLE},
			</if>
			<if test="area_comn != null">
			area_comn = #{area_comn,jdbcType=BIGINT},
			</if>
			<if test="area_comn_nocup != null">
			area_comn_nocup = #{area_comn_nocup,jdbcType=BIGINT},
			</if>
			<if test="area_comn_ocup != null">
			area_comn_ocup = #{area_comn_ocup,jdbcType=BIGINT},
			</if>
			<if test="cap_em != null">
			cap_em = #{cap_em,jdbcType=Integer},
			</if>
			<if test="cost_sqft != null">
			cost_sqft = #{cost_sqft,jdbcType=BIGINT},
			</if>
			<if test="date_last_surveyed != null">
			date_last_surveyed = #{date_last_surveyed,jdbcType=DATE},
			</if>
			<if test="lat != null">
			lat = #{lat,jdbcType=DOUBLE},
			</if>
			<if test="hotelable != null">
			hotelable = #{hotelable,jdbcType=Integer},
			</if>
			<if test="geo_objectid != null">
			geo_objectid = #{geo_objectid,jdbcType=Integer},
			</if>
			<if test="extension != null and extension != ''">
			extension = #{extension,jdbcType=VARCHAR},
			</if>
			<if test="ehandle != null and ehandle != ''">
			ehandle = #{ehandle,jdbcType=VARCHAR},
			</if>
			<if test="dwgname != null and dwgname != ''">
			dwgname = #{dwgname,jdbcType=VARCHAR},
			</if>
			<if test="dv_id != null and dv_id != ''">
			dv_id = #{dv_id,jdbcType=VARCHAR},
			</if>
			<if test="dp_id != null and dp_id != ''">
			dp_id = #{dp_id,jdbcType=VARCHAR},
			</if>
			<if test="count_em != null">
			count_em = #{count_em,jdbcType=BIGINT},
			</if>
			<if test="survey_comments_rm != null and survey_comments_rm != ''">
			survey_comments_rm = #{survey_comments_rm,jdbcType=VARCHAR},
			</if>
			<if test="rm_use != null and rm_use != ''">
			rm_use = #{rm_use,jdbcType=VARCHAR},
			</if>
			<if test="rm_type != null and rm_type != ''">
			rm_type = #{rm_type,jdbcType=VARCHAR},
			</if>
			<if test="rm_std != null and rm_std != ''">
			rm_std = #{rm_std,jdbcType=VARCHAR},
			</if>
			<if test="rm_cat != null and rm_cat != ''">
			rm_cat = #{rm_cat,jdbcType=VARCHAR},
			</if>
			<if test="reservable != null">
			reservable = #{reservable,jdbcType=Integer},
			</if>
			<if test="recovery_status != null and recovery_status != ''">
			recovery_status = #{recovery_status,jdbcType=VARCHAR},
			</if>
			<if test="prorate != null and prorate != ''">
			prorate = #{prorate,jdbcType=VARCHAR},
			</if>
			<if test="phone != null and phone != ''">
			phone = #{phone,jdbcType=VARCHAR},
			</if>
			<if test="transfer_status != null and transfer_status != ''">
			transfer_status = #{transfer_status,jdbcType=VARCHAR},
			</if>
			<if test="tc_level != null and tc_level != ''">
			tc_level = #{tc_level,jdbcType=VARCHAR},
			</if>
			<if test="survey_redline_rm != null and survey_redline_rm != ''">
			survey_redline_rm = #{survey_redline_rm,jdbcType=VARCHAR},
			</if>
			<if test="survey_photo != null and survey_photo != ''">
			survey_photo = #{survey_photo,jdbcType=VARCHAR},
			</if>
			<if test="org_id != null and org_id != ''">
			org_id = #{org_id,jdbcType=VARCHAR},
			</if>
			<if test="option2 != null and option2 != ''">
			option2 = #{option2,jdbcType=VARCHAR},
			</if>
			<if test="option1 != null and option1 != ''">
			option1 = #{option1,jdbcType=VARCHAR},
			</if>
			<if test="name != null and name != ''">
			name = #{name,jdbcType=VARCHAR},
			</if>
			<if test="ls_id != null and ls_id != ''">
			ls_id = #{ls_id,jdbcType=VARCHAR},
			</if>
			<if test="lon != null">
			lon = #{lon,jdbcType=DOUBLE},
			</if>
			<if test="length != null">
			length = #{length,jdbcType=DOUBLE},
			</if>
			<if test="layer_name != null and layer_name != ''">
			layer_name = #{layer_name,jdbcType=VARCHAR},
			</if>
			<if test="cost != null">
			cost = #{cost,jdbcType=DOUBLE},
			</if>
			<if test="area_comn_rm != null">
			area_comn_rm = #{area_comn_rm,jdbcType=BIGINT},
			</if>
			<if test="area_comn_serv != null">
			area_comn_serv = #{area_comn_serv,jdbcType=BIGINT},
			</if>
			<if test="area_manual != null">
			area_manual = #{area_manual,jdbcType=BIGINT},
			</if>
			<if test="area_unalloc != null">
			area_unalloc = #{area_unalloc,jdbcType=BIGINT},
			</if>
			<if test="bl_id != null and bl_id != ''">
			bl_id = #{bl_id,jdbcType=VARCHAR},
			</if>
			<if test="fl_id != null and fl_id != ''">
			fl_id = #{fl_id,jdbcType=VARCHAR},
			</if>
		</set>
		where
			rm_id = #{rm_id}
	</update>

	<sql id="get_rm_ids">
		<foreach collection="ids" item="id" open="(" close=")" separator=",">
			#{id}
		</foreach>
	</sql>

	<!-- 删除记录 -->
	<delete id="deleteByIds" parameterType="java.util.HashMap">
		delete from ${db_schemas}.rm 
			where  rm_id in <include refid="get_rm_ids"></include> 
	</delete>
	
	<delete id="deletes" parameterType="com.hnbits.archibus.base.vo.RmVo">
		delete from ${db_schemas}.rm where 1=2 or (
			<if test="area != null">
			area = #{area,jdbcType=BIGINT} 
			
			</if>
			<if test="area_alloc != null">
			 and area_alloc = #{area_alloc,jdbcType=BIGINT} 
			
			</if>
			<if test="area_chargable != null">
			 and area_chargable = #{area_chargable,jdbcType=DOUBLE} 
			
			</if>
			<if test="area_comn != null">
			 and area_comn = #{area_comn,jdbcType=BIGINT} 
			
			</if>
			<if test="area_comn_nocup != null">
			 and area_comn_nocup = #{area_comn_nocup,jdbcType=BIGINT} 
			
			</if>
			<if test="area_comn_ocup != null">
			 and area_comn_ocup = #{area_comn_ocup,jdbcType=BIGINT} 
			
			</if>
			<if test="cap_em != null">
			 and cap_em = #{cap_em,jdbcType=Integer} 
			
			</if>
			<if test="cost_sqft != null">
			 and cost_sqft = #{cost_sqft,jdbcType=BIGINT} 
			
			</if>
			<if test="date_last_surveyed != null">
			 and date_last_surveyed = #{date_last_surveyed,jdbcType=DATE} 
			
			</if>
			<if test="lat != null">
			 and lat = #{lat,jdbcType=DOUBLE} 
			
			</if>
			<if test="hotelable != null">
			 and hotelable = #{hotelable,jdbcType=Integer} 
			
			</if>
			<if test="geo_objectid != null">
			 and geo_objectid = #{geo_objectid,jdbcType=Integer} 
			
			</if>
			<if test="extension != null and extension != ''">
			 and extension = #{extension,jdbcType=VARCHAR} 
			
			</if>
			<if test="ehandle != null and ehandle != ''">
			 and ehandle = #{ehandle,jdbcType=VARCHAR} 
			
			</if>
			<if test="dwgname != null and dwgname != ''">
			 and dwgname = #{dwgname,jdbcType=VARCHAR} 
			
			</if>
			<if test="dv_id != null and dv_id != ''">
			 and dv_id = #{dv_id,jdbcType=VARCHAR} 
			
			</if>
			<if test="dp_id != null and dp_id != ''">
			 and dp_id = #{dp_id,jdbcType=VARCHAR} 
			
			</if>
			<if test="count_em != null">
			 and count_em = #{count_em,jdbcType=BIGINT} 
			
			</if>
			<if test="survey_comments_rm != null and survey_comments_rm != ''">
			 and survey_comments_rm = #{survey_comments_rm,jdbcType=VARCHAR} 
			
			</if>
			<if test="rm_use != null and rm_use != ''">
			 and rm_use = #{rm_use,jdbcType=VARCHAR} 
			
			</if>
			<if test="rm_type != null and rm_type != ''">
			 and rm_type = #{rm_type,jdbcType=VARCHAR} 
			
			</if>
			<if test="rm_std != null and rm_std != ''">
			 and rm_std = #{rm_std,jdbcType=VARCHAR} 
			
			</if>
			<if test="rm_cat != null and rm_cat != ''">
			 and rm_cat = #{rm_cat,jdbcType=VARCHAR} 
			
			</if>
			<if test="reservable != null">
			 and reservable = #{reservable,jdbcType=Integer} 
			
			</if>
			<if test="recovery_status != null and recovery_status != ''">
			 and recovery_status = #{recovery_status,jdbcType=VARCHAR} 
			
			</if>
			<if test="prorate != null and prorate != ''">
			 and prorate = #{prorate,jdbcType=VARCHAR} 
			
			</if>
			<if test="phone != null and phone != ''">
			 and phone = #{phone,jdbcType=VARCHAR} 
			
			</if>
			<if test="transfer_status != null and transfer_status != ''">
			 and transfer_status = #{transfer_status,jdbcType=VARCHAR} 
			
			</if>
			<if test="tc_level != null and tc_level != ''">
			 and tc_level = #{tc_level,jdbcType=VARCHAR} 
			
			</if>
			<if test="survey_redline_rm != null and survey_redline_rm != ''">
			 and survey_redline_rm = #{survey_redline_rm,jdbcType=VARCHAR} 
			
			</if>
			<if test="survey_photo != null and survey_photo != ''">
			 and survey_photo = #{survey_photo,jdbcType=VARCHAR} 
			
			</if>
			<if test="org_id != null and org_id != ''">
			 and org_id = #{org_id,jdbcType=VARCHAR} 
			
			</if>
			<if test="option2 != null and option2 != ''">
			 and option2 = #{option2,jdbcType=VARCHAR} 
			
			</if>
			<if test="option1 != null and option1 != ''">
			 and option1 = #{option1,jdbcType=VARCHAR} 
			
			</if>
			<if test="name != null and name != ''">
			 and name = #{name,jdbcType=VARCHAR} 
			
			</if>
			<if test="ls_id != null and ls_id != ''">
			 and ls_id = #{ls_id,jdbcType=VARCHAR} 
			
			</if>
			<if test="lon != null">
			 and lon = #{lon,jdbcType=DOUBLE} 
			
			</if>
			<if test="length != null">
			 and length = #{length,jdbcType=DOUBLE} 
			
			</if>
			<if test="layer_name != null and layer_name != ''">
			 and layer_name = #{layer_name,jdbcType=VARCHAR} 
			
			</if>
			<if test="cost != null">
			 and cost = #{cost,jdbcType=DOUBLE} 
			
			</if>
			<if test="area_comn_rm != null">
			 and area_comn_rm = #{area_comn_rm,jdbcType=BIGINT} 
			
			</if>
			<if test="area_comn_serv != null">
			 and area_comn_serv = #{area_comn_serv,jdbcType=BIGINT} 
			
			</if>
			<if test="area_manual != null">
			 and area_manual = #{area_manual,jdbcType=BIGINT} 
			
			</if>
			<if test="area_unalloc != null">
			 and area_unalloc = #{area_unalloc,jdbcType=BIGINT} 
			
			</if>
			<if test="bl_id != null and bl_id != ''">
			 and bl_id = #{bl_id,jdbcType=VARCHAR} 
			
			</if>
			<if test="fl_id != null and fl_id != ''">
			 and fl_id = #{fl_id,jdbcType=VARCHAR} 
			
			</if>
			<if test="rm_id != null and rm_id != ''">
			 and rm_id = #{rm_id,jdbcType=VARCHAR} 
			
			</if>
		)
	</delete>
</mapper>   
