<?xml version="1.0" encoding="UTF-8"?>
<!DOCTYPE mapper PUBLIC "-//mybatis.org//DTD Mapper 3.0//EN" "http://mybatis.org/dtd/mybatis-3-mapper.dtd">
<mapper namespace="com.hnbits.app.dbtools.dao.DbTableDao">

	<sql id="sql_query_schema">
  	select a.schema_name schema_name, '' account_status from information_schema.schemata 
  	where 1=1 and a.schema_name not in('information_schema','performance_schema') 
  		<if test="schema_name != null and schema_name != ''">
 			and lower(a.schema_name) = lower(#{schema_name})
 		</if>
 		order by a.schema_name asc
  </sql>
  
  <sql id="sql_query_table">
  	select a.table_schema owner, a.table_name table_name,a.table_catalog tablespace_name, a.table_comment comments
  		from information_schema.tables a where a.table_schema in (select schema_name from information_schema.schemata 
  	where schema_name not in('information_schema','performance_schema'))
  	where 1=1
  		<if test="owner != null and owner != ''">
 			and a.table_schema = #{owner}
 		</if>
 		<if test="table_name != null and table_name != ''">
 			and a.table_name = #{table_name}
 		</if>
 		order by a.table_schema,a.table_name asc
  </sql>
  
  <sql id="get_exclude_cols"> 
  	 <foreach collection="exclude_column_name" item="column_name" open="(" close=")" separator=",">
     		#{column_name,jdbcType=VARCHAR}
     </foreach>
  </sql>
  
  <sql id="get_include_cols"> 
  	 <foreach collection="include_column_name" item="column_name" open="(" close=")" separator=",">
     		#{column_name,jdbcType=VARCHAR}
     </foreach>
  </sql>
  
  <sql id="sql_query_tablecolumn">
  	select a.table_schema owner, a.table_name table_name,column_name,data_type,column_comment,0 data_precision,0 data_scale,character_maximum_length data_length,is_nullable nullable 
  		from information_schema.columns a
  	where 1=1 and a.table_schema in (select schema_name from information_schema.schemata 
  		where schema_name not in('information_schema','performance_schema'))
  		<if test="owner != null and owner != ''">
 			and a.table_schema = #{owner}
 		</if>
 		<if test="table_name != null and table_name != ''">
 			and a.table_name = #{table_name}
 		</if>
 		<if test="exclude_column_name != null">
			and a.column_name not in <include refid="get_exclude_cols"/>
		</if>
		<if test="include_column_name != null">
			and a.column_name in <include refid="get_include_cols"/>
		</if>
 		order by a.table_name asc
  </sql>
  
  <select id="querySchemas" resultType="long" parameterType="java.util.HashMap">
  	select count(*) from (
   		<include refid="sql_query_schema"/>  		
   	) tab 
  </select>
  
  <select id="querySchemasList" resultType="com.hnbits.app.dbtools.vo.DbSchemaVo" parameterType="java.util.HashMap">
  	select tab.* from (
   		<include refid="sql_query_schema"/>  		
   	) tab 
   	<if test="pagestartno != null and pagesize !=null">
		<![CDATA[
			limit #{pagestartno},#{pagesize}
		]]>	
	</if>
  </select>
  
  
  <select id="queryTables" resultType="long" parameterType="java.util.HashMap">
  	select count(*) from (
   		<include refid="sql_query_table"/>  		
   	) tab 
  </select>
  
  <select id="queryTablesList" resultType="com.hnbits.app.dbtools.vo.DbTableVo" parameterType="java.util.HashMap">
  	select tab.* from (
   		<include refid="sql_query_table"/>  		
   	) tab 
   	<if test="pagestartno != null and pagesize !=null">
 			<![CDATA[
 				limit #{pagestartno},#{pagesize}
 			]]>	
 		</if>
  </select>
  
  <select id="queryTableColumns" resultType="long" parameterType="java.util.HashMap">
  	select count(*) from (
   		<include refid="sql_query_tablecolumn"/>  		
   	) tab 
  </select>
  
  <select id="queryTableColumnsList" resultType="com.hnbits.app.dbtools.vo.DbTableColumnVo" parameterType="java.util.HashMap">
  	select tab.* from (
   		<include refid="sql_query_tablecolumn"/>  		
   	) tab 
   	<if test="pagestartno != null and pagesize !=null">
 			<![CDATA[
 				limit #{pagestartno},#{pagesize}
 			]]>	
 		</if>
  </select>
  
</mapper>
	