<?xml version="1.0" encoding="UTF-8"?>
<!DOCTYPE mapper PUBLIC "-//mybatis.org//DTD Mapper 3.0//EN" "http://mybatis.org/dtd/mybatis-3-mapper.dtd">
<mapper namespace="com.hnbits.app.dbtools.dao.DbUtilDao">

	<select id="query" resultType="java.util.HashMap" parameterType="java.util.HashMap">
		${sql}
	</select>

	<select id="queryCount" resultType="long" parameterType="java.util.HashMap">
		select count(*) from (
		${sql}
		) tab
	</select>

	<select id="queryList" resultType="java.util.HashMap" parameterType="java.util.HashMap">
		select tab.* from (
			${sql}
		) tab
		<if test="pagestartno != null and pagesize !=null">
		<![CDATA[
			limit #{pagestartno},#{pagesize}
		]]>
		</if>
	</select>

	<select id="queryFromSp" parameterType="java.util.HashMap" statementType="CALLABLE">
		{call ${params.spname}
		<foreach collection="params.spparams" index="key" item="param" open="(" close=")" separator=",">
			#{${param.name},jdbcType=${param.jdbcType},mode=${param.mode}}
		</foreach>
		}
	</select>

	<insert id="insert" parameterType="java.util.HashMap">
		${sql}
	</insert>

	<update id="update" parameterType="java.util.HashMap">
		${sql}
	</update>

	<!-- 删除记录 -->
	<delete id="delete" parameterType="java.util.HashMap">
		${sql}
	</delete>

</mapper>
	