<?xml version="1.0" encoding="UTF-8"?>
<!DOCTYPE mapper PUBLIC "-//mybatis.org//DTD Mapper 3.0//EN" "http://mybatis.org/dtd/mybatis-3-mapper.dtd">
<mapper namespace="com.hnbits.app.doc.dao.DocDao">

	<!--select元素的id属性用来标识此元素,resultType属性的值是Java类的全限定名（即包括类的包名）。 resultType属性可以让您指定一个Java类，根据ResultSetMetaData将其自动映射到JDBC的ResultSet。 
		只要是Java Bean的属性名称和ResultSet的列名匹配，属性自动赋值给列值。 parameterType属性是参数的类型,此属性的值是Java类的全限定名（即包括类的包名）。 它是可选的，但强烈建议使用。它的目的是 限制输入参数的类型为指定的Java类，并优化框架的性能。 -->
	<select id="queryDocByID" resultType="com.hnbits.app.doc.vo.TbDocVo" parameterType="java.util.HashMap">
  <![CDATA[
   	select a.* from ${db_schemas}.tb_doc a where a.doc_id=#{doc_id}
  ]]>
	</select>

	<sql id="sql_query_doc">
		select a.*,b.directory_name,c.user_name create_username from ${db_schemas}.tb_doc a
		left join ${db_schemas}.tb_doc_directory b on a.directory_id = b.directory_id
		left join ${db_schemas}.tb_user c on a.create_userid = c.user_id
		where 1=1
		<if test="create_userid != null and create_userid != 'ALL'">
			and a.create_userid = #{create_userid}
		</if>
		<if test="directory_id != null and directory_id != 'ALL'">
			and a.directory_id = #{directory_id}
		</if>
		<if test="doc_name != null">
			and a.doc_name like CONCAT('%',#{doc_name},'%')
		</if>
		<if test="key_word != null">
			and a.key_word like CONCAT('%',#{key_word},'%')
		</if>
		<if test="remark != null">
			and a.remark like CONCAT('%',#{remark},'%')
		</if>
		<if test="create_time_begin != null and create_time_end != null">
			and CONVERT(varchar(100),a.create_time,23) between #{create_time_begin} and #{create_time_end}
		</if>
	</sql>

	<select id="queryDoc" resultType="long" parameterType="java.util.HashMap">
		select count(*) from (
		<include refid="sql_query_doc" />
		) tab
	</select>

	<select id="queryDocList" resultType="com.hnbits.app.doc.vo.TbDocVo" parameterType="java.util.HashMap">
		<choose>
			<when test="pagestartno != null and pagesize !=null">
				select top ${pagesize} o.* from (select row_number() over(order by create_time desc )as rownumber,* from(
				<include refid="sql_query_doc" />
				) t) o where rownumber > ${pagestartno}
			</when>
			<otherwise>
				select tab.* from (
				<include refid="sql_query_doc" />
				) tab order by create_time desc
			</otherwise>
		</choose>

	</select>

	<sql id="get_doc_ids">
		<foreach collection="doc_ids" item="doc_id" open="(" close=")" separator=",">
			#{doc_id}
		</foreach>
	</sql>

	<delete id="deleteDoc" parameterType="java.util.HashMap">
		delete from ${db_schemas}.tb_doc where doc_id in
		<include refid="get_doc_ids" />
	</delete>

	<insert id="insertDoc" parameterType="com.hnbits.app.doc.vo.TbDocVo">
		<selectKey resultType="String" order="BEFORE" keyProperty="doc_id">
			select REPLACE(newId(),'-','') AS doc_id
		</selectKey>
		insert into ${db_schemas}.tb_doc(doc_id,directory_id,doc_name,doc_content,key_word,remark,create_userid,create_time)
		values(#{doc_id,jdbcType=VARCHAR},#{directory_id,jdbcType=VARCHAR},#{doc_name,jdbcType=VARCHAR},#{doc_content,jdbcType=CLOB},
		#{key_word,jdbcType=VARCHAR},#{remark,jdbcType=VARCHAR},#{create_userid,jdbcType=VARCHAR},GETDATE())
	</insert>

	<insert id="updateDoc" parameterType="com.hnbits.app.doc.vo.TbDocVo">
		update ${db_schemas}.tb_doc set
		doc_content=#{doc_content,jdbcType=CLOB}
		<if test="directory_id != null and directory_id !=null">
			,directory_id=#{directory_id,jdbcType=VARCHAR}
		</if>
		<if test="doc_name != null and doc_name !=null">
			,doc_name=#{doc_name,jdbcType=VARCHAR}
		</if>
		<if test="key_word != null and key_word !=null">
			,key_word=#{key_word,jdbcType=VARCHAR}
		</if>
		<if test="remark != null and remark !=null">
			,remark=#{remark,jdbcType=VARCHAR}
		</if>
		where doc_id=#{doc_id,jdbcType=VARCHAR}
	</insert>

</mapper>
	