<?xml version="1.0" encoding="UTF-8"?>
<!DOCTYPE mapper PUBLIC "-//mybatis.org//DTD Mapper 3.0//EN" "http://mybatis.org/dtd/mybatis-3-mapper.dtd">
<mapper namespace="com.hnbits.app.doc.dao.DocDirectoryDao">

   <!--select元素的id属性用来标识此元素,resultType属性的值是Java类的全限定名（即包括类的包名）。
   resultType属性可以让您指定一个Java类，根据ResultSetMetaData将其自动映射到JDBC的ResultSet。
   	只要是Java Bean的属性名称和ResultSet的列名匹配，属性自动赋值给列值。
   	parameterType属性是参数的类型,此属性的值是Java类的全限定名（即包括类的包名）。
		 它是可选的，但强烈建议使用。它的目的是 限制输入参数的类型为指定的Java类，并优化框架的性能。-->
  <select id="queryDirectoryByID" resultType="com.hnbits.app.doc.vo.TbDocDirectoryVo" parameterType="java.util.HashMap">
  <![CDATA[
   	select a.*,${db_schemas}.f_get_dict_text('1100',a.directory_type) directory_type_desc from ${db_schemas}.tb_doc_directory a where a.directory_id=#{directory_id}
  ]]>	
  </select>
  
  <sql id="sql_query_directory">
  	select a.*,dbo.f_get_dict_text('1100',a.directory_type) directory_type_desc,b.user_name create_username,b.user_code from dbo.tb_doc_directory a left join dbo.tb_user b on a.create_userid=b.user_id where 1=1 
  	<if test="create_userid != null and create_userid != 'ALL'">
 			and a.create_userid = #{create_userid}
 		</if>
 		<if test="directory_type != null and directory_type != 'ALL'">
 			and a.directory_type = #{directory_type}
 		</if>
 		<if test="parent_directory_id != null and parent_directory_id != ''">
 			and a.parent_directory_id = #{parent_directory_id}
 		</if>
 		<if test="directory_name != null">
 			and a.directory_name like CONCAT('%',#{directory_name},'%') 
 		</if>
 		<if test="exclude_directory_id != null">
 			and a.directory_id not in (#{exclude_directory_id})
 		</if>
 		<if test="begin_create_time != null and end_create_time != null">
 			and CONVERT(varchar(100),a.create_time,23) between #{begin_create_time} and #{end_create_time}
 		</if>
  </sql>
 <!--  <sql id="sql_query_directory">
  	select a.*,${db_schemas}.f_get_dict_text('1100',a.directory_type) directory_type_desc,b.user_name create_username,b.user_code from ${db_schemas}.tb_doc_directory a left join ${db_schemas}.tb_user b on a.create_userid=b.user_id where 1=1 
  	<if test="create_userid != null and create_userid != 'ALL'">
 			and a.create_userid = #{create_userid}
 		</if>
 		<if test="directory_type != null and directory_type != 'ALL'">
 			and a.directory_type = #{directory_type}
 		</if>
 		<if test="directory_name != null">
 			and a.directory_name like CONCAT('%',#{directory_name},'%') 
 		</if>
 		<if test="exclude_directory_id != null">
 			and a.directory_id not in (#{exclude_directory_id})
 		</if>
 		<if test="begin_create_time != null and end_create_time != null">
 			and CONVERT(varchar(100),a.create_time,23) between #{begin_create_time} and #{end_create_time}
 		</if>
  </sql> -->
  
  <select id="queryDirectoryList" resultType="com.hnbits.app.doc.vo.TbDocDirectoryVo" parameterType="java.util.HashMap">
   	<choose>
		<when test="pagestartno != null and pagesize !=null">
			select top ${pagesize} o.* from (select row_number() over(order by parent_directory_id) as rownumber,* from(
		   		<include refid="sql_query_directory"/>  		
		   	) t ) o where rownumber > ${pagestartno}
		</when>
		<otherwise>
			select tab.* from (
			<include refid="sql_query_directory" />
			) tab order by create_time desc
		</otherwise>
	</choose>
  </select>
  
  <sql id="get_ids"> 
  	 <foreach collection="ids" item="id" open="(" close=")" separator=",">
     		#{id}
     </foreach>
  </sql> 
  
  <delete id="deleteDirectory"  parameterType="java.util.HashMap">
  	delete from ${db_schemas}.tb_doc_directory where directory_id in <include refid="get_ids"/>  		
  </delete >
  
  <insert id="insertDirectory" parameterType="com.hnbits.app.doc.vo.TbDocDirectoryVo">
  	<selectKey resultType="String" order="BEFORE" keyProperty="directory_id">
  		select REPLACE(newId(),'-','') AS directory_id 
  	</selectKey>
  	insert into ${db_schemas}.tb_doc_directory(directory_id,directory_name,parent_directory_id,directory_type,sort_no,create_userid,create_time) 
  		values(#{directory_id},#{directory_name,jdbcType=VARCHAR},#{parent_directory_id,jdbcType=VARCHAR},#{directory_type,jdbcType=VARCHAR},
  		#{sort_no,jdbcType=VARCHAR},#{create_userid,jdbcType=VARCHAR},GETDATE())
  </insert>
  
  <insert id="updateDirectory" parameterType="com.hnbits.app.doc.vo.TbDocDirectoryVo">
  	update ${db_schemas}.tb_doc_directory set directory_name=#{directory_name,jdbcType=VARCHAR},
  		parent_directory_id=#{parent_directory_id,jdbcType=VARCHAR},
  		sort_no=#{sort_no,jdbcType=VARCHAR}
  		<if test="directory_type != null and directory_type !=null">
  			,directory_type=#{directory_type,jdbcType=VARCHAR}
  		</if>
  		where directory_id=#{directory_id,jdbcType=VARCHAR}
  </insert>
  
</mapper>
	