<?xml version="1.0" encoding="UTF-8"?>
<!DOCTYPE mapper PUBLIC "-//mybatis.org//DTD Mapper 3.0//EN" "http://mybatis.org/dtd/mybatis-3-mapper.dtd">
<mapper namespace="com.hnbits.archibus.project.dao.ProjectDao">
	<!-- $!{tableName} table all fields -->
	<sql id="sql_query_columns">
		a.ac_id,	a.actions_locked,	a.age_existing,	a.apprv_mgr1,	a.apprv_mgr1_status,	a.apprv_mgr2,	a.apprv_mgr2_status,	a.apprv_mgr3,	a.apprv_mgr3_status,	a.area_affected,	a.benefit,	a.bl_id,	a.comments,	a.contact_id,	a.cost_bestcase,	a.cost_budget,	a.cost_committed,	a.cost_est_baseline,	a.cost_est_design,	a.cost_likely,	a.cost_mgmt_res,	a.cost_neg_chgs,	a.cost_negotiated,	a.cost_paid,	a.cost_target_cur,	a.cost_target_orig,	a.cost_worstcase,	a.criticality,	a.date_accepted,	a.date_app_mgr1,	a.date_app_mgr2,	a.date_app_mgr3,	a.date_approved,	a.date_baseline,	a.date_bids_award,	a.date_closed,	a.date_commence_work,	a.date_completed,	a.date_cont_end,	a.date_created,	a.date_design_com,	a.date_end,	a.date_issued,	a.date_requested,	a.date_settlement,	a.date_start,	a.date_target_end,	a.days_per_week,	a.dept_contact,	a.project_name,	a.description,	a.doc,	a.doc_acts_xfer,	a.doc_charter,	a.doc_image,	a.doc_impl_plan,	a.doc_risk_mgmt,	a.doc_scorecard,	a.summary,	a.status,	a.site_id,	a.sequence,	a.score,	a.scope,	a.requestor,	a.project_type,	a.project_quest,	a.project_num,	a.dp_id,	a.duration,	a.duration_est,	a.dv_id,	a.emp_affected,	a.funding_probability,	a.hierarchy_ids,	a.hours_actual,	a.hours_est,	a.is_template,	a.life_expectancy,	a.option1,	a.option2,	a.pct_const_comp,	a.pct_design_comp,	a.pct_total_comp,	a.phone_dept_contact,	a.phone_req,	a.pr_id,	a.priority,	a.prob_type,	a.program_id,	a.proj_mgr,	a.project_id,	a.proj_phase,	contact.name_last as name_last,	contact.name_first as name_first,	projecttype.project_type_ch as project_type_ch,	projecttype.description_ch as project_type_description_ch,	projphase.proj_phase_ch as proj_phase_ch
	</sql>

	<!-- 表关联 -->
	<sql id="sql_join_clause">
			left join AFM.contact contact on a.contact_id = contact.contact_id
			left join AFM.projecttype projecttype on a.project_type = projecttype.project_type
			left join AFM.projphase projphase on a.proj_phase = projphase.proj_phase
	</sql>
	<!-- 查询条件 -->
	<sql id="sql_where_clause">
		<where>
			<!-- 主表字段作为查询条件 -->
			<if test="ac_id != null and ac_id != ''">
				and a.ac_id = #{ac_id}
			</if>
			<if test="actions_locked != null">
				and a.actions_locked = #{actions_locked}
			</if>
			<if test="age_existing != null">
				and a.age_existing = #{age_existing}
			</if>
			<if test="apprv_mgr1 != null and apprv_mgr1 != ''">
				and a.apprv_mgr1 = #{apprv_mgr1}
			</if>
			<if test="apprv_mgr1_status != null and apprv_mgr1_status != ''">
				and a.apprv_mgr1_status = #{apprv_mgr1_status}
			</if>
			<if test="apprv_mgr2 != null and apprv_mgr2 != ''">
				and a.apprv_mgr2 = #{apprv_mgr2}
			</if>
			<if test="apprv_mgr2_status != null and apprv_mgr2_status != ''">
				and a.apprv_mgr2_status = #{apprv_mgr2_status}
			</if>
			<if test="apprv_mgr3 != null and apprv_mgr3 != ''">
				and a.apprv_mgr3 = #{apprv_mgr3}
			</if>
			<if test="apprv_mgr3_status != null and apprv_mgr3_status != ''">
				and a.apprv_mgr3_status = #{apprv_mgr3_status}
			</if>
			<if test="area_affected != null">
				and a.area_affected = #{area_affected}
			</if>
			<if test="benefit != null and benefit != ''">
				and a.benefit = #{benefit}
			</if>
			<if test="bl_id != null and bl_id != ''">
				and a.bl_id = #{bl_id}
			</if>
			<if test="comments != null and comments != ''">
				and a.comments = #{comments}
			</if>
			<if test="contact_id != null and contact_id != ''">
				and a.contact_id = #{contact_id}
			</if>
			<if test="cost_bestcase != null">
				and a.cost_bestcase = #{cost_bestcase}
			</if>
			<if test="cost_budget != null">
				and a.cost_budget = #{cost_budget}
			</if>
			<if test="cost_committed != null">
				and a.cost_committed = #{cost_committed}
			</if>
			<if test="cost_est_baseline != null">
				and a.cost_est_baseline = #{cost_est_baseline}
			</if>
			<if test="cost_est_design != null">
				and a.cost_est_design = #{cost_est_design}
			</if>
			<if test="cost_likely != null">
				and a.cost_likely = #{cost_likely}
			</if>
			<if test="cost_mgmt_res != null">
				and a.cost_mgmt_res = #{cost_mgmt_res}
			</if>
			<if test="cost_neg_chgs != null">
				and a.cost_neg_chgs = #{cost_neg_chgs}
			</if>
			<if test="cost_negotiated != null">
				and a.cost_negotiated = #{cost_negotiated}
			</if>
			<if test="cost_paid != null">
				and a.cost_paid = #{cost_paid}
			</if>
			<if test="cost_target_cur != null">
				and a.cost_target_cur = #{cost_target_cur}
			</if>
			<if test="cost_target_orig != null">
				and a.cost_target_orig = #{cost_target_orig}
			</if>
			<if test="cost_worstcase != null">
				and a.cost_worstcase = #{cost_worstcase}
			</if>
			<if test="criticality != null and criticality != ''">
				and a.criticality = #{criticality}
			</if>
			<if test="date_accepted != null">
				and a.date_accepted = #{date_accepted}
			</if>
			<if test="date_app_mgr1 != null">
				and a.date_app_mgr1 = #{date_app_mgr1}
			</if>
			<if test="date_app_mgr2 != null">
				and a.date_app_mgr2 = #{date_app_mgr2}
			</if>
			<if test="date_app_mgr3 != null">
				and a.date_app_mgr3 = #{date_app_mgr3}
			</if>
			<if test="date_approved != null">
				and a.date_approved = #{date_approved}
			</if>
			<if test="date_baseline != null">
				and a.date_baseline = #{date_baseline}
			</if>
			<if test="date_bids_award != null">
				and a.date_bids_award = #{date_bids_award}
			</if>
			<if test="date_closed != null">
				and a.date_closed = #{date_closed}
			</if>
			<if test="date_commence_work != null">
				and a.date_commence_work = #{date_commence_work}
			</if>
			<if test="date_completed != null">
				and a.date_completed = #{date_completed}
			</if>
			<if test="date_cont_end != null">
				and a.date_cont_end = #{date_cont_end}
			</if>
			<if test="date_created != null">
				and a.date_created = #{date_created}
			</if>
			<if test="date_design_com != null">
				and a.date_design_com = #{date_design_com}
			</if>
			<if test="date_end != null">
				and a.date_end = #{date_end}
			</if>
			<if test="date_issued != null">
				and a.date_issued = #{date_issued}
			</if>
			<if test="date_requested != null">
				and a.date_requested = #{date_requested}
			</if>
			<if test="date_settlement != null">
				and a.date_settlement = #{date_settlement}
			</if>
			<if test="date_start != null">
				and a.date_start = #{date_start}
			</if>
			<if test="date_target_end != null">
				and a.date_target_end = #{date_target_end}
			</if>
			<if test="days_per_week != null">
				and a.days_per_week = #{days_per_week}
			</if>
			<if test="dept_contact != null and dept_contact != ''">
				and a.dept_contact = #{dept_contact}
			</if>
			<if test="project_name != null and project_name != ''">
				and a.project_name = #{project_name}
			</if>
			<if test="description != null and description != ''">
				and a.description = #{description}
			</if>
			<if test="doc != null and doc != ''">
				and a.doc = #{doc}
			</if>
			<if test="doc_acts_xfer != null and doc_acts_xfer != ''">
				and a.doc_acts_xfer = #{doc_acts_xfer}
			</if>
			<if test="doc_charter != null and doc_charter != ''">
				and a.doc_charter = #{doc_charter}
			</if>
			<if test="doc_image != null and doc_image != ''">
				and a.doc_image = #{doc_image}
			</if>
			<if test="doc_impl_plan != null and doc_impl_plan != ''">
				and a.doc_impl_plan = #{doc_impl_plan}
			</if>
			<if test="doc_risk_mgmt != null and doc_risk_mgmt != ''">
				and a.doc_risk_mgmt = #{doc_risk_mgmt}
			</if>
			<if test="doc_scorecard != null and doc_scorecard != ''">
				and a.doc_scorecard = #{doc_scorecard}
			</if>
			<if test="summary != null and summary != ''">
				and a.summary = #{summary}
			</if>
			<if test="status != null and status != ''">
				and a.status = #{status}
			</if>
			<if test="site_id != null and site_id != ''">
				and a.site_id = #{site_id}
			</if>
			<if test="sequence != null">
				and a.sequence = #{sequence}
			</if>
			<if test="score != null">
				and a.score = #{score}
			</if>
			<if test="scope != null and scope != ''">
				and a.scope = #{scope}
			</if>
			<if test="requestor != null and requestor != ''">
				and a.requestor = #{requestor}
			</if>
			<if test="project_type != null and project_type != ''">
				and a.project_type = #{project_type}
			</if>
			<if test="project_quest != null and project_quest != ''">
				and a.project_quest = #{project_quest}
			</if>
			<if test="project_num != null and project_num != ''">
				and a.project_num = #{project_num}
			</if>
			<if test="dp_id != null and dp_id != ''">
				and a.dp_id = #{dp_id}
			</if>
			<if test="duration != null">
				and a.duration = #{duration}
			</if>
			<if test="duration_est != null">
				and a.duration_est = #{duration_est}
			</if>
			<if test="dv_id != null and dv_id != ''">
				and a.dv_id = #{dv_id}
			</if>
			<if test="emp_affected != null">
				and a.emp_affected = #{emp_affected}
			</if>
			<if test="funding_probability != null">
				and a.funding_probability = #{funding_probability}
			</if>
			<if test="hierarchy_ids != null and hierarchy_ids != ''">
				and a.hierarchy_ids = #{hierarchy_ids}
			</if>
			<if test="hours_actual != null">
				and a.hours_actual = #{hours_actual}
			</if>
			<if test="hours_est != null">
				and a.hours_est = #{hours_est}
			</if>
			<if test="is_template != null">
				and a.is_template = #{is_template}
			</if>
			<if test="life_expectancy != null">
				and a.life_expectancy = #{life_expectancy}
			</if>
			<if test="option1 != null and option1 != ''">
				and a.option1 = #{option1}
			</if>
			<if test="option2 != null and option2 != ''">
				and a.option2 = #{option2}
			</if>
			<if test="pct_const_comp != null">
				and a.pct_const_comp = #{pct_const_comp}
			</if>
			<if test="pct_design_comp != null">
				and a.pct_design_comp = #{pct_design_comp}
			</if>
			<if test="pct_total_comp != null">
				and a.pct_total_comp = #{pct_total_comp}
			</if>
			<if test="phone_dept_contact != null and phone_dept_contact != ''">
				and a.phone_dept_contact = #{phone_dept_contact}
			</if>
			<if test="phone_req != null and phone_req != ''">
				and a.phone_req = #{phone_req}
			</if>
			<if test="pr_id != null and pr_id != ''">
				and a.pr_id = #{pr_id}
			</if>
			<if test="priority != null">
				and a.priority = #{priority}
			</if>
			<if test="prob_type != null and prob_type != ''">
				and a.prob_type = #{prob_type}
			</if>
			<if test="program_id != null and program_id != ''">
				and a.program_id = #{program_id}
			</if>
			<if test="proj_mgr != null and proj_mgr != ''">
				and a.proj_mgr = #{proj_mgr}
			</if>
			<if test="project_id != null and project_id != ''">
				and a.project_id = #{project_id}
			</if>
			<if test="proj_phase != null and proj_phase != ''">
				and a.proj_phase = #{proj_phase}
			</if>
			<!-- 引用其它表字段作为查询条件 -->
			<if test="name_last != null and name_last != ''">
				and contact.name_last = #{name_last}
			</if>
			<if test="name_first != null and name_first != ''">
				and contact.name_first = #{name_first}
			</if>
			<if test="project_type_ch != null and project_type_ch != ''">
				and projecttype.project_type_ch = #{project_type_ch}
			</if>
			<if test="project_type_description_ch != null and project_type_description_ch != ''">
				and projecttype.description_ch = #{project_type_description_ch}
			</if>
			<if test="proj_phase_ch != null and proj_phase_ch != ''">
				and projphase.proj_phase_ch = #{proj_phase_ch}
			</if>
		</where>
	</sql>

	<select id="queryOne" resultType="com.hnbits.archibus.project.vo.ProjectVo" parameterType="com.hnbits.archibus.project.vo.ProjectVo">
		select
		<include refid="sql_query_columns" />
		from ${db_schemas}.project a
		<include refid="sql_join_clause" />
		<include refid="sql_where_clause" />
	</select>

	<!-- $r{codeName} 列表总数 -->
	<select id="queryCount" resultType="long" parameterType="com.hnbits.archibus.project.vo.ProjectVo">
		select count(1) from ${db_schemas}.project a
		<include refid="sql_join_clause" />
		<include refid="sql_where_clause" />
	</select>

	<!-- 查询$r{codeName}列表 -->
	<select id="queryList" resultType="com.hnbits.archibus.project.vo.ProjectVo" parameterType="com.hnbits.archibus.project.vo.ProjectVo">
		select
		<include refid="sql_query_columns" />
		from ${db_schemas}.project a
		<include refid="sql_join_clause" />
		<include refid="sql_where_clause" />
		<if test="pagestartno >= 0 and pagesize !=null">
		<![CDATA[
			limit #{pagestartno},#{pagesize}
		]]>
		</if>
	</select>

	<!-- 插入记录 -->
	<insert id="insert" parameterType="com.hnbits.archibus.project.vo.ProjectVo">
		insert into ${db_schemas}.project(
			ac_id,
			actions_locked,
			age_existing,
			apprv_mgr1,
			apprv_mgr1_status,
			apprv_mgr2,
			apprv_mgr2_status,
			apprv_mgr3,
			apprv_mgr3_status,
			area_affected,
			benefit,
			bl_id,
			comments,
			contact_id,
			cost_bestcase,
			cost_budget,
			cost_committed,
			cost_est_baseline,
			cost_est_design,
			cost_likely,
			cost_mgmt_res,
			cost_neg_chgs,
			cost_negotiated,
			cost_paid,
			cost_target_cur,
			cost_target_orig,
			cost_worstcase,
			criticality,
			date_accepted,
			date_app_mgr1,
			date_app_mgr2,
			date_app_mgr3,
			date_approved,
			date_baseline,
			date_bids_award,
			date_closed,
			date_commence_work,
			date_completed,
			date_cont_end,
			date_created,
			date_design_com,
			date_end,
			date_issued,
			date_requested,
			date_settlement,
			date_start,
			date_target_end,
			days_per_week,
			dept_contact,
			project_name,
			description,
			doc,
			doc_acts_xfer,
			doc_charter,
			doc_image,
			doc_impl_plan,
			doc_risk_mgmt,
			doc_scorecard,
			summary,
			status,
			site_id,
			sequence,
			score,
			scope,
			requestor,
			project_type,
			project_quest,
			project_num,
			dp_id,
			duration,
			duration_est,
			dv_id,
			emp_affected,
			funding_probability,
			hierarchy_ids,
			hours_actual,
			hours_est,
			is_template,
			life_expectancy,
			option1,
			option2,
			pct_const_comp,
			pct_design_comp,
			pct_total_comp,
			phone_dept_contact,
			phone_req,
			pr_id,
			priority,
			prob_type,
			program_id,
			proj_mgr,
			project_id,
			proj_phase
		) values(
			#{ac_id,jdbcType=VARCHAR},
			#{actions_locked,jdbcType=Integer},
			#{age_existing,jdbcType=INTEGER},
			#{apprv_mgr1,jdbcType=VARCHAR},
			#{apprv_mgr1_status,jdbcType=VARCHAR},
			#{apprv_mgr2,jdbcType=VARCHAR},
			#{apprv_mgr2_status,jdbcType=VARCHAR},
			#{apprv_mgr3,jdbcType=VARCHAR},
			#{apprv_mgr3_status,jdbcType=VARCHAR},
			#{area_affected,jdbcType=DOUBLE},
			#{benefit,jdbcType=VARCHAR},
			#{bl_id,jdbcType=VARCHAR},
			#{comments,jdbcType=VARCHAR},
			#{contact_id,jdbcType=VARCHAR},
			#{cost_bestcase,jdbcType=DOUBLE},
			#{cost_budget,jdbcType=DOUBLE},
			#{cost_committed,jdbcType=DOUBLE},
			#{cost_est_baseline,jdbcType=DOUBLE},
			#{cost_est_design,jdbcType=DOUBLE},
			#{cost_likely,jdbcType=DOUBLE},
			#{cost_mgmt_res,jdbcType=DOUBLE},
			#{cost_neg_chgs,jdbcType=DOUBLE},
			#{cost_negotiated,jdbcType=DOUBLE},
			#{cost_paid,jdbcType=DOUBLE},
			#{cost_target_cur,jdbcType=DOUBLE},
			#{cost_target_orig,jdbcType=DOUBLE},
			#{cost_worstcase,jdbcType=DOUBLE},
			#{criticality,jdbcType=VARCHAR},
			#{date_accepted,jdbcType=DATE},
			#{date_app_mgr1,jdbcType=DATE},
			#{date_app_mgr2,jdbcType=DATE},
			#{date_app_mgr3,jdbcType=DATE},
			#{date_approved,jdbcType=DATE},
			#{date_baseline,jdbcType=DATE},
			#{date_bids_award,jdbcType=DATE},
			#{date_closed,jdbcType=DATE},
			#{date_commence_work,jdbcType=DATE},
			#{date_completed,jdbcType=DATE},
			#{date_cont_end,jdbcType=DATE},
			#{date_created,jdbcType=DATE},
			#{date_design_com,jdbcType=DATE},
			#{date_end,jdbcType=DATE},
			#{date_issued,jdbcType=DATE},
			#{date_requested,jdbcType=DATE},
			#{date_settlement,jdbcType=DATE},
			#{date_start,jdbcType=DATE},
			#{date_target_end,jdbcType=DATE},
			#{days_per_week,jdbcType=Integer},
			#{dept_contact,jdbcType=VARCHAR},
			#{project_name,jdbcType=VARCHAR},
			#{description,jdbcType=VARCHAR},
			#{doc,jdbcType=VARCHAR},
			#{doc_acts_xfer,jdbcType=VARCHAR},
			#{doc_charter,jdbcType=VARCHAR},
			#{doc_image,jdbcType=VARCHAR},
			#{doc_impl_plan,jdbcType=VARCHAR},
			#{doc_risk_mgmt,jdbcType=VARCHAR},
			#{doc_scorecard,jdbcType=VARCHAR},
			#{summary,jdbcType=VARCHAR},
			#{status,jdbcType=VARCHAR},
			#{site_id,jdbcType=VARCHAR},
			#{sequence,jdbcType=Integer},
			#{score,jdbcType=BIGINT},
			#{scope,jdbcType=VARCHAR},
			#{requestor,jdbcType=VARCHAR},
			#{project_type,jdbcType=VARCHAR},
			#{project_quest,jdbcType=VARCHAR},
			#{project_num,jdbcType=VARCHAR},
			#{dp_id,jdbcType=VARCHAR},
			#{duration,jdbcType=Integer},
			#{duration_est,jdbcType=Integer},
			#{dv_id,jdbcType=VARCHAR},
			#{emp_affected,jdbcType=Integer},
			#{funding_probability,jdbcType=Integer},
			#{hierarchy_ids,jdbcType=VARCHAR},
			#{hours_actual,jdbcType=Integer},
			#{hours_est,jdbcType=Integer},
			#{is_template,jdbcType=Integer},
			#{life_expectancy,jdbcType=INTEGER},
			#{option1,jdbcType=VARCHAR},
			#{option2,jdbcType=VARCHAR},
			#{pct_const_comp,jdbcType=Integer},
			#{pct_design_comp,jdbcType=Integer},
			#{pct_total_comp,jdbcType=Integer},
			#{phone_dept_contact,jdbcType=VARCHAR},
			#{phone_req,jdbcType=VARCHAR},
			#{pr_id,jdbcType=VARCHAR},
			#{priority,jdbcType=Integer},
			#{prob_type,jdbcType=VARCHAR},
			#{program_id,jdbcType=VARCHAR},
			#{proj_mgr,jdbcType=VARCHAR},
			#{project_id,jdbcType=VARCHAR},
			#{proj_phase,jdbcType=VARCHAR}
		)
	</insert>

	<!-- 根据id，修改记录 -->
	<update id="update" parameterType="com.hnbits.archibus.project.vo.ProjectVo">
		update ${db_schemas}.project
		<set>
			<if test="ac_id != null and ac_id != ''">
			ac_id = #{ac_id,jdbcType=VARCHAR},
			</if>
			<if test="actions_locked != null">
			actions_locked = #{actions_locked,jdbcType=Integer},
			</if>
			<if test="age_existing != null">
			age_existing = #{age_existing,jdbcType=INTEGER},
			</if>
			<if test="apprv_mgr1 != null and apprv_mgr1 != ''">
			apprv_mgr1 = #{apprv_mgr1,jdbcType=VARCHAR},
			</if>
			<if test="apprv_mgr1_status != null and apprv_mgr1_status != ''">
			apprv_mgr1_status = #{apprv_mgr1_status,jdbcType=VARCHAR},
			</if>
			<if test="apprv_mgr2 != null and apprv_mgr2 != ''">
			apprv_mgr2 = #{apprv_mgr2,jdbcType=VARCHAR},
			</if>
			<if test="apprv_mgr2_status != null and apprv_mgr2_status != ''">
			apprv_mgr2_status = #{apprv_mgr2_status,jdbcType=VARCHAR},
			</if>
			<if test="apprv_mgr3 != null and apprv_mgr3 != ''">
			apprv_mgr3 = #{apprv_mgr3,jdbcType=VARCHAR},
			</if>
			<if test="apprv_mgr3_status != null and apprv_mgr3_status != ''">
			apprv_mgr3_status = #{apprv_mgr3_status,jdbcType=VARCHAR},
			</if>
			<if test="area_affected != null">
			area_affected = #{area_affected,jdbcType=DOUBLE},
			</if>
			<if test="benefit != null and benefit != ''">
			benefit = #{benefit,jdbcType=VARCHAR},
			</if>
			<if test="bl_id != null and bl_id != ''">
			bl_id = #{bl_id,jdbcType=VARCHAR},
			</if>
			<if test="comments != null and comments != ''">
			comments = #{comments,jdbcType=VARCHAR},
			</if>
			<if test="contact_id != null and contact_id != ''">
			contact_id = #{contact_id,jdbcType=VARCHAR},
			</if>
			<if test="cost_bestcase != null">
			cost_bestcase = #{cost_bestcase,jdbcType=DOUBLE},
			</if>
			<if test="cost_budget != null">
			cost_budget = #{cost_budget,jdbcType=DOUBLE},
			</if>
			<if test="cost_committed != null">
			cost_committed = #{cost_committed,jdbcType=DOUBLE},
			</if>
			<if test="cost_est_baseline != null">
			cost_est_baseline = #{cost_est_baseline,jdbcType=DOUBLE},
			</if>
			<if test="cost_est_design != null">
			cost_est_design = #{cost_est_design,jdbcType=DOUBLE},
			</if>
			<if test="cost_likely != null">
			cost_likely = #{cost_likely,jdbcType=DOUBLE},
			</if>
			<if test="cost_mgmt_res != null">
			cost_mgmt_res = #{cost_mgmt_res,jdbcType=DOUBLE},
			</if>
			<if test="cost_neg_chgs != null">
			cost_neg_chgs = #{cost_neg_chgs,jdbcType=DOUBLE},
			</if>
			<if test="cost_negotiated != null">
			cost_negotiated = #{cost_negotiated,jdbcType=DOUBLE},
			</if>
			<if test="cost_paid != null">
			cost_paid = #{cost_paid,jdbcType=DOUBLE},
			</if>
			<if test="cost_target_cur != null">
			cost_target_cur = #{cost_target_cur,jdbcType=DOUBLE},
			</if>
			<if test="cost_target_orig != null">
			cost_target_orig = #{cost_target_orig,jdbcType=DOUBLE},
			</if>
			<if test="cost_worstcase != null">
			cost_worstcase = #{cost_worstcase,jdbcType=DOUBLE},
			</if>
			<if test="criticality != null and criticality != ''">
			criticality = #{criticality,jdbcType=VARCHAR},
			</if>
			<if test="date_accepted != null">
			date_accepted = #{date_accepted,jdbcType=DATE},
			</if>
			<if test="date_app_mgr1 != null">
			date_app_mgr1 = #{date_app_mgr1,jdbcType=DATE},
			</if>
			<if test="date_app_mgr2 != null">
			date_app_mgr2 = #{date_app_mgr2,jdbcType=DATE},
			</if>
			<if test="date_app_mgr3 != null">
			date_app_mgr3 = #{date_app_mgr3,jdbcType=DATE},
			</if>
			<if test="date_approved != null">
			date_approved = #{date_approved,jdbcType=DATE},
			</if>
			<if test="date_baseline != null">
			date_baseline = #{date_baseline,jdbcType=DATE},
			</if>
			<if test="date_bids_award != null">
			date_bids_award = #{date_bids_award,jdbcType=DATE},
			</if>
			<if test="date_closed != null">
			date_closed = #{date_closed,jdbcType=DATE},
			</if>
			<if test="date_commence_work != null">
			date_commence_work = #{date_commence_work,jdbcType=DATE},
			</if>
			<if test="date_completed != null">
			date_completed = #{date_completed,jdbcType=DATE},
			</if>
			<if test="date_cont_end != null">
			date_cont_end = #{date_cont_end,jdbcType=DATE},
			</if>
			<if test="date_created != null">
			date_created = #{date_created,jdbcType=DATE},
			</if>
			<if test="date_design_com != null">
			date_design_com = #{date_design_com,jdbcType=DATE},
			</if>
			<if test="date_end != null">
			date_end = #{date_end,jdbcType=DATE},
			</if>
			<if test="date_issued != null">
			date_issued = #{date_issued,jdbcType=DATE},
			</if>
			<if test="date_requested != null">
			date_requested = #{date_requested,jdbcType=DATE},
			</if>
			<if test="date_settlement != null">
			date_settlement = #{date_settlement,jdbcType=DATE},
			</if>
			<if test="date_start != null">
			date_start = #{date_start,jdbcType=DATE},
			</if>
			<if test="date_target_end != null">
			date_target_end = #{date_target_end,jdbcType=DATE},
			</if>
			<if test="days_per_week != null">
			days_per_week = #{days_per_week,jdbcType=Integer},
			</if>
			<if test="dept_contact != null and dept_contact != ''">
			dept_contact = #{dept_contact,jdbcType=VARCHAR},
			</if>
			<if test="project_name != null and project_name != ''">
			project_name = #{project_name,jdbcType=VARCHAR},
			</if>
			<if test="description != null and description != ''">
			description = #{description,jdbcType=VARCHAR},
			</if>
			<if test="doc != null and doc != ''">
			doc = #{doc,jdbcType=VARCHAR},
			</if>
			<if test="doc_acts_xfer != null and doc_acts_xfer != ''">
			doc_acts_xfer = #{doc_acts_xfer,jdbcType=VARCHAR},
			</if>
			<if test="doc_charter != null and doc_charter != ''">
			doc_charter = #{doc_charter,jdbcType=VARCHAR},
			</if>
			<if test="doc_image != null and doc_image != ''">
			doc_image = #{doc_image,jdbcType=VARCHAR},
			</if>
			<if test="doc_impl_plan != null and doc_impl_plan != ''">
			doc_impl_plan = #{doc_impl_plan,jdbcType=VARCHAR},
			</if>
			<if test="doc_risk_mgmt != null and doc_risk_mgmt != ''">
			doc_risk_mgmt = #{doc_risk_mgmt,jdbcType=VARCHAR},
			</if>
			<if test="doc_scorecard != null and doc_scorecard != ''">
			doc_scorecard = #{doc_scorecard,jdbcType=VARCHAR},
			</if>
			<if test="summary != null and summary != ''">
			summary = #{summary,jdbcType=VARCHAR},
			</if>
			<if test="status != null and status != ''">
			status = #{status,jdbcType=VARCHAR},
			</if>
			<if test="site_id != null and site_id != ''">
			site_id = #{site_id,jdbcType=VARCHAR},
			</if>
			<if test="sequence != null">
			sequence = #{sequence,jdbcType=Integer},
			</if>
			<if test="score != null">
			score = #{score,jdbcType=BIGINT},
			</if>
			<if test="scope != null and scope != ''">
			scope = #{scope,jdbcType=VARCHAR},
			</if>
			<if test="requestor != null and requestor != ''">
			requestor = #{requestor,jdbcType=VARCHAR},
			</if>
			<if test="project_type != null and project_type != ''">
			project_type = #{project_type,jdbcType=VARCHAR},
			</if>
			<if test="project_quest != null and project_quest != ''">
			project_quest = #{project_quest,jdbcType=VARCHAR},
			</if>
			<if test="project_num != null and project_num != ''">
			project_num = #{project_num,jdbcType=VARCHAR},
			</if>
			<if test="dp_id != null and dp_id != ''">
			dp_id = #{dp_id,jdbcType=VARCHAR},
			</if>
			<if test="duration != null">
			duration = #{duration,jdbcType=Integer},
			</if>
			<if test="duration_est != null">
			duration_est = #{duration_est,jdbcType=Integer},
			</if>
			<if test="dv_id != null and dv_id != ''">
			dv_id = #{dv_id,jdbcType=VARCHAR},
			</if>
			<if test="emp_affected != null">
			emp_affected = #{emp_affected,jdbcType=Integer},
			</if>
			<if test="funding_probability != null">
			funding_probability = #{funding_probability,jdbcType=Integer},
			</if>
			<if test="hierarchy_ids != null and hierarchy_ids != ''">
			hierarchy_ids = #{hierarchy_ids,jdbcType=VARCHAR},
			</if>
			<if test="hours_actual != null">
			hours_actual = #{hours_actual,jdbcType=Integer},
			</if>
			<if test="hours_est != null">
			hours_est = #{hours_est,jdbcType=Integer},
			</if>
			<if test="is_template != null">
			is_template = #{is_template,jdbcType=Integer},
			</if>
			<if test="life_expectancy != null">
			life_expectancy = #{life_expectancy,jdbcType=INTEGER},
			</if>
			<if test="option1 != null and option1 != ''">
			option1 = #{option1,jdbcType=VARCHAR},
			</if>
			<if test="option2 != null and option2 != ''">
			option2 = #{option2,jdbcType=VARCHAR},
			</if>
			<if test="pct_const_comp != null">
			pct_const_comp = #{pct_const_comp,jdbcType=Integer},
			</if>
			<if test="pct_design_comp != null">
			pct_design_comp = #{pct_design_comp,jdbcType=Integer},
			</if>
			<if test="pct_total_comp != null">
			pct_total_comp = #{pct_total_comp,jdbcType=Integer},
			</if>
			<if test="phone_dept_contact != null and phone_dept_contact != ''">
			phone_dept_contact = #{phone_dept_contact,jdbcType=VARCHAR},
			</if>
			<if test="phone_req != null and phone_req != ''">
			phone_req = #{phone_req,jdbcType=VARCHAR},
			</if>
			<if test="pr_id != null and pr_id != ''">
			pr_id = #{pr_id,jdbcType=VARCHAR},
			</if>
			<if test="priority != null">
			priority = #{priority,jdbcType=Integer},
			</if>
			<if test="prob_type != null and prob_type != ''">
			prob_type = #{prob_type,jdbcType=VARCHAR},
			</if>
			<if test="program_id != null and program_id != ''">
			program_id = #{program_id,jdbcType=VARCHAR},
			</if>
			<if test="proj_mgr != null and proj_mgr != ''">
			proj_mgr = #{proj_mgr,jdbcType=VARCHAR},
			</if>
			<if test="project_id != null and project_id != ''">
			project_id = #{project_id,jdbcType=VARCHAR},
			</if>
			<if test="proj_phase != null and proj_phase != ''">
			proj_phase = #{proj_phase,jdbcType=VARCHAR},
			</if>
		</set>
		where
	</update>


	<!-- 删除记录 -->
	<delete id="deleteByIds" parameterType="java.util.HashMap">
		delete from ${db_schemas}.project 
			where 
	</delete>
	
	<delete id="deletes" parameterType="com.hnbits.archibus.project.vo.ProjectVo">
		delete from ${db_schemas}.project where 1=2 or (
			<if test="ac_id != null and ac_id != ''">
			ac_id = #{ac_id,jdbcType=VARCHAR} 
			</if>
			<if test="actions_locked != null">
			 and actions_locked = #{actions_locked,jdbcType=Integer} 
			</if>
			<if test="age_existing != null">
			 and age_existing = #{age_existing,jdbcType=INTEGER} 
			</if>
			<if test="apprv_mgr1 != null and apprv_mgr1 != ''">
			 and apprv_mgr1 = #{apprv_mgr1,jdbcType=VARCHAR} 
			</if>
			<if test="apprv_mgr1_status != null and apprv_mgr1_status != ''">
			 and apprv_mgr1_status = #{apprv_mgr1_status,jdbcType=VARCHAR} 
			</if>
			<if test="apprv_mgr2 != null and apprv_mgr2 != ''">
			 and apprv_mgr2 = #{apprv_mgr2,jdbcType=VARCHAR} 
			</if>
			<if test="apprv_mgr2_status != null and apprv_mgr2_status != ''">
			 and apprv_mgr2_status = #{apprv_mgr2_status,jdbcType=VARCHAR} 
			</if>
			<if test="apprv_mgr3 != null and apprv_mgr3 != ''">
			 and apprv_mgr3 = #{apprv_mgr3,jdbcType=VARCHAR} 
			</if>
			<if test="apprv_mgr3_status != null and apprv_mgr3_status != ''">
			 and apprv_mgr3_status = #{apprv_mgr3_status,jdbcType=VARCHAR} 
			</if>
			<if test="area_affected != null">
			 and area_affected = #{area_affected,jdbcType=DOUBLE} 
			</if>
			<if test="benefit != null and benefit != ''">
			 and benefit = #{benefit,jdbcType=VARCHAR} 
			</if>
			<if test="bl_id != null and bl_id != ''">
			 and bl_id = #{bl_id,jdbcType=VARCHAR} 
			</if>
			<if test="comments != null and comments != ''">
			 and comments = #{comments,jdbcType=VARCHAR} 
			</if>
			<if test="contact_id != null and contact_id != ''">
			 and contact_id = #{contact_id,jdbcType=VARCHAR} 
			</if>
			<if test="cost_bestcase != null">
			 and cost_bestcase = #{cost_bestcase,jdbcType=DOUBLE} 
			</if>
			<if test="cost_budget != null">
			 and cost_budget = #{cost_budget,jdbcType=DOUBLE} 
			</if>
			<if test="cost_committed != null">
			 and cost_committed = #{cost_committed,jdbcType=DOUBLE} 
			</if>
			<if test="cost_est_baseline != null">
			 and cost_est_baseline = #{cost_est_baseline,jdbcType=DOUBLE} 
			</if>
			<if test="cost_est_design != null">
			 and cost_est_design = #{cost_est_design,jdbcType=DOUBLE} 
			</if>
			<if test="cost_likely != null">
			 and cost_likely = #{cost_likely,jdbcType=DOUBLE} 
			</if>
			<if test="cost_mgmt_res != null">
			 and cost_mgmt_res = #{cost_mgmt_res,jdbcType=DOUBLE} 
			</if>
			<if test="cost_neg_chgs != null">
			 and cost_neg_chgs = #{cost_neg_chgs,jdbcType=DOUBLE} 
			</if>
			<if test="cost_negotiated != null">
			 and cost_negotiated = #{cost_negotiated,jdbcType=DOUBLE} 
			</if>
			<if test="cost_paid != null">
			 and cost_paid = #{cost_paid,jdbcType=DOUBLE} 
			</if>
			<if test="cost_target_cur != null">
			 and cost_target_cur = #{cost_target_cur,jdbcType=DOUBLE} 
			</if>
			<if test="cost_target_orig != null">
			 and cost_target_orig = #{cost_target_orig,jdbcType=DOUBLE} 
			</if>
			<if test="cost_worstcase != null">
			 and cost_worstcase = #{cost_worstcase,jdbcType=DOUBLE} 
			</if>
			<if test="criticality != null and criticality != ''">
			 and criticality = #{criticality,jdbcType=VARCHAR} 
			</if>
			<if test="date_accepted != null">
			 and date_accepted = #{date_accepted,jdbcType=DATE} 
			</if>
			<if test="date_app_mgr1 != null">
			 and date_app_mgr1 = #{date_app_mgr1,jdbcType=DATE} 
			</if>
			<if test="date_app_mgr2 != null">
			 and date_app_mgr2 = #{date_app_mgr2,jdbcType=DATE} 
			</if>
			<if test="date_app_mgr3 != null">
			 and date_app_mgr3 = #{date_app_mgr3,jdbcType=DATE} 
			</if>
			<if test="date_approved != null">
			 and date_approved = #{date_approved,jdbcType=DATE} 
			</if>
			<if test="date_baseline != null">
			 and date_baseline = #{date_baseline,jdbcType=DATE} 
			</if>
			<if test="date_bids_award != null">
			 and date_bids_award = #{date_bids_award,jdbcType=DATE} 
			</if>
			<if test="date_closed != null">
			 and date_closed = #{date_closed,jdbcType=DATE} 
			</if>
			<if test="date_commence_work != null">
			 and date_commence_work = #{date_commence_work,jdbcType=DATE} 
			</if>
			<if test="date_completed != null">
			 and date_completed = #{date_completed,jdbcType=DATE} 
			</if>
			<if test="date_cont_end != null">
			 and date_cont_end = #{date_cont_end,jdbcType=DATE} 
			</if>
			<if test="date_created != null">
			 and date_created = #{date_created,jdbcType=DATE} 
			</if>
			<if test="date_design_com != null">
			 and date_design_com = #{date_design_com,jdbcType=DATE} 
			</if>
			<if test="date_end != null">
			 and date_end = #{date_end,jdbcType=DATE} 
			</if>
			<if test="date_issued != null">
			 and date_issued = #{date_issued,jdbcType=DATE} 
			</if>
			<if test="date_requested != null">
			 and date_requested = #{date_requested,jdbcType=DATE} 
			</if>
			<if test="date_settlement != null">
			 and date_settlement = #{date_settlement,jdbcType=DATE} 
			</if>
			<if test="date_start != null">
			 and date_start = #{date_start,jdbcType=DATE} 
			</if>
			<if test="date_target_end != null">
			 and date_target_end = #{date_target_end,jdbcType=DATE} 
			</if>
			<if test="days_per_week != null">
			 and days_per_week = #{days_per_week,jdbcType=Integer} 
			</if>
			<if test="dept_contact != null and dept_contact != ''">
			 and dept_contact = #{dept_contact,jdbcType=VARCHAR} 
			</if>
			<if test="project_name != null and project_name != ''">
			 and project_name = #{project_name,jdbcType=VARCHAR} 
			</if>
			<if test="description != null and description != ''">
			 and description = #{description,jdbcType=VARCHAR} 
			</if>
			<if test="doc != null and doc != ''">
			 and doc = #{doc,jdbcType=VARCHAR} 
			</if>
			<if test="doc_acts_xfer != null and doc_acts_xfer != ''">
			 and doc_acts_xfer = #{doc_acts_xfer,jdbcType=VARCHAR} 
			</if>
			<if test="doc_charter != null and doc_charter != ''">
			 and doc_charter = #{doc_charter,jdbcType=VARCHAR} 
			</if>
			<if test="doc_image != null and doc_image != ''">
			 and doc_image = #{doc_image,jdbcType=VARCHAR} 
			</if>
			<if test="doc_impl_plan != null and doc_impl_plan != ''">
			 and doc_impl_plan = #{doc_impl_plan,jdbcType=VARCHAR} 
			</if>
			<if test="doc_risk_mgmt != null and doc_risk_mgmt != ''">
			 and doc_risk_mgmt = #{doc_risk_mgmt,jdbcType=VARCHAR} 
			</if>
			<if test="doc_scorecard != null and doc_scorecard != ''">
			 and doc_scorecard = #{doc_scorecard,jdbcType=VARCHAR} 
			</if>
			<if test="summary != null and summary != ''">
			 and summary = #{summary,jdbcType=VARCHAR} 
			</if>
			<if test="status != null and status != ''">
			 and status = #{status,jdbcType=VARCHAR} 
			</if>
			<if test="site_id != null and site_id != ''">
			 and site_id = #{site_id,jdbcType=VARCHAR} 
			</if>
			<if test="sequence != null">
			 and sequence = #{sequence,jdbcType=Integer} 
			</if>
			<if test="score != null">
			 and score = #{score,jdbcType=BIGINT} 
			</if>
			<if test="scope != null and scope != ''">
			 and scope = #{scope,jdbcType=VARCHAR} 
			</if>
			<if test="requestor != null and requestor != ''">
			 and requestor = #{requestor,jdbcType=VARCHAR} 
			</if>
			<if test="project_type != null and project_type != ''">
			 and project_type = #{project_type,jdbcType=VARCHAR} 
			</if>
			<if test="project_quest != null and project_quest != ''">
			 and project_quest = #{project_quest,jdbcType=VARCHAR} 
			</if>
			<if test="project_num != null and project_num != ''">
			 and project_num = #{project_num,jdbcType=VARCHAR} 
			</if>
			<if test="dp_id != null and dp_id != ''">
			 and dp_id = #{dp_id,jdbcType=VARCHAR} 
			</if>
			<if test="duration != null">
			 and duration = #{duration,jdbcType=Integer} 
			</if>
			<if test="duration_est != null">
			 and duration_est = #{duration_est,jdbcType=Integer} 
			</if>
			<if test="dv_id != null and dv_id != ''">
			 and dv_id = #{dv_id,jdbcType=VARCHAR} 
			</if>
			<if test="emp_affected != null">
			 and emp_affected = #{emp_affected,jdbcType=Integer} 
			</if>
			<if test="funding_probability != null">
			 and funding_probability = #{funding_probability,jdbcType=Integer} 
			</if>
			<if test="hierarchy_ids != null and hierarchy_ids != ''">
			 and hierarchy_ids = #{hierarchy_ids,jdbcType=VARCHAR} 
			</if>
			<if test="hours_actual != null">
			 and hours_actual = #{hours_actual,jdbcType=Integer} 
			</if>
			<if test="hours_est != null">
			 and hours_est = #{hours_est,jdbcType=Integer} 
			</if>
			<if test="is_template != null">
			 and is_template = #{is_template,jdbcType=Integer} 
			</if>
			<if test="life_expectancy != null">
			 and life_expectancy = #{life_expectancy,jdbcType=INTEGER} 
			</if>
			<if test="option1 != null and option1 != ''">
			 and option1 = #{option1,jdbcType=VARCHAR} 
			</if>
			<if test="option2 != null and option2 != ''">
			 and option2 = #{option2,jdbcType=VARCHAR} 
			</if>
			<if test="pct_const_comp != null">
			 and pct_const_comp = #{pct_const_comp,jdbcType=Integer} 
			</if>
			<if test="pct_design_comp != null">
			 and pct_design_comp = #{pct_design_comp,jdbcType=Integer} 
			</if>
			<if test="pct_total_comp != null">
			 and pct_total_comp = #{pct_total_comp,jdbcType=Integer} 
			</if>
			<if test="phone_dept_contact != null and phone_dept_contact != ''">
			 and phone_dept_contact = #{phone_dept_contact,jdbcType=VARCHAR} 
			</if>
			<if test="phone_req != null and phone_req != ''">
			 and phone_req = #{phone_req,jdbcType=VARCHAR} 
			</if>
			<if test="pr_id != null and pr_id != ''">
			 and pr_id = #{pr_id,jdbcType=VARCHAR} 
			</if>
			<if test="priority != null">
			 and priority = #{priority,jdbcType=Integer} 
			</if>
			<if test="prob_type != null and prob_type != ''">
			 and prob_type = #{prob_type,jdbcType=VARCHAR} 
			</if>
			<if test="program_id != null and program_id != ''">
			 and program_id = #{program_id,jdbcType=VARCHAR} 
			</if>
			<if test="proj_mgr != null and proj_mgr != ''">
			 and proj_mgr = #{proj_mgr,jdbcType=VARCHAR} 
			</if>
			<if test="project_id != null and project_id != ''">
			 and project_id = #{project_id,jdbcType=VARCHAR} 
			</if>
			<if test="proj_phase != null and proj_phase != ''">
			 and proj_phase = #{proj_phase,jdbcType=VARCHAR} 
			</if>
		)
	</delete>
</mapper>   
