<?xml version="1.0" encoding="UTF-8"?>
<!DOCTYPE mapper PUBLIC "-//mybatis.org//DTD Mapper 3.0//EN" "http://mybatis.org/dtd/mybatis-3-mapper.dtd">
<mapper namespace="com.hnbits.app.system.dao.AreaDao">
	<!-- $!{tableName} table all fields -->
	<sql id="sql_query_columns">
		a.area_id,a.area_code,a.area_name,a.city_id
	</sql>

	<!-- 查询条件 -->
	<sql id="sql_where_clause">
		where 1=1
		<trim suffixOverrides=",">
			<if test="area_id != null">
				and a.area_id = #{area_id}
			</if>
			<if test="area_code != null and area_code != ''">
				and a.area_code = #{area_code}
			</if>
			<if test="area_name != null and area_name != ''">
				and a.area_name like '%${area_name}%'
			</if>
			<if test="city_id != null and city_id != ''">
				and a.city_id = #{city_id}
			</if>
		</trim>
	</sql>

	<select id="queryAreaById" resultType="com.hnbits.app.system.vo.AreaVo" parameterType="java.util.HashMap">
		select
		<include refid="sql_query_columns" />
		from ${db_schemas}.tb_region_area a where area_id=#{area_id}
	</select>

	<!-- $r{codeName} 列表总数 -->
	<select id="queryArea" resultType="long" parameterType="java.util.HashMap">
		select count(1) from ${db_schemas}.tb_region_area a
		<include refid="sql_where_clause" />
	</select>

	<!-- 查询$r{codeName}列表 -->
	<select id="queryAreaList" resultType="com.hnbits.app.system.vo.AreaVo" parameterType="java.util.HashMap">
		<choose>
			<when test="pagestartno != null and pagesize !=null">
				select top ${pagesize} o.* from (select row_number() over(order by area_code) as rownumber,* from(
				select <include refid="sql_query_columns" /> from ${db_schemas}.tb_region_area
				)t) o where rownumber > ${pagestartno}
			</when>
			<otherwise>
				select tab.* from (
				select <include refid="sql_query_columns" /> from ${db_schemas}.tb_region_area
				) tab order by area_code
			</otherwise>
		</choose>
	</select>

	<!-- 插入记录 -->
	<insert id="insertArea" parameterType="com.hnbits.app.system.vo.AreaVo">
		<selectKey resultType="long" order="BEFORE" keyProperty="area_id">
			SELECT max(area_id)+1 AS area_id from ${db_schemas}.tb_region_area
		</selectKey>
		insert into ${db_schemas}.tb_region_area(area_id,area_code,area_name,city_id)
		values(#{area_id,jdbcType=BIGINT},#{area_code,jdbcType=VARCHAR},#{area_name,jdbcType=VARCHAR},#{city_id,jdbcType=BIGINT})
	</insert>

	<!-- 根据id，修改记录 -->
	<update id="updateArea" parameterType="com.hnbits.app.system.vo.AreaVo">
		update ${db_schemas}.tb_region_area set
		area_code=#{area_code,jdbcType=VARCHAR},area_name=#{area_name,jdbcType=VARCHAR},city_id=#{city_id,jdbcType=BIGINT}
		where area_id=#{area_id}
	</update>

	<sql id="get_ids">
		<foreach collection="ids" item="id" open="(" close=")" separator=",">
			#{id}
		</foreach>
	</sql>

	<!-- 删除记录 -->
	<delete id="deleteArea" parameterType="java.util.HashMap">
		delete from ${db_schemas}.tb_region_area where area_id in
		<include refid="get_ids" />
	</delete>
</mapper>   
