<?xml version="1.0" encoding="UTF-8"?>
<!DOCTYPE mapper PUBLIC "-//mybatis.org//DTD Mapper 3.0//EN" "http://mybatis.org/dtd/mybatis-3-mapper.dtd">
<mapper namespace="com.hnbits.app.system.dao.CityDao">
	<!-- $!{tableName} table all fields -->
	<sql id="sql_query_columns">
		a.city_id,a.city_code,a.city_name,a.province_id
	</sql>

	<!-- 查询条件 -->
	<sql id="sql_where_clause">
		where 1=1
		<trim suffixOverrides=",">
			<if test="city_id != null and city_id != 0">
				and a.city_id = #{city_id}
			</if>
			<if test="city_code != null and city_code != ''">
				and a.city_code = #{city_code}
			</if>
			<if test="city_name != null and city_name != ''">
				and a.city_name like '%${city_name}%'
			</if>
			<if test="province_id != null and province_id != ''">
				and a.province_id = #{province_id}
			</if>
		</trim>
	</sql>

	<select id="queryCityById" resultType="com.hnbits.app.system.vo.CityVo" parameterType="java.util.HashMap">
		select
		<include refid="sql_query_columns" />
		from ${db_schemas}.tb_region_city a where city_id=#{city_id}
	</select>

	<!-- $r{codeName} 列表总数 -->
	<select id="queryCity" resultType="long" parameterType="java.util.HashMap">
		select count(1) from ${db_schemas}.tb_region_city a
		<include refid="sql_where_clause" />
	</select>

	<!-- 查询$r{codeName}列表 -->
	<select id="queryCityList" resultType="com.hnbits.app.system.vo.CityVo" parameterType="java.util.HashMap">
		<choose>
			<when test="pagestartno != null and pagesize !=null">
				select top ${pagesize} o.* from (select row_number() over(order by city_code) as rownumber,* from(
				select <include refid="sql_query_columns" /> from ${db_schemas}.tb_region_city
				)t) o where rownumber > ${pagestartno}
			</when>
			<otherwise>
				select tab.* from (
				select <include refid="sql_query_columns" /> from ${db_schemas}.tb_region_city
				) tab order by city_code
			</otherwise>
		</choose>
	</select>

	<!-- 插入记录 -->
	<insert id="insertCity" parameterType="com.hnbits.app.system.vo.CityVo">
		<selectKey resultType="long" order="BEFORE" keyProperty="city_id">
			SELECT max(city_id)+1 AS city_id from ${db_schemas}.tb_region_city
		</selectKey>
		insert into ${db_schemas}.tb_region_city(city_id,city_code,city_name,province_id)
		values(#{city_id,jdbcType=BIGINT},#{city_code,jdbcType=VARCHAR},
		#{city_name,jdbcType=VARCHAR},#{province_id,jdbcType=BIGINT})
	</insert>

	<!-- 根据id，修改记录 -->
	<update id="updateCity" parameterType="com.hnbits.app.system.vo.CityVo">
		update ${db_schemas}.tb_region_city set
		city_code=#{city_code,jdbcType=VARCHAR},city_name=#{city_name,jdbcType=VARCHAR},province_id=#{province_id,jdbcType=BIGINT}
		where city_id=#{city_id}
	</update>

	<sql id="get_ids">
		<foreach collection="ids" item="id" open="(" close=")" separator=",">
			#{id}
		</foreach>
	</sql>

	<!-- 删除记录 -->
	<delete id="deleteCity" parameterType="java.util.HashMap">
		delete from ${db_schemas}.tb_region_city where city_id in
		<include refid="get_ids" />
	</delete>
</mapper>   
