<?xml version="1.0" encoding="UTF-8"?>
<!DOCTYPE mapper PUBLIC "-//mybatis.org//DTD Mapper 3.0//EN" "http://mybatis.org/dtd/mybatis-3-mapper.dtd">
<mapper namespace="com.hnbits.app.system.dao.ConfigDao">
	<!-- $!{tableName} table all fields -->
	<sql id="sql_query_columns">
		param_code,param_name,param_val,param_type,param_scope,param_val_mode,param_val_type,create_user_id,create_time,
		${db_schemas}.f_get_dict_text(1012,param_type) param_type_desc,${db_schemas}.f_get_dict_text(1010,param_scope)
		param_scope_desc,
		${db_schemas}.f_get_dict_text(1014,param_val_mode) param_val_mode_desc,${db_schemas}.f_get_dict_text(1015,param_val_type) param_val_type_desc
	</sql>

	<!-- 查询条件 -->
	<sql id="sql_where_clause">
		where 1=1
		<trim suffixOverrides=",">
			<if test="param_code != null and param_code != ''">
				and param_code = #{param_code}
			</if>
			<if test="param_type != null and param_type != ''">
				and param_type = #{param_type}
			</if>
			<if test="param_scope != null and param_scope != ''">
				and param_scope = #{param_scope}
			</if>
			<if test="param_name != null and param_name != ''">
				and param_name = #{param_name}
			</if>
			<if test="param_val != null and param_val != ''">
				and param_val = #{param_val}
			</if>
			<if test="create_time != null">
				and create_time = #{create_time}
			</if>
		</trim>
	</sql>

	<select id="queryConfigById" resultType="com.hnbits.app.system.vo.TbBusinessConfigVo" parameterType="java.util.HashMap">
		select
		<include refid="sql_query_columns" />
		from ${db_schemas}.tb_business_config where param_code=#{param_code}
	</select>

	<!-- $r{codeName} 列表总数 -->
	<select id="queryConfig" resultType="long" parameterType="java.util.HashMap">
		select count(1) from ${db_schemas}.tb_business_config
		<include refid="sql_where_clause" />
	</select>

	<!-- 查询$r{codeName}列表 -->
	<select id="queryConfigList" resultType="com.hnbits.app.system.vo.TbBusinessConfigVo" parameterType="java.util.HashMap">
		<choose>
			<when test="pagestartno != null and pagesize !=null">
				select top ${pagesize} o.* from (select row_number()  over(order by param_code) as rownumber,* from(
				select
				<include refid="sql_query_columns" />
				from ${db_schemas}.tb_business_config
				) t) o where rownumber > ${pagestartno}
			</when>
			<otherwise>
				select tab.* from (
				select
				<include refid="sql_query_columns" />
				from ${db_schemas}.tb_business_config
				) tab order by param_code
			</otherwise>
		</choose>
	</select>

	<!-- 插入记录 -->
	<insert id="insertConfig" parameterType="com.hnbits.app.system.vo.TbBusinessConfigVo">
		insert into
		${db_schemas}.tb_business_config(param_code,param_name,param_val,param_type,param_scope,param_val_type,param_val_mode,create_user_id,create_time)
		values(#{param_code,jdbcType=VARCHAR},#{param_name,jdbcType=VARCHAR},#{param_val,jdbcType=VARCHAR},#{param_type,jdbcType=VARCHAR},#{param_scope,jdbcType=VARCHAR},#{param_val_type,jdbcType=VARCHAR},
		#{param_val_mode,jdbcType=VARCHAR},#{create_user_id,jdbcType=VARCHAR},GETDATE())
	</insert>

	<!-- 根据id，修改记录 -->
	<update id="updateConfig" parameterType="com.hnbits.app.system.vo.TbBusinessConfigVo">
		update ${db_schemas}.tb_business_config set
		param_name=#{param_name,jdbcType=VARCHAR},param_val=#{param_val,jdbcType=VARCHAR},
		param_type=#{param_type,jdbcType=VARCHAR},param_scope=#{param_scope,jdbcType=VARCHAR},param_val_type=#{param_val_type,jdbcType=VARCHAR},param_val_mode=#{param_val_mode,jdbcType=VARCHAR}
		where param_code=#{param_code}
	</update>

	<sql id="get_ids">
		<foreach collection="ids" item="id" open="(" close=")" separator=",">
			#{id}
		</foreach>
	</sql>

	<!-- 删除记录 -->
	<delete id="deleteConfig" parameterType="java.util.HashMap">
		delete from ${db_schemas}.tb_business_config where param_code in
		<include refid="get_ids" />
	</delete>
	
	<!-- 查询首页的展示信息 -->
	<select id="queryConfigByInfo" resultType="com.hnbits.app.system.vo.TbBusinessConfigVo" parameterType="java.util.HashMap">
		select
		<include refid="sql_query_columns" />
		from ${db_schemas}.tb_business_config where param_code like '%zsy%' or param_code like '%hsl%'
	</select>
</mapper>   
