<?xml version="1.0" encoding="UTF-8"?>
<!DOCTYPE mapper PUBLIC "-//mybatis.org//DTD Mapper 3.0//EN" "http://mybatis.org/dtd/mybatis-3-mapper.dtd">
<mapper namespace="com.hnbits.app.system.dao.DeptDao">

	<!-- <resultMap id="UserResult" class="User"> <result property="id" column="id"/> <result property="username" column="username"/> 
		<result property="address" column="address"/> <result property="userpwd" column="userpwd"/> </resultMap> -->

	<!--select元素的id属性用来标识此元素,resultType属性的值是Java类的全限定名（即包括类的包名）。 resultType属性可以让您指定一个Java类，根据ResultSetMetaData将其自动映射到JDBC的ResultSet。 
		只要是Java Bean的属性名称和ResultSet的列名匹配，属性自动赋值给列值。 parameterType属性是参数的类型,此属性的值是Java类的全限定名（即包括类的包名）。 它是可选的，但强烈建议使用。它的目的是 限制输入参数的类型为指定的Java类，并优化框架的性能。 -->
	<select id="queryAllDept" resultType="com.hnbits.app.system.vo.TbDeptVo">
		select distinct a.* from ${db_schemas}.tb_department a order by a.dept_id,a.order_id
	</select>

	<select id="queryDeptLevelLt" resultType="com.hnbits.app.system.vo.TbDeptVo" parameterType="long">
		select a.* from ${db_schemas}.v_department a where a.dept_level <![CDATA[<=]]>
		#{dept_level} order by a.dept_id,a.order_id
	</select>

	<select id="queryDeptById" resultType="com.hnbits.app.system.vo.TbDeptVo" parameterType="java.util.HashMap">
  <![CDATA[
   	select distinct a.*,${db_schemas}.f_GET_DEPT_FULL_NAME_BYDEPTID(a.dept_id) dept_full_name,b.dept_name parent_dept_name 
   		from ${db_schemas}.tb_department a 
   		left join ${db_schemas}.tb_department b on a.parent_dept_id = b.dept_id 
   		where a.dept_id=#{dept_id}
  ]]>
	</select>

	<delete id="deleteDept" parameterType="java.util.HashMap">
		delete from ${db_schemas}.tb_department where dept_id=#{dept_id} or parent_dept_id=#{dept_id}
	</delete>

	<update id="updateDept" parameterType="com.hnbits.app.system.vo.TbDeptVo">
		update ${db_schemas}.tb_department set
		dept_name=#{dept_name,jdbcType=VARCHAR},dept_code=#{dept_code,jdbcType=VARCHAR},order_id=#{order_id,jdbcType=INTEGER},
		dept_type=#{dept_type,jdbcType=VARCHAR},tel=#{tel,jdbcType=VARCHAR},address=#{address,jdbcType=VARCHAR},remark=#{remark,jdbcType=VARCHAR}
		where dept_id=#{dept_id}
	</update>

	<update id="updateDeptLocation" parameterType="com.hnbits.app.system.vo.TbDeptVo">
		update ${db_schemas}.tb_department set address=#{address,jdbcType=VARCHAR} where dept_id=#{dept_id}
	</update>

	<insert id="insertDept" parameterType="com.hnbits.app.system.vo.TbDeptVo">
		<selectKey resultType="String" order="BEFORE" keyProperty="dept_id">
			SELECT REPLACE(newId(),'-','') AS dept_id
		</selectKey>
		insert into
		${db_schemas}.tb_department(dept_id,dept_name,dept_code,parent_dept_id,order_id,dept_type,tel,address,remark,create_user_code,create_date,dept_level,dept_full_id)
		select
		#{dept_id},
		#{dept_name,jdbcType=VARCHAR},
		#{dept_code,jdbcType=VARCHAR},
		#{parent_dept_id,jdbcType=VARCHAR},
		#{order_id,jdbcType=INTEGER},
		#{dept_type,jdbcType=VARCHAR},
		#{tel,jdbcType=VARCHAR},
		#{address,jdbcType=VARCHAR},
		#{remark,jdbcType=VARCHAR},
		#{create_user_code,jdbcType=VARCHAR},
		GETDATE(),
		<choose>
			<when test='parent_dept_id != null and parent_dept_id == "0"'>
				'0',
			</when>
			<otherwise>
				len(CONCAT(dept_full_id,CONCAT('/',#{dept_id})))-len(replace(CONCAT(dept_full_id,CONCAT('/',#{dept_id})),'/','')),
			</otherwise>
		</choose>
		<choose>
			<when test='parent_dept_id != null and parent_dept_id == "0"'>
				CONCAT('1','/') from dual
			</when>
			<otherwise>
				CONCAT(dept_full_id,#{dept_id}) from ${db_schemas}.tb_department where dept_id = #{parent_dept_id,jdbcType=VARCHAR}
			</otherwise>
		</choose>
	</insert>

	<select id="queryDirectSubDept" resultType="com.hnbits.app.system.vo.TbDeptVo" parameterType="java.util.HashMap">
		select a.* from ${db_schemas}.v_department a where a.parent_dept_id=#{parent_dept_id}
	</select>

	<select id="queryDeptAndSub" resultType="com.hnbits.app.system.vo.TbDeptVo" parameterType="java.util.HashMap">
		select a.* from ${db_schemas}.v_department a where a.dept_full_id like concat('%',#{parent_dept_id},'%')
	</select>

	<select id="queryUserDeptAllowedList" resultType="com.hnbits.app.system.vo.TbDeptVo" parameterType="java.util.HashMap">
		select a.* from ${db_schemas}.v_department a where exists(select 1 from ${db_schemas}.tb_user_data b where b.data_type='1'
		and b.user_id=#{user_id} and a.dept_id = b.key_id)
	</select>

	<select id="queryUserRootDeptList" resultType="com.hnbits.app.system.vo.TbDeptVo" parameterType="java.util.HashMap">
		select a.* from ${db_schemas}.v_department a where a.dept_level = (
		select min(a.dept_level) from ${db_schemas}.v_department a where exists(select 1 from ${db_schemas}.tb_user_data b where
		b.data_type='1' and b.user_id=#{user_id} and a.dept_id = b.key_id)
		)
		and exists(select 1 from ${db_schemas}.tb_user_data b where b.data_type='1' and b.user_id=#{user_id} and a.dept_id =
		b.key_id)
	</select>

	<select id="queryUserDeptList" resultType="com.hnbits.app.system.vo.TbDeptVo" parameterType="java.util.HashMap">
		select a.* from (
		select a.* from ${db_schemas}.v_department a where exists(select 1 from ${db_schemas}.tb_user b where b.user_id=#{user_id} and a.dept_full_id like CONCAT('%',CONCAT(b.dept_id,'/%')))
		union
		select a.* from ${db_schemas}.v_department a where exists(select 1 from ${db_schemas}.tb_user_data b
		where b.data_type='1' and b.user_id=#{user_id} and a.dept_full_id like CONCAT('%',CONCAT(b.key_id,'/%')))
		) a 
	</select>

	<sql id="sql_find_dept">
		select a.* from ${db_schemas}.tb_department a where 1=1
		<if test="user_name != null">
			and a.dept_name like CONCAT('%',#{dept_name},'%')
		</if>
		<if test="user_cdoe != null">
			and a.dept_cdoe = #{dept_cdoe}
		</if>
		<if test="parent_dept_id != null">
			and a.parent_dept_id = #{parent_dept_id}
		</if>
		<if test="dept_id != null">
			and a.dept_id = #{dept_id}
		</if>
		<if test="dept_type != null and dept_type != 'ALL'">
			and a.dept_type = #{dept_type}
		</if>
		order by a.dept_name asc
	</sql>

	<select id="queryDept" resultType="long" parameterType="java.util.HashMap">
		select count(*) from (
		<include refid="sql_find_dept" />
		) tab
	</select>

	<select id="queryDeptList" resultType="com.hnbits.app.system.vo.TbDeptVo" parameterType="java.util.HashMap">
		<choose>
			<when test="pagestartno != null and pagesize !=null">
				select top ${pagesize} o.* from (select row_number() over(order by dept_id) as rownumber,* from(
				<include refid="sql_find_dept" />
				)t) o where rownumber > ${pagestartno}
			</when>
			<otherwise>
				select tab.* from (
				<include refid="sql_find_dept" />
				) tab order by dept_id
			</otherwise>
		</choose>
	</select>

</mapper>
	