<?xml version="1.0" encoding="UTF-8"?>
<!DOCTYPE mapper PUBLIC "-//mybatis.org//DTD Mapper 3.0//EN" "http://mybatis.org/dtd/mybatis-3-mapper.dtd">
<mapper namespace="com.hnbits.app.system.dao.DictDao">

	<select id="queryAllDict" resultType="com.hnbits.app.system.vo.TbDictVo">
   	select distinct a.* from ${db_schemas}.tb_dict a order by a.DICT_CLASS,a.ORDER_ID
  </select>
  
  <select id="queryDictById" resultType="com.hnbits.app.system.vo.TbDictVo" parameterType="java.util.HashMap">
  <![CDATA[
   	select distinct a.* from ${db_schemas}.tb_dict a where a.dict_code=#{dict_code}
  ]]>	
  </select>
  
  <insert id="insertDict" parameterType="com.hnbits.app.system.vo.TbDictVo">
  	insert into ${db_schemas}.tb_dict(DICT_CODE,DICT_NAME,IS_READONLY,ORDER_ID,DICT_CLASS,IF_ALLOW_DELETE,REMARK,CREATE_DATE) 
  		values(#{dict_code,jdbcType=INTEGER},#{dict_name,jdbcType=VARCHAR},#{is_readonly,jdbcType=VARCHAR},#{order_id,jdbcType=INTEGER},
  		#{dict_class,jdbcType=VARCHAR},#{if_allow_delete,jdbcType=VARCHAR},#{remark,jdbcType=VARCHAR},GETDATE())
  </insert>
  
  <update id="updateDict" parameterType="com.hnbits.app.system.vo.TbDictVo">
  	update ${db_schemas}.tb_dict set dict_name=#{dict_name,jdbcType=VARCHAR},dict_class=#{dict_class,jdbcType=VARCHAR},order_id=#{order_id,jdbcType=INTEGER},
  		is_readonly=#{is_readonly,jdbcType=VARCHAR},if_allow_delete=#{if_allow_delete,jdbcType=VARCHAR},remark=#{remark,jdbcType=VARCHAR}
  		where dict_code=#{dict_code}
  </update >
  
  <delete id="deleteDict"  parameterType="java.util.HashMap">
  	delete from ${db_schemas}.tb_dict where dict_code=#{dict_code} 
  </delete >
  
  <sql id="get_exclude_dict_values"> 
  	 <foreach collection="exclude_dict_values" item="dict_value" open="(" close=")" separator=",">
     		#{dict_value}
     </foreach>
  </sql>
  
   <!-- 查询字典 -->
 <select id="queryDictEntry" resultType="com.hnbits.app.system.vo.TbDictEntryVo" parameterType="java.util.HashMap">
		select * from ${db_schemas}.tb_dict_entry where 1=1
		<if test="dict_code != null and dict_code !=''">
			and dict_code=#{dict_code}
		</if>
		<if test="exclude_dict_values != null">
			AND DICT_VALUE NOT IN <include refid="get_exclude_dict_values"/>  	
		</if>
		<if test="exclude_sql != null">
			AND DICT_VALUE NOT IN ${exclude_sql}	
		</if>
		order by order_id
  </select>
  
  <select id="queryDictEntryById" resultType="com.hnbits.app.system.vo.TbDictEntryVo" parameterType="java.util.HashMap">
  <![CDATA[
   	select distinct a.* from ${db_schemas}.tb_dict_entry a where a.dict_code=#{dict_code} and a.dict_value=#{dict_value,jdbcType=VARCHAR}
  ]]>	
  </select>
  
  <insert id="insertDictEntry" parameterType="com.hnbits.app.system.vo.TbDictEntryVo">
  	insert into ${db_schemas}.tb_dict_entry(DICT_CODE,DICT_VALUE,DICT_TEXT,IS_READONLY,ORDER_ID,REMARK,CREATE_DATE) 
  		values(#{dict_code,jdbcType=INTEGER},#{dict_value,jdbcType=VARCHAR},#{dict_text,jdbcType=VARCHAR},#{is_readonly,jdbcType=VARCHAR},
  		#{order_id,jdbcType=INTEGER},#{remark,jdbcType=VARCHAR},GETDATE())
  </insert>
  
  <update id="updateDictEntry" parameterType="com.hnbits.app.system.vo.TbDictEntryVo">
  	update ${db_schemas}.tb_dict_entry set DICT_TEXT=#{dict_text,jdbcType=VARCHAR},order_id=#{order_id,jdbcType=INTEGER},
  		IS_READONLY=#{is_readonly,jdbcType=VARCHAR},remark=#{remark,jdbcType=VARCHAR}
  		where dict_code=#{dict_code} and dict_value=#{dict_value}
  </update >
  
  <sql id="get_dict_values"> 
  	 <foreach collection="dict_values" item="dict_value" open="(" close=")" separator=",">
     		#{dict_value}
     </foreach>
  </sql> 
  
  <delete id="deleteDictEntry"  parameterType="java.util.HashMap">
  	delete from ${db_schemas}.tb_dict_entry where dict_code=#{dict_code} 
  	<if test="dict_values != null">
  		and dict_value in <include refid="get_dict_values"/>  
  	</if>
  </delete >
</mapper>
	