<?xml version="1.0" encoding="UTF-8"?>
<!DOCTYPE mapper PUBLIC "-//mybatis.org//DTD Mapper 3.0//EN" "http://mybatis.org/dtd/mybatis-3-mapper.dtd">
<mapper namespace="com.hnbits.app.system.dao.FileDao">

	<!--select元素的id属性用来标识此元素,resultType属性的值是Java类的全限定名（即包括类的包名）。 resultType属性可以让您指定一个Java类，根据ResultSetMetaData将其自动映射到JDBC的ResultSet。 
		只要是Java Bean的属性名称和ResultSet的列名匹配，属性自动赋值给列值。 parameterType属性是参数的类型,此属性的值是Java类的全限定名（即包括类的包名）。 它是可选的，但强烈建议使用。它的目的是 限制输入参数的类型为指定的Java类，并优化框架的性能。 -->
	<select id="queryById" resultType="com.hnbits.app.system.vo.TbFileVo" parameterType="java.util.HashMap">
  <![CDATA[
   	select a.*,b.content,${db_schemas}.F_GET_FLOW_MODEL_NAME(a.model_id) model_name,
   		${db_schemas}.F_GET_FLOW_NODE_NAMES(a.model_id,a.node_id) node_name
   	from ${db_schemas}.tb_file a 
   	left join ${db_schemas}.tb_file_content b on a.file_id=b.file_id where a.file_id=#{file_id} 
   	]]>
		<if test="file_type != null and file_type != ''">
 		<![CDATA[ and a.file_type = #{file_type} ]]>
		</if>
	</select>
	<sql id="get_file_ids">
		<foreach collection="file_ids" item="file_id" open="(" close=")" separator=",">
			#{file_id}
		</foreach>
	</sql>

	<delete id="deleteFile" parameterType="java.util.HashMap">
		delete from ${db_schemas}.tb_file where file_id in
		<include refid="get_file_ids" />
	</delete>

	<delete id="deleteFileContent" parameterType="java.util.HashMap">
		delete from ${db_schemas}.tb_file_content where file_id in
		<include refid="get_file_ids" />
	</delete>
	
	<insert id="insertFile" parameterType="com.hnbits.app.system.vo.TbFileVo">
		insert into
		${db_schemas}.tb_file(file_id,object_id,file_name,file_size,extension,create_user_id,create_time,file_flag,remark,file_type,model_id,node_id,instance_id)
		values(#{file_id},#{object_id,jdbcType=VARCHAR},#{file_name,jdbcType=VARCHAR},#{file_size,jdbcType=BIGINT},#{extension,jdbcType=VARCHAR},
		#{create_user_id,jdbcType=VARCHAR},GETDATE(),#{file_flag,jdbcType=VARCHAR},#{remark,jdbcType=VARCHAR},
		#{file_type,jdbcType=VARCHAR},#{model_id,jdbcType=VARCHAR},#{node_id,jdbcType=VARCHAR},#{instance_id,jdbcType=VARCHAR})
	</insert>

	<insert id="insertFileContent" parameterType="com.hnbits.app.system.vo.TbFileContentVo">
		insert into ${db_schemas}.tb_file_content(file_id,content)
		values(#{file_id},#{content_byte,javaType=byte[],jdbcType=BLOB,typeHandler=org.apache.ibatis.type.BlobTypeHandler})
	</insert>
	
	<update id="updateFileContent" parameterType="com.hnbits.app.system.vo.TbFileContentVo">
		update ${db_schemas}.tb_file_content set content=
		#{content_byte,javaType=byte[],jdbcType=BLOB,typeHandler=org.apache.ibatis.type.BlobTypeHandler}
		where
		file_id=#{file_id}
	</update>
	
	<update id="updateFileName" parameterType="com.hnbits.app.system.vo.TbFileVo">
	  	update ${db_schemas}.tb_file set file_name= #{file_name,jdbcType=VARCHAR} where file_id=#{file_id}
	</update>

	<sql id="sql_query_file">
		select a.*,${db_schemas}.f_get_dict_text('2002',a.file_type) file_type_desc,b.user_name create_user_name,b.user_code
		create_user_code,
		${db_schemas}.F_GET_FLOW_MODEL_NAME(a.model_id)
		model_name,${db_schemas}.F_GET_FLOW_NODE_NAMES(a.model_id,a.node_id) node_name
		from ${db_schemas}.tb_file a left join
		${db_schemas}.tb_user b on a.create_user_id=b.user_id where 1=1
		<if test="create_user_id != null and create_user_id != 'ALL'">
			and a.create_user_id = #{create_user_id}
		</if>
		<if test="file_type != null and file_type != 'ALL'">
			and a.file_type = #{file_type}
		</if>
		<if test="object_id != null and object_id != 'ALL'">
			and a.object_id = #{object_id}
		</if>
		<if test="file_name != null">
			and a.file_name like CONCAT('%',#{file_name},'%')
		</if>
		<if test="model_id != null and model_id != ''">
			and a.model_id = #{model_id}
		</if>
		<if test="node_id != null and node_id != ''">
			and a.node_id = #{node_id}
		</if>
		<if test="instance_id != null and instance_id != ''">
			and a.instance_id = #{instance_id}
		</if>
		<if test="begin_create_time != null and end_create_time != null">
			and CONVERT(varchar(100),a.create_time,23) between #{begin_create_time} and #{end_create_time}
		</if>
	</sql>
	
	<sql id="sql_query_doc_file">
		select a.*,${db_schemas}.f_get_dict_text('2002',a.file_type) file_type_desc,b.user_name create_user_name,b.user_code create_user_code,
		${db_schemas}.F_GET_FLOW_MODEL_NAME(a.model_id)
		model_name,${db_schemas}.F_GET_FLOW_NODE_NAMES(a.model_id,a.node_id) node_name,
		c.doc_id,c.doc_name,c.directory_id,d.directory_name,d.parent_directory_id
		from ${db_schemas}.tb_file a 
		left join ${db_schemas}.tb_user b on a.create_user_id=b.user_id 
		left join ${db_schemas}.tb_doc  c on a.object_id = c.doc_id
		left join ${db_schemas}.tb_doc_directory  d on c.directory_id = d.directory_id
		where 1=1
		<if test="create_user_id != null and create_user_id != 'ALL'">
			and a.create_user_id = #{create_user_id}
		</if>
		<if test="file_type != null and file_type != 'ALL'">
			and a.file_type = #{file_type}
		</if>
		<if test="object_id != null and object_id != 'ALL'">
			and a.object_id = #{object_id}
		</if>
		<if test="file_name != null">
			and a.file_name like CONCAT('%',#{file_name},'%')
		</if>
		<if test="model_id != null and model_id != ''">
			and a.model_id = #{model_id}
		</if>
		<if test="doc_id != null and doc_id != ''">
			and c.doc_id = #{doc_id}
		</if>
		<if test="directory_id != null and directory_id != ''">
			and c.directory_id = #{directory_id}
		</if>
		<if test="node_id != null and node_id != ''">
			and a.node_id = #{node_id}
		</if>
		<if test="instance_id != null and instance_id != ''">
			and a.instance_id = #{instance_id}
		</if>
		<if test="begin_create_time != null and end_create_time != null">
			and CONVERT(varchar(100),a.create_time,23) between #{begin_create_time} and #{end_create_time}
		</if>
	</sql>

	<select id="query" resultType="long" parameterType="java.util.HashMap">
		select count(*) from (
		<include refid="sql_query_file" />
		) tab
	</select>

	<select id="queryList" resultType="com.hnbits.app.system.vo.TbFileVo" parameterType="java.util.HashMap">
		<choose>
			<when test="pagestartno != null and pagesize !=null">
				select top ${pagesize} o.* from (select row_number() over(order by create_time desc) as rownumber,* from(
				<include refid="sql_query_file" />
				)t) o where rownumber > ${pagestartno}
			</when>
			<otherwise>
				select tab.* from (
				<include refid="sql_query_file" />
				) tab order by create_time desc
			</otherwise>
		</choose>
	</select>
	
	<select id="queryDocFile" resultType="long" parameterType="com.hnbits.app.system.vo.TbFileVo">
		select count(*) from (
		<include refid="sql_query_doc_file" />
		) tab
	</select>

	<select id="queryDocFileList" resultType="com.hnbits.app.system.vo.TbFileVo" parameterType="com.hnbits.app.system.vo.TbFileVo">
		<choose>
			<when test="pagestartno != null and pagesize !=null">
				select top ${pagesize} o.* from (select row_number() over(order by create_time desc) as rownumber,* from(
				<include refid="sql_query_doc_file" />
				)t) o where rownumber > ${pagestartno}
			</when>
			<otherwise>
				select tab.* from (
				<include refid="sql_query_doc_file" />
				) tab order by create_time desc
			</otherwise>
		</choose>
	</select>


	<insert id="inserFileDownloadLog" parameterType="com.hnbits.app.system.vo.TbFileDownloadLogVo">
		<selectKey resultType="String" order="BEFORE" keyProperty="log_id">
			select REPLACE(newId(),'-','') AS log_id
		</selectKey>
		insert into ${db_schemas}.tb_file_download_log(log_id,file_id,download_user_id,download_time)
		values(#{log_id},#{file_id,jdbcType=VARCHAR},#{download_user_id,jdbcType=VARCHAR},GETDATE())
	</insert>

	<sql id="sql_query_file_download_log">
		select a.*,b.user_name download_user_name,b.user_code download_user_code,c.file_name,c.file_size,c.extension
		from
		${db_schemas}.tb_file_download_log a
		left join ${db_schemas}.tb_user b on a.download_user_id=b.user_id
		left join
		${db_schemas}.tb_file c on a.file_id = c.file_id
		where 1=1
		<if test="download_user_name != null and download_user_name != ''">
			and b.user_name like CONCAT('%',#{download_user_name},'%')
		</if>
		<if test="download_time_begin != null and download_time_end != null">
			and CONVERT(varchar(100),a.download_time,23) between #{download_time_begin} and #{download_time_end}
		</if>
		order by a.download_time desc
	</sql>

	<select id="queryDownloadLog" resultType="long" parameterType="java.util.HashMap">
		select count(*) from (
		<include refid="sql_query_file_download_log" />
		) tab
	</select>

	<select id="queryDownloadLogList" resultType="com.hnbits.app.system.vo.TbFileDownloadLogVo" parameterType="java.util.HashMap">
		<choose>
			<when test="pagestartno != null and pagesize !=null">
				select top ${pagesize} o.* from (select row_number() over(order by download_time desc) as rownumber,* from(
				<include refid="sql_query_file_download_log" />
				)t) o where rownumber > ${pagestartno}
			</when>
			<otherwise>
				select tab.* from (
				<include refid="sql_query_file_download_log" />
				) tab tab order by create_time desc
			</otherwise>
		</choose>
	</select>
</mapper>
	