<?xml version="1.0" encoding="UTF-8"?>
<!DOCTYPE mapper PUBLIC "-//mybatis.org//DTD Mapper 3.0//EN" "http://mybatis.org/dtd/mybatis-3-mapper.dtd">
<mapper namespace="com.hnbits.app.system.dao.FormItemDao">
	<!-- $!{tableName} table all fields -->
	<sql id="sql_query_columns">
		a.item_id,a.form_id,a.form_json,a.form_file,
		b.form_type,b.form_name,b.form_desc,b.form_table_id,b.form_url,b.form_html,b.create_user_id,b.create_time,
		f_get_dict_text('1002',b.form_type) form_type_desc,
		f_get_username(b.create_user_id) create_user_name
	</sql>

	<!-- 查询条件 -->
	<sql id="sql_where_clause">
		where 1=1
		<trim suffixOverrides=",">
			<if test="form_id != null and form_id != ''">
				and a.form_id = #{form_id}
			</if>
			<if test="item_id != null and item_id != ''">
				and a.item_id = #{item_id}
			</if>
			<if test="form_type != null and form_type != 'ALL'">
				and b.form_type = #{form_type}
			</if>
			<if test="form_name != null and form_name != ''">
				and b.form_name like CONCAT('%',#{form_name},'%')
			</if>
			<if test="form_desc != null and form_desc != ''">
				and b.form_desc = #{form_desc}
			</if>
			<if test="form_table_id != null and form_table_id != ''">
				and b.form_table_id = #{form_table_id}
			</if>
			<if test="form_url != null and form_url != ''">
				and b.form_url = #{form_url}
			</if>
			<if test="create_user_id != null and create_user_id != ''">
				and b.create_user_id = #{create_user_id}
			</if>
			<if test="create_time != null">
				and b.create_time = #{create_time}
			</if>
		</trim>
	</sql>

	<select id="queryFormItemById" resultType="com.hnbits.app.system.vo.TbFormItemVo" parameterType="java.util.HashMap">
		select
		<include refid="sql_query_columns" />
		from ${db_schemas}.tb_form_item a
		left join ${db_schemas}.tb_form b on a.form_id = b.form_id
		where a.item_id=#{item_id}
	</select>

	<!-- $r{codeName} 列表总数 -->
	<select id="queryFlowFormItem" resultType="long" parameterType="java.util.HashMap">
		select count(1) from ${db_schemas}.tb_form_item a
		left join ${db_schemas}.tb_form b on a.form_id = b.form_id
		<include refid="sql_where_clause" />
	</select>

	<!-- 查询$r{codeName}列表 -->
	<select id="queryFormItemList" resultType="com.hnbits.app.system.vo.TbFormItemVo" parameterType="java.util.HashMap">
		<choose>
			<when test="pagestartno != null and pagesize !=null">
				select top ${pagesize} o.* from (select row_number() over(order by create_time) as rownumber,* from(
				select
				<include refid="sql_query_columns" />
				from ${db_schemas}.tb_form_item
				)t) o where rownumber > ${pagestartno}
			</when>
			<otherwise>
				select tab.* from (
				select
				<include refid="sql_query_columns" />
				from ${db_schemas}.tb_form_item
				) tab order by create_time desc
			</otherwise>
		</choose>
	</select>

	<!-- 插入记录 -->
	<insert id="insertFormItem" parameterType="com.hnbits.app.system.vo.TbFormItemVo">
		<selectKey resultType="java.lang.String" order="BEFORE" keyProperty="item_id">
			select REPLACE(newId(),'-','') AS
			item_id
		</selectKey>
		insert into ${db_schemas}.tb_form_item(item_id,form_id,form_json,form_file,create_user_id,create_time)
		values(#{item_id,jdbcType=VARCHAR},#{form_id,jdbcType=VARCHAR},#{form_json,jdbcType=CLOB},#{form_file,jdbcType=CLOB},#{create_user_id,jdbcType=VARCHAR},GETDATE())
	</insert>

	<!-- 根据id，修改记录 -->
	<update id="updateFormItem" parameterType="com.hnbits.app.system.vo.TbFormItemVo">
		update ${db_schemas}.tb_form_item set form_json=#{form_json,jdbcType=CLOB},form_file=#{form_file,jdbcType=CLOB},
		update_user_id=#{update_user_id,jdbcType=VARCHAR},update_time=GETDATE()
		where item_id=#{item_id}
	</update>

	<sql id="get_ids">
		<foreach collection="ids" item="id" open="(" close=")" separator=",">
			#{id}
		</foreach>
	</sql>

	<!-- 删除记录 -->
	<delete id="deleteFormItem" parameterType="java.util.HashMap">
		delete from ${db_schemas}.tb_form_item where item_id in
		<include refid="get_ids" />
	</delete>
</mapper>   
