<?xml version="1.0" encoding="UTF-8"?>
<!DOCTYPE mapper PUBLIC "-//mybatis.org//DTD Mapper 3.0//EN" "http://mybatis.org/dtd/mybatis-3-mapper.dtd">
<mapper namespace="com.hnbits.app.system.dao.FormDao">
	<!-- $!{tableName} table all fields -->
	<sql id="sql_query_columns">
		a.form_id,a.form_type,a.form_name,a.form_desc,a.form_table_id,a.form_url,a.form_html,a.form_json,a.create_user_id,a.create_time,
		${db_schemas}.f_get_dict_text('1002',a.form_type) form_type_desc,
		${db_schemas}.f_get_username(a.create_user_id) create_user_name
	</sql>

	<!-- 查询条件 -->
	<sql id="sql_where_clause">
		where 1=1
		<trim suffixOverrides=",">
			<if test="form_id != null and form_id != ''">
				and a.form_id = #{form_id}
			</if>
			<if test="form_type != null and form_type != 'ALL'">
				and a.form_type = #{form_type}
			</if>
			<if test="form_name != null and form_name != ''">
				and a.form_name like CONCAT('%',#{form_name},'%')
			</if>
			<if test="form_desc != null and form_desc != ''">
				and a.form_desc = #{form_desc}
			</if>
			<if test="form_table_id != null and form_table_id != ''">
				and a.form_table_id = #{form_table_id}
			</if>
			<if test="form_url != null and form_url != ''">
				and a.form_url = #{form_url}
			</if>
			<if test="create_user_id != null and create_user_id != ''">
				and a.create_user_id = #{create_user_id}
			</if>
			<if test="create_time != null">
				and a.create_time = #{create_time}
			</if>
		</trim>
	</sql>

	<select id="queryFormById" resultType="com.hnbits.app.system.vo.TbFormVo" parameterType="java.util.HashMap">
		select
		<include refid="sql_query_columns" />
		from ${db_schemas}.tb_form a where form_id=#{form_id}
	</select>

	<!-- $r{codeName} 列表总数 -->
	<select id="queryForm" resultType="long" parameterType="java.util.HashMap">
		select count(1) from ${db_schemas}.tb_form a
		<include refid="sql_where_clause" />
	</select>

	<!-- 查询$r{codeName}列表 -->
	<select id="queryFormList" resultType="com.hnbits.app.system.vo.TbFormVo" parameterType="java.util.HashMap">
		<choose>
			<when test="pagestartno != null and pagesize !=null">
				select top ${pagesize} o.* from (select row_number() over(order by create_time) as rownumber,* from(
				select
				<include refid="sql_query_columns" />
				from ${db_schemas}.tb_form
				)t) o where rownumber > ${pagestartno}
			</when>
			<otherwise>
				select tab.* from (
				select
				<include refid="sql_query_columns" />
				from ${db_schemas}.tb_form
				) tab order by create_time desc
			</otherwise>
		</choose>
	</select>

	<!-- 插入记录 -->
	<insert id="insertForm" parameterType="com.hnbits.app.system.vo.TbFormVo">
		<selectKey resultType="java.lang.String" order="BEFORE" keyProperty="form_id">
			select REPLACE(newId(),'-','') AS
			form_id
		</selectKey>
		insert into
		${db_schemas}.tb_form(form_id,form_type,form_name,form_desc,form_table_id,form_url,form_html,form_json,create_user_id,create_time)
		values(#{form_id,jdbcType=VARCHAR},#{form_type,jdbcType=VARCHAR},#{form_name,jdbcType=VARCHAR},#{form_desc,jdbcType=VARCHAR},#{form_table_id,jdbcType=VARCHAR},
		#{form_url,jdbcType=VARCHAR},#{form_html,jdbcType=CLOB},#{form_json,jdbcType=CLOB},#{create_user_id,jdbcType=VARCHAR},GETDATE())
	</insert>

	<!-- 根据id，修改记录 -->
	<update id="updateForm" parameterType="com.hnbits.app.system.vo.TbFormVo">
		update ${db_schemas}.tb_form set
		form_type=#{form_type,jdbcType=VARCHAR},form_name=#{form_name,jdbcType=VARCHAR},form_desc=#{form_desc,jdbcType=VARCHAR},
		form_table_id=#{form_table_id,jdbcType=VARCHAR},form_url=#{form_url,jdbcType=VARCHAR},
		form_html=#{form_html,jdbcType=CLOB},form_json=#{form_json,jdbcType=CLOB}
		where form_id=#{form_id}
	</update>

	<sql id="get_ids">
		<foreach collection="ids" item="id" open="(" close=")" separator=",">
			#{id}
		</foreach>
	</sql>

	<!-- 删除记录 -->
	<delete id="deleteForm" parameterType="java.util.HashMap">
		delete from ${db_schemas}.tb_form where form_id in
		<include refid="get_ids" />
	</delete>
</mapper>   
