<?xml version="1.0" encoding="UTF-8"?>
<!DOCTYPE mapper PUBLIC "-//mybatis.org//DTD Mapper 3.0//EN" "http://mybatis.org/dtd/mybatis-3-mapper.dtd">
<mapper namespace="com.hnbits.app.system.dao.IconDao">
	<!-- $!{tableName} table all fields -->
	<sql id="sql_query_columns">
		a.icon_name,a.icon_pic,a.icon_size
	</sql>

	<!-- 查询条件 -->
	<sql id="sql_where_clause">
		where 1=1
		<trim suffixOverrides=",">
			<if test="icon_name != null and icon_name != ''">
				and a.icon_name like CONCAT('%',#{icon_name},'%')
			</if>
			<if test="icon_pic != null and icon_pic != ''">
				and a.icon_pic = #{icon_pic}
			</if>
			<if test="icon_size != null">
				and a.icon_size = #{icon_size}
			</if>
		</trim>
	</sql>

	<select id="queryIconByName" resultType="com.hnbits.app.system.vo.TbIconVo" parameterType="java.util.HashMap">
		select * from ${db_schemas}.tb_icon a where a.icon_name = #{icon_name}
	</select>

	<!-- $r{codeName} 列表总数 -->
	<select id="queryIcon" resultType="long" parameterType="java.util.HashMap">
		select count(1) from ${db_schemas}.tb_icon a
		<include refid="sql_where_clause" />
	</select>

	<!-- 查询$r{codeName}列表 -->
	<select id="queryIconList" resultType="com.hnbits.app.system.vo.TbIconVo" parameterType="java.util.HashMap">
		<choose>
			<when test="pagestartno != null and pagesize !=null">
				select top ${pagesize} o.* from (select row_number() over(order by icon_name) as rownumber,* from(
				select
				<include refid="sql_query_columns" />
				from ${db_schemas}.tb_icon a
				)t) o where rownumber > ${pagestartno}
			</when>
			<otherwise>
				select tab.* from (
				select
				<include refid="sql_query_columns" />
				from ${db_schemas}.tb_icon a
				) tab order by icon_name
			</otherwise>
		</choose>
	</select>

	<!-- 插入记录 -->
	<insert id="insertIcon" parameterType="com.hnbits.app.system.vo.TbIconVo">
		insert into ${db_schemas}.tb_icon(icon_name,icon_pic,icon_size)
		values(#{icon_name,jdbcType=VARCHAR},#{icon_pic,jdbcType=VARCHAR},#{icon_size,jdbcType=BIGINT})
	</insert>

	<sql id="get_icon_names">
		<foreach collection="icon_names" item="id" open="(" close=")" separator=",">
			#{id}
		</foreach>
	</sql>

	<!-- 删除记录 -->
	<delete id="deleteIcon" parameterType="java.util.HashMap">
		delete from ${db_schemas}.tb_icon where icon_name in
		<include refid="get_icon_names" />
	</delete>

	<delete id="deleteIconAll" parameterType="java.util.HashMap">
		delete from ${db_schemas}.tb_icon where icon_size = #{icon_size}
	</delete>
</mapper>   
