<?xml version="1.0" encoding="UTF-8"?>
<!DOCTYPE mapper PUBLIC "-//mybatis.org//DTD Mapper 3.0//EN" "http://mybatis.org/dtd/mybatis-3-mapper.dtd">
<mapper namespace="com.hnbits.app.system.dao.IndexDao">

	<!-- 
	<resultMap id="UserResult" class="User">        
		<result property="id" column="id"/>        
		<result property="username" column="username"/>        
		<result property="address" column="address"/>        
		<result property="userpwd" column="userpwd"/>    
	</resultMap>
	 -->	
	 
   <!--select元素的id属性用来标识此元素,resultType属性的值是Java类的全限定名（即包括类的包名）。
   resultType属性可以让您指定一个Java类，根据ResultSetMetaData将其自动映射到JDBC的ResultSet。
   	只要是Java Bean的属性名称和ResultSet的列名匹配，属性自动赋值给列值。
   	parameterType属性是参数的类型,此属性的值是Java类的全限定名（即包括类的包名）。
		 它是可选的，但强烈建议使用。它的目的是 限制输入参数的类型为指定的Java类，并优化框架的性能。-->
  
  <select id="queryLoginCheck" resultType="com.hnbits.app.system.vo.TbUserVo" parameterType="java.util.HashMap">
  	<![CDATA[
   	select * from ${db_schemas}.tb_user where user_code=#{user_code} and password=#{password}  and status=#{status}
   	]]>	
  </select>
  
  <select id="queryUserExist" resultType="com.hnbits.app.system.vo.TbUserVo" parameterType="java.util.HashMap">
   	select * from ${db_schemas}.tb_user where user_code=#{user_code}  
  </select>
  
  <select id="queryUserRoleList" resultType="com.hnbits.app.system.vo.TbUserRoleVo" parameterType="java.util.HashMap">
		<![CDATA[
   	select * from ${db_schemas}.tb_user_role where user_id=#{user_id} 
 		]]>	
   	<if test="role_id != null">
   		and role_id=#{role_id}
   	</if>
   
  </select>
  

  
</mapper>	