<?xml version="1.0" encoding="UTF-8"?>
<!DOCTYPE mapper PUBLIC "-//mybatis.org//DTD Mapper 3.0//EN" "http://mybatis.org/dtd/mybatis-3-mapper.dtd">
<mapper namespace="com.hnbits.app.system.dao.JobDao">
	<!-- $!{tableName} table all fields -->
	<sql id="sql_query_columns">
		a.job_id,a.job_code,a.job_name,a.order_id,a.class_id,a.create_user_id,a.create_time
	</sql>

	<!-- 查询条件 -->
	<sql id="sql_where_clause">
		where 1=1
		<trim suffixOverrides=",">
			<if test="job_id != null and job_id != ''">
				and a.job_id = #{job_id}
			</if>
			<if test="job_code != null and job_code != ''">
				and a.job_code = #{job_code}
			</if>
			<if test="job_name != null and job_name != ''">
				and a.job_name = #{job_name}
			</if>
			<if test="order_id != null">
				and a.order_id = #{order_id}
			</if>
			<if test="class_id != null and class_id != ''">
				and a.class_id = #{class_id}
			</if>
			<if test="create_user_id != null and create_user_id != ''">
				and a.create_user_id = #{create_user_id}
			</if>
			<if test="create_time != null">
				and a.create_time = #{create_time}
			</if>
		</trim>
	</sql>

	<select id="queryJobById" resultType="com.hnbits.app.system.vo.TbJobVo" parameterType="java.util.HashMap">
		select
		<include refid="sql_query_columns" />
		from ${db_schemas}.tb_job a where job_id=#{job_id}
	</select>

	<!-- $r{codeName} 列表总数 -->
	<select id="queryJob" resultType="long" parameterType="java.util.HashMap">
		select count(1) from ${db_schemas}.tb_job a
		<include refid="sql_where_clause" />
	</select>

	<!-- 查询$r{codeName}列表 -->
	<select id="queryJobList" resultType="com.hnbits.app.system.vo.TbJobVo" parameterType="java.util.HashMap">
		<choose>
			<when test="pagestartno != null and pagesize !=null">
				select top ${pagesize} o.* from (select row_number() over(order by create_time) as rownumber,* from(
				select
				<include refid="sql_query_columns" />
				from ${db_schemas}.tb_job
				)t) o where rownumber > ${pagestartno}
			</when>
			<otherwise>
				select tab.* from (
				select
				<include refid="sql_query_columns" />
				from ${db_schemas}.tb_job
				) tab order by create_time desc
			</otherwise>
		</choose>
	</select>

	<select id="queryJobExists" resultType="com.hnbits.app.system.vo.TbJobVo" parameterType="java.util.HashMap">
		select * from ${db_schemas}.tb_job where job_code=#{job_code}
		<if test="job_id != null ">
  			<![CDATA[
   			and job_id <> #{job_id}
   			]]>
		</if>
	</select>

	<!-- 插入记录 -->
	<insert id="insertJob" parameterType="com.hnbits.app.system.vo.TbJobVo">
		<selectKey resultType="java.lang.String" order="BEFORE" keyProperty="job_id">
			select REPLACE(newId(),'-','') AS job_id
		</selectKey>
		insert into ${db_schemas}.tb_job(job_id,job_code,job_name,order_id,class_id,create_user_id,create_time)
		values(#{job_id,jdbcType=VARCHAR},#{job_code,jdbcType=VARCHAR},#{job_name,jdbcType=VARCHAR},#{order_id,jdbcType=BIGINT},
		#{class_id,jdbcType=VARCHAR},#{create_user_id,jdbcType=VARCHAR},GETDATE())
	</insert>

	<!-- 根据id，修改记录 -->
	<update id="updateJob" parameterType="com.hnbits.app.system.vo.TbJobVo">
		update ${db_schemas}.tb_job set
		job_code=#{job_code,jdbcType=VARCHAR},job_name=#{job_name,jdbcType=VARCHAR},order_id=#{order_id,jdbcType=BIGINT},
		class_id=#{class_id,jdbcType=VARCHAR} where job_id=#{job_id}
	</update>

	<sql id="get_ids">
		<foreach collection="ids" item="id" open="(" close=")" separator=",">
			#{id}
		</foreach>
	</sql>

	<!-- 删除记录 -->
	<delete id="deleteJob" parameterType="java.util.HashMap">
		delete from ${db_schemas}.tb_job where job_id in
		<include refid="get_ids" />
	</delete>
</mapper>   
