<?xml version="1.0" encoding="UTF-8"?>
<!DOCTYPE mapper PUBLIC "-//mybatis.org//DTD Mapper 3.0//EN" "http://mybatis.org/dtd/mybatis-3-mapper.dtd">
<mapper namespace="com.hnbits.app.system.dao.MenuDao">

	<!-- <resultMapcom.hnbits.app.system.vo.TbMenuVosult" class="User"> <result property="id" column="id"/> <result property="username" 
		column="username"/> <result property="address" column="address"/> <result property="userpwd" column="userpwd"/> </resultMap> -->

	<!--select元素的id属性用来标识此元素,resultType属性的值是Java类的全限定名（即包括类的包名）。 resultType属性可以让您指定一个Java类，根据ResultSetMetaData将其自动映射到JDBC的ResultSet。 
		只要是Java Bean的属性名称和ResultSet的列名匹配，属性自动赋值给列值。 parameterType属性是参数的类型,此属性的值是Java类的全限定名（即包括类的包名）。 它是可选的，但强烈建议使用。它的目的是 限制输入参数的类型为指定的Java类，并优化框架的性能。 -->
	<select id="queryAllMenu" resultType="com.hnbits.app.system.vo.TbMenuVo">
		select a.*,c.icon_pic
			from ${db_schemas}.tb_menu a
			left join ${db_schemas}.tb_icon c on a.icon_name= c.icon_name
		order by a.order_id,a.menu_id
	</select>

	<select id="queryMenuById" resultType="com.hnbits.app.system.vo.TbMenuVo" parameterType="java.util.HashMap">
  <![CDATA[
   	select a.*,b.menu_name parent_menu_name,c.icon_pic
   	 from ${db_schemas}.tb_menu a 
   	 	left join ${db_schemas}.tb_menu b on a.parent_menu_id = b.menu_id 
   	 	left join ${db_schemas}.tb_icon c on a.icon_name= c.icon_name
   	 where a.menu_id=#{menu_id}
  ]]>
	</select>

	<delete id="deleteMenu" parameterType="java.util.HashMap">
		delete from ${db_schemas}.tb_menu where
		menu_id=#{menu_id,jdbcType=VARCHAR} or parent_menu_id=#{menu_id,jdbcType=VARCHAR}
	</delete>

	<update id="updateMenu" parameterType="com.hnbits.app.system.vo.TbMenuVo">
		update ${db_schemas}.tb_menu set
		menu_name=#{menu_name,jdbcType=VARCHAR},
		menu_code=#{menu_code,jdbcType=VARCHAR},
		icon_name=#{icon_name,jdbcType=VARCHAR},
		order_id=#{order_id,jdbcType=INTEGER},
		remark=#{remark,jdbcType=VARCHAR},
		menu_open_method=#{menu_open_method,jdbcType=VARCHAR},
		menu_url=#{menu_url,jdbcType=VARCHAR},
		menu_url_type=#{menu_url_type,jdbcType=VARCHAR}
		where menu_id=#{menu_id}
	</update>

	<insert id="insertMenu" parameterType="com.hnbits.app.system.vo.TbMenuVo">
		<selectKey resultType="String" order="BEFORE" keyProperty="menu_id">
			SELECT REPLACE(newId(),'-','') AS menu_id
		</selectKey>
		insert into
		${db_schemas}.tb_menu(menu_id,menu_name,menu_code,icon_name,parent_menu_id,order_id,remark,menu_url,menu_full_id)
		select
		#{menu_id,jdbcType=VARCHAR},#{menu_name,jdbcType=VARCHAR},#{menu_code,jdbcType=VARCHAR},#{icon_name,jdbcType=VARCHAR},#{parent_menu_id,jdbcType=VARCHAR},
		#{order_id,jdbcType=INTEGER},#{remark,jdbcType=VARCHAR},#{menu_url,jdbcType=VARCHAR}
		<include refid="insertsql" />
	</insert>

	<sql id="insertsql">
		<if test="parent_menu_id != null and parent_menu_id =='0'.toString()">
			,#{menu_id,jdbcType=VARCHAR}
		</if>
		<if test="parent_menu_id != null and parent_menu_id !='0'.toString()">
			,concat(menu_full_id,'/',#{menu_id,jdbcType=VARCHAR})
			from ${db_schemas}.tb_menu where menu_id = #{parent_menu_id,jdbcType=VARCHAR}
		</if>
	</sql>
	<select id="queryUserMenuList" resultType="com.hnbits.app.system.vo.TbMenuVo" parameterType="java.util.HashMap">
		select a.*,
		${db_schemas}.f_get_dict_text(1011,a.menu_open_method) menu_open_method_desc,
		${db_schemas}.f_get_dict_text(1013,menu_url_type) menu_url_type_desc,
		c.icon_pic from (
			select * from ${db_schemas}.tb_menu where menu_id in(
				select distinct c.menu_id from ${db_schemas}.tb_user_role a,${db_schemas}.tb_role_menu b,${db_schemas}.tb_menu c
				where a.user_id=#{user_id} and a.role_id=b.role_id
				and b.menu_id=c.menu_id
				union
				select distinct c.menu_id from ${db_schemas}.tb_user_menu a,${db_schemas}.tb_menu c
				where a.user_id=#{user_id} and a.menu_id = c.menu_id
			)
		) a
		left join ${db_schemas}.tb_icon c on a.icon_name= c.icon_name
		order by a.parent_menu_id,a.order_id
	</select>

	<select id="queryUserSubMenu" resultType="com.hnbits.app.system.vo.TbMenuVo" parameterType="java.util.HashMap">
		select a.*,
		${db_schemas}.f_get_dict_text(1011,a.menu_open_method) menu_open_method_desc,
		${db_schemas}.f_get_dict_text(1013,menu_url_type) menu_url_type_desc,
		c.icon_pic from (
		select * from ${db_schemas}.tb_menu a where exists (
		select 1 from (
		select distinct b.menu_id from ${db_schemas}.tb_user_role a,${db_schemas}.tb_role_menu b where a.user_id = #{user_id} and
		a.role_id = b.role_id
		union
		select distinct a.menu_id from ${db_schemas}.tb_user_menu a where a.user_id = #{user_id}
		) b where a.menu_id = b.menu_id
		)
		and menu_full_id like CONCAT('%',#{parent_menu_id},'%')
		) a
		left join ${db_schemas}.tb_icon c on a.icon_name= c.icon_name
		order by a.parent_menu_id, a.order_id
	</select>

	<select id="queryUserDirectSubMenu" resultType="com.hnbits.app.system.vo.TbMenuVo" parameterType="java.util.HashMap">
		select a.*,
		c.icon_pic from (
			select * from ${db_schemas}.tb_menu where menu_id in(
				select distinct c.menu_id from ${db_schemas}.tb_user_role a ,${db_schemas}.tb_role_menu b,${db_schemas}.tb_menu c
					where a.user_id=#{user_id} and c.parent_menu_id=#{parent_menu_id} and a.role_id=b.role_id
					and b.menu_id=c.menu_id
				union
				select distinct c.menu_id from ${db_schemas}.tb_user_menu a,${db_schemas}.tb_menu c where a.user_id = #{user_id} and a.menu_id =
					c.menu_id
					and c.parent_menu_id=#{parent_menu_id}
			)
		) a
		left join ${db_schemas}.tb_icon c on a.icon_name= c.icon_name
		order by a.parent_menu_id, a.order_id
	</select>

	<select id="queryDirectSubMenu" resultType="com.hnbits.app.system.vo.TbMenuVo" parameterType="long">
		select
		a.*,c.icon_pic
		from ${db_schemas}.tb_menu a
		left join ${db_schemas}.tb_icon c on a.icon_name= c.icon_name
		where parent_menu_id=#{parent_menu_id}
	</select>

	<select id="queryUserMenuButtonList" resultType="com.hnbits.app.system.vo.TbMenuButtonVo" parameterType="java.util.HashMap">
		select
		distinct c.*
		from ${db_schemas}.tb_user_role a,${db_schemas}.tb_role_menu_button b,${db_schemas}.tb_menu_button c
		where a.user_id=#{user_id} and a.role_id=b.role_id and b.btn_id=c.btn_id
		order by c.menu_id,c.create_time desc
	</select>

	<sql id="sql_find_menu_button">
		select a.*,b.menu_code,b.menu_name,c.user_name create_user_name,c.user_code create_user_code
		from
		${db_schemas}.tb_menu_button a join ${db_schemas}.tb_menu b on a.menu_id = b.menu_id
		left join ${db_schemas}.tb_user c
		on a.create_user_id=c.user_id
		where 1=1
		<if test="btn_name != null">
			and a.btn_name like CONCAT('%',#{btn_name},'%')
		</if>
		<if test="menu_id != null">
			and a.menu_id = #{menu_id}
		</if>
		order by a.btn_code desc
	</sql>

	<select id="queryMenuButton" resultType="long" parameterType="java.util.HashMap">
		select count(*) from (
		<include refid="sql_find_menu_button" />
		) tab
	</select>

	<select id="queryMenuButtonExists" resultType="com.hnbits.app.system.vo.TbMenuButtonVo" parameterType="java.util.HashMap">
		select * from ${db_schemas}.tb_menu_button where btn_code=#{btn_code}
		<if test="btn_id != null ">
  			<![CDATA[
   			and btn_id <> #{btn_id}
   			]]>
		</if>
	</select>

	<select id="queryMenuButtonList" resultType="com.hnbits.app.system.vo.TbMenuButtonVo" parameterType="java.util.HashMap">
		<choose>
			<when test="pagestartno != null and pagesize !=null">
				select top ${pagesize} o.* from (select row_number() over(order by menu_id) as rownumber,* from(
				<include refid="sql_find_menu_button" />
				) t) o where rownumber > #{pagestartno}
			</when>
			<otherwise>
				select tab.* from (
				<include refid="sql_find_menu_button" />
				) tab order by menu_id
			</otherwise>
		</choose>
	</select>

	<select id="queryMenuButtonById" resultType="com.hnbits.app.system.vo.TbMenuButtonVo" parameterType="java.util.HashMap">
  <![CDATA[
   	select distinct a.*,b.menu_name,b.menu_code from ${db_schemas}.tb_menu_button a left join ${db_schemas}.tb_menu b on a.menu_id = b.menu_id where a.btn_id=#{btn_id}
  ]]>
	</select>

	<sql id="get_btn_ids">
		<foreach collection="btn_ids" item="btn_id" open="(" close=")" separator=",">
			#{btn_id}
		</foreach>
	</sql>

	<delete id="deleteMenuButton" parameterType="java.util.HashMap">
		delete from ${db_schemas}.tb_menu_button where 1=1
		<if test="btn_ids != null">
			and btn_id in
			<include refid="get_btn_ids" />
		</if>
		<if test="menu_id != null">
			and menu_id=#{menu_id}
		</if>
	</delete>

	<update id="updateMenuButton" parameterType="com.hnbits.app.system.vo.TbMenuButtonVo">
		update ${db_schemas}.tb_menu_button set btn_code=#{btn_code,jdbcType=VARCHAR},btn_name=#{btn_name,jdbcType=VARCHAR}
		<if test="menu_id != null">
			,menu_id=#{menu_id,jdbcType=VARCHAR}
		</if>
		where btn_id=#{btn_id}
	</update>

	<insert id="insertMenuButton" parameterType="com.hnbits.app.system.vo.TbMenuButtonVo">
		<selectKey resultType="String" order="BEFORE" keyProperty="btn_id">
			SELECT REPLACE(newId(),'-','') AS btn_id
		</selectKey>
		insert into ${db_schemas}.tb_menu_button(btn_id,btn_name,btn_code,menu_id,create_user_id,create_time)
		values(#{btn_id},#{btn_name,jdbcType=VARCHAR},#{btn_code,jdbcType=VARCHAR},#{menu_id,jdbcType=VARCHAR},#{create_user_id,jdbcType=VARCHAR},GETDATE())
	</insert>
</mapper>
	