<?xml version="1.0" encoding="UTF-8"?>
<!DOCTYPE mapper PUBLIC "-//mybatis.org//DTD Mapper 3.0//EN" "http://mybatis.org/dtd/mybatis-3-mapper.dtd">
<mapper namespace="com.hnbits.app.system.dao.ProvinceDao">
	<!-- $!{tableName} table all fields -->
	<sql id="sql_query_columns">
		a.province_id,a.province_code,a.province_name
	</sql>

	<!-- 查询条件 -->
	<sql id="sql_where_clause">
		where 1=1
		<trim suffixOverrides=",">
			<if test="province_id != null">
				and a.province_id = #{province_id}
			</if>
			<if test="province_code != null and province_code != ''">
				and a.province_code = #{province_code}
			</if>
			<if test="province_name != null and province_name != ''">
				and a.province_name like '%${province_name}%'
			</if>
		</trim>
	</sql>

	<select id="queryProvinceById" resultType="com.hnbits.app.system.vo.ProvinceVo" parameterType="java.util.HashMap">
		select
		<include refid="sql_query_columns" />
		from ${db_schemas}.tb_region_province a where province_id=#{province_id}
	</select>

	<!-- $r{codeName} 列表总数 -->
	<select id="queryProvince" resultType="long" parameterType="java.util.HashMap">
		select count(1) from ${db_schemas}.tb_region_province a
		<include refid="sql_where_clause" />
	</select>

	<!-- 查询$r{codeName}列表 -->
	<select id="queryProvinceList" resultType="com.hnbits.app.system.vo.ProvinceVo" parameterType="java.util.HashMap">
		<choose>
			<when test="pagestartno != null and pagesize !=null">
				select top ${pagesize} o.* from (select row_number() over(order by province_code) as rownumber,* from(
				select
				<include refid="sql_query_columns" />
				from ${db_schemas}.tb_region_province
				)t) o where rownumber > ${pagestartno}
			</when>
			<otherwise>
				select tab.* from (
				select
				<include refid="sql_query_columns" />
				from ${db_schemas}.tb_region_province
				) tab order by province_code
			</otherwise>
		</choose>
	</select>

	<!-- 插入记录 -->
	<insert id="insertProvince" parameterType="com.hnbits.app.system.vo.ProvinceVo">
		<selectKey resultType="long" order="BEFORE" keyProperty="province_id">
			SELECT max(province_id)+1 AS province_id from ${db_schemas}.tb_region_province
		</selectKey>
		insert into ${db_schemas}.tb_region_province(province_id,province_code,province_name)
		values(#{province_id,jdbcType=BIGINT},#{province_code,jdbcType=VARCHAR},#{province_name,jdbcType=VARCHAR})
	</insert>

	<!-- 根据id，修改记录 -->
	<update id="updateProvince" parameterType="com.hnbits.app.system.vo.ProvinceVo">
		update ${db_schemas}.tb_region_province set
		province_code=#{province_code,jdbcType=VARCHAR},province_name=#{province_name,jdbcType=VARCHAR}
		where province_id=#{province_id}
	</update>

	<sql id="get_ids">
		<foreach collection="ids" item="id" open="(" close=")" separator=",">
			#{id}
		</foreach>
	</sql>

	<!-- 删除记录 -->
	<delete id="deleteProvince" parameterType="java.util.HashMap">
		delete from ${db_schemas}.tb_region_province where province_id in
		<include refid="get_ids" />
	</delete>
</mapper>   
