<?xml version="1.0" encoding="UTF-8"?>
<!DOCTYPE mapper PUBLIC "-//mybatis.org//DTD Mapper 3.0//EN" "http://mybatis.org/dtd/mybatis-3-mapper.dtd">
<mapper namespace="com.hnbits.app.system.dao.RoleDao">

	<!-- 
	<resultMap id="UserResult" class="User">        
		<result property="id" column="id"/>        
		<result property="username" column="username"/>        
		<result property="address" column="address"/>        
		<result property="userpwd" column="userpwd"/>    
	</resultMap>
	 -->
	 
   <!--select元素的id属性用来标识此元素,resultType属性的值是Java类的全限定名（即包括类的包名）。
   resultType属性可以让您指定一个Java类，根据ResultSetMetaData将其自动映射到JDBC的ResultSet。
   	只要是Java Bean的属性名称和ResultSet的列名匹配，属性自动赋值给列值。
   	parameterType属性是参数的类型,此属性的值是Java类的全限定名（即包括类的包名）。
		 它是可选的，但强烈建议使用。它的目的是 限制输入参数的类型为指定的Java类，并优化框架的性能。-->
	<select id="queryAllRole" resultType="com.hnbits.app.system.vo.TbRoleVo">
   	select distinct tb_role.* 
   	from ${db_schemas}.tb_role tb_role order by tb_role.role_id,tb_role.order_id
  </select>
  
  <select id="queryRoleById" resultType="com.hnbits.app.system.vo.TbRoleVo" parameterType="java.util.HashMap">
  <![CDATA[
   	select distinct a.*,b.dict_text role_type_desc from ${db_schemas}.tb_role a,(select dict_value,dict_text from ${db_schemas}.tb_dict_entry where dict_code='1005')b 
   		where a.role_id=#{role_id} and a.role_type=b.dict_value
  ]]>	
  </select>
  
  <select id="queryRoleMenu" resultType="com.hnbits.app.system.vo.TbRoleMenuVo" parameterType="java.util.HashMap">
   	select a.* from ${db_schemas}.tb_role_menu a where a.role_id=#{role_id}
  </select>
  
  <select id="queryRoleMenuButton" resultType="com.hnbits.app.system.vo.TbRoleMenuButtonVo" parameterType="java.util.HashMap">
   	select a.* from ${db_schemas}.tb_role_menu_button a where a.role_id=#{role_id}
  </select>
      
  <delete id="deleteRole"  parameterType="java.util.HashMap">
  	delete from ${db_schemas}.tb_role where role_id=#{role_id}
  </delete >
  
  <update id="updateRole" parameterType="com.hnbits.app.system.vo.TbRoleVo">
  	update ${db_schemas}.tb_role set 
  		role_name=#{role_name,jdbcType=VARCHAR},
  		role_type=#{role_type,jdbcType=VARCHAR},
  		order_id=#{order_id,jdbcType=INTEGER},
  		remark=#{remark,jdbcType=VARCHAR},
  		role_code=#{role_code,jdbcType=VARCHAR}
	where role_id=#{role_id}
  </update >
  
  <insert id="insertRole" parameterType="com.hnbits.app.system.vo.TbRoleVo">
  	<selectKey resultType="String" order="BEFORE" keyProperty="role_id">  
       SELECT REPLACE(newId(),'-','') AS role_id
   	</selectKey> 
  	insert into ${db_schemas}.tb_role(role_id,role_code,role_name,role_type,order_id,remark,create_user_code,create_date) 
  		values(#{role_id},#{role_code,jdbcType=VARCHAR},#{role_name,jdbcType=VARCHAR},#{role_type,jdbcType=VARCHAR},#{order_id,jdbcType=VARCHAR},#{remark,jdbcType=VARCHAR},
  		#{create_user_code,jdbcType=VARCHAR},GETDATE())
  </insert>
  
  <delete id="deleteRoleMenu"  parameterType="java.util.HashMap">
  	delete from ${db_schemas}.tb_role_menu where role_id=#{role_id}
  </delete >
  
  <sql id="sql_menu_ids"> 
  	 <foreach collection="menu_ids" item="menu_id" open="(" close=")" separator=",">
     		#{menu_id}
     </foreach>
  </sql> 
  
  <insert id="insertRoleMenu" parameterType="java.util.HashMap">  	
    insert into ${db_schemas}.tb_role_menu(role_id,menu_id) select #{role_id},menu_id from ${db_schemas}.tb_menu where menu_id in <include refid="sql_menu_ids"/> 
  </insert>
  
  <delete id="deleteRoleMenuButton"  parameterType="java.util.HashMap">
  	delete from ${db_schemas}.tb_role_menu_button where role_id=#{role_id}
  </delete >
  
  <sql id="sql_menu_btn_ids"> 
  	 <foreach collection="btn_ids" item="btn_id" open="(" close=")" separator=",">
     		#{btn_id}
     </foreach>
  </sql> 
  
  <insert id="insertRoleMenuButton" parameterType="java.util.HashMap">  	
    insert into ${db_schemas}.tb_role_menu_button(role_id,btn_id) 
    select #{role_id},btn_id 
    from ${db_schemas}.tb_menu_button where btn_id in <include refid="sql_menu_btn_ids"/> 
  </insert>
  
  <select id="queryRoleExists" resultType="com.hnbits.app.system.vo.TbRoleVo" parameterType="java.util.HashMap">
  		select * from ${db_schemas}.tb_role where role_code=#{role_code}
  		<if test="role_id != null ">
  			<![CDATA[
   			and role_id <> #{role_id}
   			]]>	
   		</if>
  </select>
  
</mapper>	