<?xml version="1.0" encoding="UTF-8"?>
<!DOCTYPE mapper PUBLIC "-//mybatis.org//DTD Mapper 3.0//EN" "http://mybatis.org/dtd/mybatis-3-mapper.dtd">
<mapper namespace="com.hnbits.app.system.dao.UserDataDao">
	<!-- $!{tableName} table all fields -->
	<sql id="sql_query_columns">
		a.data_id,a.user_id,b.user_code,b.user_name,a.data_type,${db_schemas}.f_get_dict_text('2010',a.data_type)
		data_type_desc,a.key_id,a.key_name,a.create_user_id,
		c.user_code create_user_code,c.user_name create_user_name,a.create_time
	</sql>

	<!-- 查询条件 -->
	<sql id="sql_where_clause">
		where 1=1
		<trim suffixOverrides=",">
			<if test="data_id != null and data_id != ''">
				and a.data_id = #{data_id}
			</if>
			<if test="user_id != null and user_id != ''">
				and a.user_id = #{user_id}
			</if>
			<if test="user_code != null and user_code != ''">
				and b.user_code = #{user_code}
			</if>
			<if test="data_type != null and data_type != 'ALL'">
				and a.data_type = #{data_type}
			</if>
			<if test="key_id != null and key_id != ''">
				and a.key_id = #{key_id}
			</if>
			<if test="create_user_id != null and create_user_id != ''">
				and a.create_user_id = #{create_user_id}
			</if>
			<if test="create_time != null">
				and a.create_time = #{create_time}
			</if>
		</trim>
	</sql>

	<select id="queryUserDataById" resultType="com.hnbits.app.system.vo.TbUserDataVo" parameterType="java.util.HashMap">
		select
		<include refid="sql_query_columns" />
		from ${db_schemas}.tb_user_data a
		left join ${db_schemas}.tb_user b on a.user_id=b.user_id
		left join ${db_schemas}.tb_user c on a.create_user_id = c.user_id
		where a.data_id=#{data_id}
	</select>

	<!-- $r{codeName} 列表总数 -->
	<select id="queryUserData" resultType="long" parameterType="java.util.HashMap">
		select count(1) from ${db_schemas}.tb_user_data a
		left join ${db_schemas}.tb_user b on a.user_id=b.user_id
		left join
		${db_schemas}.tb_user c on a.create_user_id = c.user_id
		<include refid="sql_where_clause" />
	</select>

	<!-- 查询$r{codeName}列表 -->
	<select id="queryUserDataList" resultType="com.hnbits.app.system.vo.TbUserDataVo" parameterType="java.util.HashMap">
		<choose>
			<when test="pagestartno != null and pagesize !=null">
				select top ${pagesize} o.* from (select row_number() over(order by create_time) as rownumber,* from(
				select
				<include refid="sql_query_columns" />
				from ${db_schemas}.tb_user_data a
				left join ${db_schemas}.tb_user b on a.user_id=b.user_id
				left join ${db_schemas}.tb_user c on a.create_user_id = c.user_id
				<include refid="sql_where_clause" />
				)t) o where rownumber > ${pagestartno}
			</when>
			<otherwise>
				select tab.* from (
				select
				<include refid="sql_query_columns" />
				from ${db_schemas}.tb_user_data a
				left join ${db_schemas}.tb_user b on a.user_id=b.user_id
				left join ${db_schemas}.tb_user c on a.create_user_id = c.user_id
				<include refid="sql_where_clause" />
				) tab order by create_time
			</otherwise>
		</choose>
	</select>

	<!-- 插入记录 -->
	<insert id="insertUserData" parameterType="com.hnbits.app.system.vo.TbUserDataVo">
		<selectKey resultType="java.lang.String" order="BEFORE" keyProperty="data_id">
			SELECT REPLACE(newId(),'-','') AS
			data_id
		</selectKey>
		insert into ${db_schemas}.tb_user_data(data_id,user_id,data_type,key_id,key_name,create_user_id,create_time)
		values(#{data_id,jdbcType=VARCHAR},
		#{user_id,jdbcType=VARCHAR},#{data_type,jdbcType=VARCHAR},#{key_id,jdbcType=VARCHAR},#{key_name,jdbcType=VARCHAR},#{create_user_id,jdbcType=VARCHAR},GETDATE())
	</insert>

	<!-- 根据id，修改记录 -->
	<update id="updateUserData" parameterType="com.hnbits.app.system.vo.TbUserDataVo">
		update ${db_schemas}.tb_user_data set
		user_id=#{user_id,jdbcType=VARCHAR},data_type=#{data_type,jdbcType=VARCHAR},key_id=#{key_id,jdbcType=VARCHAR},key_name=#{key_name,jdbcType=VARCHAR}
		where data_id=#{data_id}
	</update>

	<sql id="get_ids">
		<foreach collection="ids" item="id" open="(" close=")" separator=",">
			#{id}
		</foreach>
	</sql>

	<!-- 删除记录 -->
	<delete id="deleteUserData" parameterType="java.util.HashMap">
		delete from ${db_schemas}.tb_user_data where data_id in
		<include refid="get_ids" />
	</delete>
</mapper>   
