<?xml version="1.0" encoding="UTF-8"?>
<!DOCTYPE mapper PUBLIC "-//mybatis.org//DTD Mapper 3.0//EN" "http://mybatis.org/dtd/mybatis-3-mapper.dtd">
<mapper namespace="com.hnbits.app.system.dao.UserShortcutDao">
	<!-- $!{tableName} table all fields -->
	<sql id="sql_query_columns">
		a.user_id,a.menu_id,b.user_code,b.user_name,c.menu_name,c.icon_name,c.menu_url,c.menu_open_method,c.menu_url_type
	</sql>

	<!-- 查询条件 -->
	<sql id="sql_where_clause">
		where 1=1
		<trim suffixOverrides=",">
			<if test="user_id != null and user_id != ''">
				and a.user_id = #{user_id}
			</if>
			<if test="menu_id != null and menu_id != ''">
				and a.menu_id = #{menu_id}
			</if>
			<if test="menu_name != null and menu_name != ''">
				and c.menu_name like CONCAT('%',#{menu_name},'%')
			</if>
		</trim>
	</sql>

	<!-- $r{codeName} 列表总数 -->
	<select id="queryUserShortcut" resultType="long" parameterType="java.util.HashMap">
		select count(1) from ${db_schemas}.tb_user_shortcut a
		left join ${db_schemas}.tb_user b on a.user_id = b.user_id
		join ${db_schemas}.tb_menu c on a.menu_id = c.menu_id
		<include refid="sql_where_clause" />
	</select>

	<!-- 查询$r{codeName}列表 -->
	<select id="queryUserShortcutList" resultType="com.hnbits.app.system.vo.TbUserShortcutVo" parameterType="java.util.HashMap">
		<choose>
			<when test="pagestartno != null and pagesize !=null">
				select top ${pagesize} o.* from (select row_number() over(order by menu_id) as rownumber,* from(
				select
				<include refid="sql_query_columns" />
				from ${db_schemas}.tb_user_shortcut a
				left join ${db_schemas}.tb_user b on a.user_id = b.user_id
				left join ${db_schemas}.tb_menu c on a.menu_id = c.menu_id
				<include refid="sql_where_clause" />
				) t) o where rownumber > #{pagestartno}
			</when>
			<otherwise>
				select tab.* from (
				select
				<include refid="sql_query_columns" />
				from ${db_schemas}.tb_user_shortcut a
				left join ${db_schemas}.tb_user b on a.user_id = b.user_id
				left join ${db_schemas}.tb_menu c on a.menu_id = c.menu_id
				<include refid="sql_where_clause" />
				) tab order by menu_id
			</otherwise>
		</choose>
	</select>

	<!-- 插入记录 -->
	<insert id="insertUserShortcut" parameterType="com.hnbits.app.system.vo.TbUserShortcutVo">
		insert into ${db_schemas}.tb_user_shortcut(user_id,menu_id) select #{user_id,jdbcType=VARCHAR}
		user_id,#{menu_id,jdbcType=VARCHAR} menu_id where not exists(
		select 1 from ${db_schemas}.tb_user_shortcut b where b.user_id =#{user_id,jdbcType=VARCHAR} and b.menu_id
		=#{menu_id,jdbcType=VARCHAR}
		)
	</insert>

	<sql id="get_ids">
		<foreach collection="ids" item="id" open="(" close=")" separator=",">
			#{id}
		</foreach>
	</sql>

	<!-- 删除记录 -->
	<delete id="deleteUserShortcut" parameterType="java.util.HashMap">
		delete from ${db_schemas}.tb_user_shortcut where user_id = #{user_id,jdbcType=VARCHAR}
		<if test="ids != null and ids != ''">
			and menu_id in
			<include refid="get_ids" />
		</if>
	</delete>
</mapper>   
