<?xml version="1.0" encoding="UTF-8"?>
<!DOCTYPE mapper PUBLIC "-//mybatis.org//DTD Mapper 3.0//EN" "http://mybatis.org/dtd/mybatis-3-mapper.dtd">
<mapper namespace="com.hnbits.app.system.dao.UserDao">

	<!-- <resultMap id="UserResult" class="User"> <result property="id" column="id"/> <result property="username" column="username"/> 
		<result property="address" column="address"/> <result property="userpwd" column="userpwd"/> </resultMap> -->

	<!--select元素的id属性用来标识此元素,resultType属性的值是Java类的全限定名（即包括类的包名）。 resultType属性可以让您指定一个Java类，根据ResultSetMetaData将其自动映射到JDBC的ResultSet。 
		只要是Java Bean的属性名称和ResultSet的列名匹配，属性自动赋值给列值。 parameterType属性是参数的类型,此属性的值是Java类的全限定名（即包括类的包名）。 它是可选的，但强烈建议使用。它的目的是 限制输入参数的类型为指定的Java类，并优化框架的性能。 -->
	<sql id="get_user_ids">
		<foreach collection="user_ids" item="user_id" open="(" close=")" separator=",">
			#{user_id}
		</foreach>
	</sql>

	<sql id="get_role_ids">
		<foreach collection="role_ids" item="role_id" open="(" close=")" separator=",">
			#{role_id}
		</foreach>
	</sql>

	<delete id="deleteUser" parameterType="java.util.HashMap">
		delete from ${db_schemas}.tb_user where user_id in
		<include refid="get_user_ids" />
	</delete>

	<delete id="deleteUserRole" parameterType="java.util.HashMap">
		delete from ${db_schemas}.tb_user_role where user_id in
		<include refid="get_user_ids" />
	</delete>

	<delete id="deleteUserRoleByID" parameterType="java.util.HashMap">
		delete from ${db_schemas}.tb_user_role where user_id=#{user_id}
		<if test="role_id != null">
			and role_id = #{role_id}
		</if>
	</delete>

	<select id="queryUserRole" resultType="com.hnbits.app.system.vo.TbRoleVo" parameterType="java.util.HashMap">
		select a.* from
		${db_schemas}.tb_role a,${db_schemas}.tb_user_role b where a.role_id=b.role_id and b.user_id=#{user_id}
	</select>

	<sql id="sql_find_user">
		select a.*,${db_schemas}.f_get_dict_text(2229,a.is_receive) is_receive_desc,b.dept_name,
		${db_schemas}.f_get_dict_text(1000,a.status) status_desc,
		${db_schemas}.f_get_dict_text(1001,a.user_type)
		user_type_desc,c.role_ids,c.role_names
		from ${db_schemas}.tb_user a
			left join ${db_schemas}.tb_department b on a.dept_id=b.dept_id
			left join (
				select user_id,
				stuff(
				(select ','+convert(varchar(25), role_id) FROM tb_user_role g WHERE g.user_id = ur.user_id FOR XML PATH('')
				), 1, 1, '') as role_ids,
				stuff(
				(select ','+convert(varchar(25), role_name) FROM tb_role r WHERE r.role_id = ur.role_id FOR XML PATH('')
				), 1, 1, '') as role_names
				from ${db_schemas}.tb_user_role ur
					left join ${db_schemas}.tb_role r on ur.role_id=r.role_id group by user_id,ur.role_id
			)  c on a.user_id=c.user_id
		where 1=1
		<if test="user_name != null">
			and a.user_name like CONCAT('%',#{user_name},'%')
		</if>
		<if test="user_code != null">
			and a.user_code = #{user_code}
		</if>
		<if test="status != null and status != 'ALL'">
			and a.status = #{status}
		</if>
		<if test="dept_id != null and dept_id != 'ALL'">
			and b.dept_full_id like concat(concat('%',#{dept_id}),'%')
		</if>
		<if test="job_id != null and job_id != 'ALL'">
			and e.job_id= #{job_id}
		</if>
		<if test="role_ids != null and role_ids != 'ALL'">
			and exists (select 1 from ${db_schemas}.tb_user_role where user_id = a.user_id and role_id = #{role_ids})
		</if>
		<if test="dept_full_id != null and dept_full_id != 'ALL'">
			and b.dept_full_id like CONCAT('%',#{dept_full_id},'%')
		</if>
	</sql>

	<select id="queryUserCount" resultType="long" parameterType="java.util.HashMap">
		select count(*) from (
		<include refid="sql_find_user" />
		) tab
	</select>

	<select id="queryUser" resultType="com.hnbits.app.system.vo.TbUserVo" parameterType="java.util.HashMap">
		<choose>
			<when test="pagestartno != null and pagesize !=null">
				select top ${pagesize} o.* from (select row_number() over(order by user_code asc) as rownumber,* from(
				<include refid="sql_find_user" />
				)t) o where rownumber > ${pagestartno}
			</when>
			<otherwise>
				select tab.* from (
				<include refid="sql_find_user" />
				) tab order by create_time desc
			</otherwise>
		</choose>
	</select>

	<select id="queryUserById" resultType="com.hnbits.app.system.vo.TbUserVo" parameterType="java.util.HashMap">
  	<![CDATA[
  	select a.*,b.dept_id,b.dept_name,b.dept_full_id,c.dept_id parent_dept_id,
  		${db_schemas}.f_GET_DEPT_AREA(a.dept_id) area_id,
  		${db_schemas}.f_get_dept_name_bydeptid(a.duty_dept_id) duty_dept_name 
  		from ${db_schemas}.tb_user a
  		left join ${db_schemas}.tb_department b on a.dept_id=b.dept_id
  		left join ${db_schemas}.tb_department c on b.parent_dept_id = c.dept_id
  		where a.user_id=#{user_id} 
  	]]>
	</select>

	<select id="queryUserByCode" resultType="com.hnbits.app.system.vo.TbUserVo" parameterType="java.util.HashMap">
  	<![CDATA[
  	select a.*,b.dept_id,b.dept_name,b.dept_full_id,c.dept_id parent_dept_id,
  		${db_schemas}.F_GET_DEPT_AREA(a.dept_id) area_id,
  		${db_schemas}.f_get_dept_name_bydeptid(a.duty_dept_id) duty_dept_name 
  		from ${db_schemas}.tb_user a 
  		left join ${db_schemas}.tb_department b on a.dept_id=b.dept_id
  		left join ${db_schemas}.tb_department c on b.parent_dept_id = c.dept_id
  		where a.user_code=#{user_code}
  	]]>
	</select>

	<select id="queryUserExists" resultType="com.hnbits.app.system.vo.TbUserVo" parameterType="java.util.HashMap">
		select * from ${db_schemas}.tb_user where user_code=#{user_code}
		<if test="user_id != null ">
  			<![CDATA[
   			and user_id <> #{user_id}
   			]]>
		</if>
	</select>

	<insert id="insertUser" parameterType="com.hnbits.app.system.vo.TbUserVo">
		<selectKey resultType="String" order="BEFORE" keyProperty="user_id">
			SELECT REPLACE(newId(),'-','') AS user_id
		</selectKey>
		insert into
		${db_schemas}.tb_user(USER_ID,USER_CODE,PASSWORD,USER_NAME,DEPT_ID,USER_TYPE,TEL,PHONE,CERT_NO,EMAIL,ADDRESS,LABOR,ACCESS_IP,
		ACCESS_MAC,REMARK,STATUS,IF_ALLOW_DELETE,IS_RECEIVE,CREATE_USER_CODE,CREATE_DATE,VALID_DATE,LOCATION,DUTY_DEPT_ID)
		values(#{user_id},#{user_code,jdbcType=VARCHAR},#{password,jdbcType=VARCHAR},#{user_name,jdbcType=VARCHAR},#{dept_id,jdbcType=VARCHAR},
		#{user_type,jdbcType=VARCHAR},#{tel,jdbcType=VARCHAR},#{phone,jdbcType=VARCHAR},#{cert_no,jdbcType=VARCHAR},#{email,jdbcType=VARCHAR},
		#{address,jdbcType=VARCHAR},#{labor,jdbcType=VARCHAR},#{access_ip,jdbcType=VARCHAR},#{access_mac,jdbcType=VARCHAR},
		#{remark,jdbcType=VARCHAR},#{status,jdbcType=VARCHAR},#{if_allow_delete,jdbcType=VARCHAR},#{is_receive,jdbcType=VARCHAR},#{create_user_code,jdbcType=VARCHAR},
		GETDATE(),#{valid_date,jdbcType=DATE},#{location,jdbcType=VARCHAR},#{duty_dept_id,jdbcType=VARCHAR})
	</insert>

	<insert id="insertUserRole" parameterType="com.hnbits.app.system.vo.TbUserRoleVo">
		insert into ${db_schemas}.tb_user_role(
		USER_ID,ROLE_ID,GRANT_USER_CODE,ALLOW_GRANT,ALL_GRANT_USER_CODE,GRANT_DATE
		)
		values(
		#{user_id},#{role_id,jdbcType=VARCHAR},#{grant_user_code,jdbcType=VARCHAR},
		#{allow_grant,jdbcType=VARCHAR},#{all_grant_user_code,jdbcType=VARCHAR},GETDATE()
		)
	</insert>

	<update id="updateUser" parameterType="com.hnbits.app.system.vo.TbUserVo">
		update ${db_schemas}.tb_user set
		USER_CODE=#{user_code,jdbcType=VARCHAR},
		USER_NAME=#{user_name,jdbcType=VARCHAR},
		DEPT_ID=#{dept_id,jdbcType=VARCHAR},
		USER_TYPE=#{user_type,jdbcType=VARCHAR},
		TEL=#{tel,jdbcType=VARCHAR},
		PHONE=#{phone,jdbcType=VARCHAR},
		CERT_NO=#{cert_no,jdbcType=VARCHAR},
		EMAIL=#{email,jdbcType=VARCHAR},
		ADDRESS=#{address,jdbcType=VARCHAR},
		LABOR=#{labor,jdbcType=VARCHAR},
		JOB_ID=#{job_id,jdbcType=VARCHAR},
		ACCESS_IP=#{access_ip,jdbcType=VARCHAR},
		ACCESS_MAC=#{access_mac,jdbcType=VARCHAR},
		REMARK=#{remark,jdbcType=VARCHAR},
		IF_ALLOW_DELETE=#{if_allow_delete,jdbcType=VARCHAR},
		VALID_DATE=#{valid_date,jdbcType=DATE},
		LOCATION=#{location,jdbcType=VARCHAR},
		DUTY_DEPT_ID=#{duty_dept_id,jdbcType=VARCHAR},
		status = #{status,jdbcType=VARCHAR}
		where user_id=#{user_id}
	</update>

	<update id="updateUserLocation" parameterType="com.hnbits.app.system.vo.TbUserVo">
		update ${db_schemas}.tb_user set
		LOCATION=#{location,jdbcType=VARCHAR} where user_id=#{user_id}
	</update>

	<update id="updateUserTheme" parameterType="java.util.HashMap">
		update ${db_schemas}.tb_user set theme=#{theme,jdbcType=VARCHAR}
		where user_id=#{user_id}
	</update>
	<update id="updateUserPwd" parameterType="java.util.HashMap">
		update ${db_schemas}.tb_user set password=#{password} where
		user_id=#{user_id}
	</update>

	<update id="updateUserStatus" parameterType="java.util.HashMap">
		update ${db_schemas}.tb_user set status=#{status} where 1=1
		<if test="user_id != null and user_id != ''">
			and user_id=#{user_id,jdbcType=VARCHAR}
		</if>
		<if test="user_ids != null and user_ids != ''">
			and user_id in
			<include refid="get_user_ids" />
		</if>
	</update>

	<update id="updateUserLogout" parameterType="java.util.HashMap">
		update ${db_schemas}.tb_user set
		LOGIN_STATUS='0',LOGIN_FAIL_COUNT=0,LAST_LOGIN_ID=null where user_id=#{user_id}
	</update>

	<!-- 更新登录状态 -->
	<update id="updateUserLoginStatus" parameterType="java.util.HashMap">
		update ${db_schemas}.tb_user set login_status=#{login_status,jdbcType=VARCHAR} where 1=1
		<if test="user_id != null and user_id != ''">
			and user_id=#{user_id,jdbcType=VARCHAR}
		</if>
		<if test="user_code != null and user_code != ''">
			and user_code=#{user_code,jdbcType=VARCHAR}
		</if>
	</update>

	<!-- 更新登录ID -->
	<update id="updateUserLoginid" parameterType="java.util.HashMap">
		update ${db_schemas}.tb_user set
		last_login_id=#{last_login_id,jdbcType=VARCHAR} where user_id=#{user_id,jdbcType=VARCHAR}
	</update>

	<!-- 更新登录失败次数 -->
	<update id="updateLoginFailCount" parameterType="java.util.HashMap">
		update ${db_schemas}.tb_user set
		login_fail_count=#{login_fail_count,jdbcType=INTEGER} where user_id=#{user_id}
	</update>

	<delete id="deleteUserMenu" parameterType="java.util.HashMap">
		delete from ${db_schemas}.tb_user_menu where user_id=#{user_id}
	</delete>

	<sql id="sql_menu_ids">
		<foreach collection="menu_ids" item="menu_id" open="(" close=")" separator=",">
			#{menu_id}
		</foreach>
	</sql>

	<insert id="insertUserMenu" parameterType="java.util.HashMap">
		insert into ${db_schemas}.tb_user_menu(user_id,menu_id) select #{user_id},menu_id from ${db_schemas}.tb_menu where
		menu_id in
		<include refid="sql_menu_ids" />
	</insert>

	<delete id="deleteUserMenuButton" parameterType="java.util.HashMap">
		delete from ${db_schemas}.tb_user_menu_button where
		user_id=#{user_id}
	</delete>

	<sql id="sql_menu_btn_ids">
		<foreach collection="btn_ids" item="btn_id" open="(" close=")" separator=",">
			#{btn_id}
		</foreach>
	</sql>

	<insert id="insertUserMenuButton" parameterType="java.util.HashMap">
		insert into ${db_schemas}.tb_user_menu_button(user_id,btn_id) select #{user_id},btn_id from
		${db_schemas}.tb_menu_button where btn_id in
		<include refid="sql_menu_btn_ids" />
	</insert>

	<select id="queryUserMenuTreeList" resultType="com.hnbits.app.system.vo.TbUserMenuVo" parameterType="java.util.HashMap">
		select
		a.*,um.granted,um.inherit,um.inherit_role_ids from ${db_schemas}.tb_menu a LEFT JOIN (
		select a.*,'true' granted,'N' inherit,'' inherit_role_ids from ${db_schemas}.tb_user_menu a where
		a.user_id=#{user_id,jdbcType=VARCHAR}
		union
		select b.user_id,a.menu_id,'true' granted,'Y' inherit,
		stuff(
		(select ','+convert(varchar(25), role_id) FROM tb_user_role g WHERE g.user_id = b.user_id FOR XML PATH('')
		), 1, 1, '') as inherit_role_ids
		from
		${db_schemas}.tb_role_menu a left join ${db_schemas}.tb_user_role b on b.role_id = a.role_id
		where b.user_id = #{user_id,jdbcType=VARCHAR}
		and not exists(select 1 from ${db_schemas}.tb_user_menu where user_id=#{user_id,jdbcType=VARCHAR} and menu_id =a.menu_id)
		group by b.user_id,a.menu_id
		) um on a.menu_id = um.menu_id
	</select>

	<select id="queryUserMenuList" resultType="com.hnbits.app.system.vo.TbUserMenuVo" parameterType="java.util.HashMap">
		<choose>
			<when test="pagestartno != null and pagesize !=null">
				select top ${pagesize} o.* from (select row_number() over(order by user_code) as rownumber,* from(
				<include refid="sql_find_user" />
				)t) o where rownumber > ${pagestartno}
			</when>
			<otherwise>
				select tab.* from (
				<include refid="sql_find_user" />
				) tab
			</otherwise>
		</choose>
	</select>

	<select id="queryUserMenuButton" resultType="com.hnbits.app.system.vo.TbUserMenuButtonVo" parameterType="java.util.HashMap">
		select
		a.*,'Y' granted,'N' inherit,'' inherit_role_ids from ${db_schemas}.tb_user_menu_button a where a.user_id=#{user_id}
		union
		select b.user_id,a.btn_id,'Y' granted,'Y' inherit,
		stuff(
		(select ','+convert(varchar(25), role_id) FROM tb_user_role g WHERE g.user_id = b.user_id FOR XML PATH('')
		), 1, 1, '') as inherit_role_ids
		from
		${db_schemas}.tb_role_menu_button a join ${db_schemas}.tb_user_role b on b.role_id = a.role_id
		where b.user_id =
		#{user_id}
		and not exists(select 1 from ${db_schemas}.tb_user_menu_button where user_id=#{user_id} and btn_id =
		a.btn_id) group by b.user_id,a.btn_id
	</select>
</mapper>
	