<?xml version="1.0" encoding="UTF-8"?>
<!DOCTYPE mapper PUBLIC "-//mybatis.org//DTD Mapper 3.0//EN" "http://mybatis.org/dtd/mybatis-3-mapper.dtd">
<mapper namespace="com.hnbits.archibus.project.dao.ProjphaseDao">
	<!-- $!{tableName} table all fields -->
	<sql id="sql_query_columns">
		a.proj_phase_01,	a.proj_phase_02,	a.proj_phase_03,	a.proj_phase_de,	a.proj_phase_fr,	a.proj_phase_jp,	a.proj_phase_nl,	a.proj_phase_zh,	a.proj_phase_no,	a.proj_phase_ko,	a.proj_phase_it,	a.proj_phase_es,	a.proj_phase_ch,	a.proj_phase
	</sql>

	<!-- 表关联 -->
	<sql id="sql_join_clause">
	</sql>
	<!-- 查询条件 -->
	<sql id="sql_where_clause">
		<where>
			<!-- 主表字段作为查询条件 -->
			<if test="proj_phase_01 != null and proj_phase_01 != ''">
				and a.proj_phase_01 = #{proj_phase_01}
			</if>
			<if test="proj_phase_02 != null and proj_phase_02 != ''">
				and a.proj_phase_02 = #{proj_phase_02}
			</if>
			<if test="proj_phase_03 != null and proj_phase_03 != ''">
				and a.proj_phase_03 = #{proj_phase_03}
			</if>
			<if test="proj_phase_de != null and proj_phase_de != ''">
				and a.proj_phase_de = #{proj_phase_de}
			</if>
			<if test="proj_phase_fr != null and proj_phase_fr != ''">
				and a.proj_phase_fr = #{proj_phase_fr}
			</if>
			<if test="proj_phase_jp != null and proj_phase_jp != ''">
				and a.proj_phase_jp = #{proj_phase_jp}
			</if>
			<if test="proj_phase_nl != null and proj_phase_nl != ''">
				and a.proj_phase_nl = #{proj_phase_nl}
			</if>
			<if test="proj_phase_zh != null and proj_phase_zh != ''">
				and a.proj_phase_zh = #{proj_phase_zh}
			</if>
			<if test="proj_phase_no != null and proj_phase_no != ''">
				and a.proj_phase_no = #{proj_phase_no}
			</if>
			<if test="proj_phase_ko != null and proj_phase_ko != ''">
				and a.proj_phase_ko = #{proj_phase_ko}
			</if>
			<if test="proj_phase_it != null and proj_phase_it != ''">
				and a.proj_phase_it = #{proj_phase_it}
			</if>
			<if test="proj_phase_es != null and proj_phase_es != ''">
				and a.proj_phase_es = #{proj_phase_es}
			</if>
			<if test="proj_phase_ch != null and proj_phase_ch != ''">
				and a.proj_phase_ch = #{proj_phase_ch}
			</if>
			<if test="proj_phase != null and proj_phase != ''">
				and a.proj_phase = #{proj_phase}
			</if>
			<!-- 引用其它表字段作为查询条件 -->
		</where>
	</sql>

	<select id="queryOne" resultType="com.hnbits.archibus.project.vo.ProjphaseVo" parameterType="com.hnbits.archibus.project.vo.ProjphaseVo">
		select
		<include refid="sql_query_columns" />
		from ${db_schemas}.projphase a
		<include refid="sql_join_clause" />
		<include refid="sql_where_clause" />
	</select>

	<!-- $r{codeName} 列表总数 -->
	<select id="queryCount" resultType="long" parameterType="com.hnbits.archibus.project.vo.ProjphaseVo">
		select count(1) from ${db_schemas}.projphase a
		<include refid="sql_join_clause" />
		<include refid="sql_where_clause" />
	</select>

	<!-- 查询$r{codeName}列表 -->
	<select id="queryList" resultType="com.hnbits.archibus.project.vo.ProjphaseVo" parameterType="com.hnbits.archibus.project.vo.ProjphaseVo">
		select tab.* from (
			select rownum rowno,
			<include refid="sql_query_columns" />
			from ${db_schemas}.projphase a
			<include refid="sql_join_clause" />
			<include refid="sql_where_clause" />
		) tab
		<if test="pagestartno != null and pageendno !=null">
		<![CDATA[
			where tab.rowno > #{pagestartno} and tab.rowno <= #{pageendno}
		]]>
		</if>
	</select>

	<!-- 插入记录 -->
	<insert id="insert" parameterType="com.hnbits.archibus.project.vo.ProjphaseVo">
		insert into ${db_schemas}.projphase(
			<if test="proj_phase_01 != null and proj_phase_01 != ''">
			proj_phase_01 ,
			</if>
			<if test="proj_phase_02 != null and proj_phase_02 != ''">
			proj_phase_02 ,
			</if>
			<if test="proj_phase_03 != null and proj_phase_03 != ''">
			proj_phase_03 ,
			</if>
			<if test="proj_phase_de != null and proj_phase_de != ''">
			proj_phase_de ,
			</if>
			<if test="proj_phase_fr != null and proj_phase_fr != ''">
			proj_phase_fr ,
			</if>
			<if test="proj_phase_jp != null and proj_phase_jp != ''">
			proj_phase_jp ,
			</if>
			<if test="proj_phase_nl != null and proj_phase_nl != ''">
			proj_phase_nl ,
			</if>
			<if test="proj_phase_zh != null and proj_phase_zh != ''">
			proj_phase_zh ,
			</if>
			<if test="proj_phase_no != null and proj_phase_no != ''">
			proj_phase_no ,
			</if>
			<if test="proj_phase_ko != null and proj_phase_ko != ''">
			proj_phase_ko ,
			</if>
			<if test="proj_phase_it != null and proj_phase_it != ''">
			proj_phase_it ,
			</if>
			<if test="proj_phase_es != null and proj_phase_es != ''">
			proj_phase_es ,
			</if>
			<if test="proj_phase_ch != null and proj_phase_ch != ''">
			proj_phase_ch ,
			</if>
			<if test="proj_phase != null and proj_phase != ''">
			proj_phase 
			</if>
		) values(
			<if test="proj_phase_01 != null and proj_phase_01 != ''">
			proj_phase_01 = #{proj_phase_01,jdbcType=VARCHAR} ,
			</if>
			<if test="proj_phase_02 != null and proj_phase_02 != ''">
			proj_phase_02 = #{proj_phase_02,jdbcType=VARCHAR} ,
			</if>
			<if test="proj_phase_03 != null and proj_phase_03 != ''">
			proj_phase_03 = #{proj_phase_03,jdbcType=VARCHAR} ,
			</if>
			<if test="proj_phase_de != null and proj_phase_de != ''">
			proj_phase_de = #{proj_phase_de,jdbcType=VARCHAR} ,
			</if>
			<if test="proj_phase_fr != null and proj_phase_fr != ''">
			proj_phase_fr = #{proj_phase_fr,jdbcType=VARCHAR} ,
			</if>
			<if test="proj_phase_jp != null and proj_phase_jp != ''">
			proj_phase_jp = #{proj_phase_jp,jdbcType=VARCHAR} ,
			</if>
			<if test="proj_phase_nl != null and proj_phase_nl != ''">
			proj_phase_nl = #{proj_phase_nl,jdbcType=VARCHAR} ,
			</if>
			<if test="proj_phase_zh != null and proj_phase_zh != ''">
			proj_phase_zh = #{proj_phase_zh,jdbcType=VARCHAR} ,
			</if>
			<if test="proj_phase_no != null and proj_phase_no != ''">
			proj_phase_no = #{proj_phase_no,jdbcType=VARCHAR} ,
			</if>
			<if test="proj_phase_ko != null and proj_phase_ko != ''">
			proj_phase_ko = #{proj_phase_ko,jdbcType=VARCHAR} ,
			</if>
			<if test="proj_phase_it != null and proj_phase_it != ''">
			proj_phase_it = #{proj_phase_it,jdbcType=VARCHAR} ,
			</if>
			<if test="proj_phase_es != null and proj_phase_es != ''">
			proj_phase_es = #{proj_phase_es,jdbcType=VARCHAR} ,
			</if>
			<if test="proj_phase_ch != null and proj_phase_ch != ''">
			proj_phase_ch = #{proj_phase_ch,jdbcType=VARCHAR} ,
			</if>
			<if test="proj_phase != null and proj_phase != ''">
			proj_phase = #{proj_phase,jdbcType=VARCHAR} 
			</if>
		)
	</insert>

	<!-- 根据id，修改记录 -->
	<update id="update" parameterType="com.hnbits.archibus.project.vo.ProjphaseVo">
		update ${db_schemas}.projphase
		<set>
			<if test="proj_phase_01 != null and proj_phase_01 != ''">
			proj_phase_01 = #{proj_phase_01,jdbcType=VARCHAR},
			</if>
			<if test="proj_phase_02 != null and proj_phase_02 != ''">
			proj_phase_02 = #{proj_phase_02,jdbcType=VARCHAR},
			</if>
			<if test="proj_phase_03 != null and proj_phase_03 != ''">
			proj_phase_03 = #{proj_phase_03,jdbcType=VARCHAR},
			</if>
			<if test="proj_phase_de != null and proj_phase_de != ''">
			proj_phase_de = #{proj_phase_de,jdbcType=VARCHAR},
			</if>
			<if test="proj_phase_fr != null and proj_phase_fr != ''">
			proj_phase_fr = #{proj_phase_fr,jdbcType=VARCHAR},
			</if>
			<if test="proj_phase_jp != null and proj_phase_jp != ''">
			proj_phase_jp = #{proj_phase_jp,jdbcType=VARCHAR},
			</if>
			<if test="proj_phase_nl != null and proj_phase_nl != ''">
			proj_phase_nl = #{proj_phase_nl,jdbcType=VARCHAR},
			</if>
			<if test="proj_phase_zh != null and proj_phase_zh != ''">
			proj_phase_zh = #{proj_phase_zh,jdbcType=VARCHAR},
			</if>
			<if test="proj_phase_no != null and proj_phase_no != ''">
			proj_phase_no = #{proj_phase_no,jdbcType=VARCHAR},
			</if>
			<if test="proj_phase_ko != null and proj_phase_ko != ''">
			proj_phase_ko = #{proj_phase_ko,jdbcType=VARCHAR},
			</if>
			<if test="proj_phase_it != null and proj_phase_it != ''">
			proj_phase_it = #{proj_phase_it,jdbcType=VARCHAR},
			</if>
			<if test="proj_phase_es != null and proj_phase_es != ''">
			proj_phase_es = #{proj_phase_es,jdbcType=VARCHAR},
			</if>
			<if test="proj_phase_ch != null and proj_phase_ch != ''">
			proj_phase_ch = #{proj_phase_ch,jdbcType=VARCHAR},
			</if>
			<if test="proj_phase != null and proj_phase != ''">
			proj_phase = #{proj_phase,jdbcType=VARCHAR},
			</if>
		</set>
		where
	</update>


	<!-- 删除记录 -->
	<delete id="deleteByIds" parameterType="java.util.HashMap">
		delete from ${db_schemas}.projphase 
			where 
	</delete>
	
	<delete id="deletes" parameterType="com.hnbits.archibus.project.vo.ProjphaseVo">
		delete from ${db_schemas}.projphase where 1=2 or (
			<if test="proj_phase_01 != null and proj_phase_01 != ''">
			proj_phase_01 = #{proj_phase_01,jdbcType=VARCHAR} 
			
			</if>
			<if test="proj_phase_02 != null and proj_phase_02 != ''">
			 and proj_phase_02 = #{proj_phase_02,jdbcType=VARCHAR} 
			
			</if>
			<if test="proj_phase_03 != null and proj_phase_03 != ''">
			 and proj_phase_03 = #{proj_phase_03,jdbcType=VARCHAR} 
			
			</if>
			<if test="proj_phase_de != null and proj_phase_de != ''">
			 and proj_phase_de = #{proj_phase_de,jdbcType=VARCHAR} 
			
			</if>
			<if test="proj_phase_fr != null and proj_phase_fr != ''">
			 and proj_phase_fr = #{proj_phase_fr,jdbcType=VARCHAR} 
			
			</if>
			<if test="proj_phase_jp != null and proj_phase_jp != ''">
			 and proj_phase_jp = #{proj_phase_jp,jdbcType=VARCHAR} 
			
			</if>
			<if test="proj_phase_nl != null and proj_phase_nl != ''">
			 and proj_phase_nl = #{proj_phase_nl,jdbcType=VARCHAR} 
			
			</if>
			<if test="proj_phase_zh != null and proj_phase_zh != ''">
			 and proj_phase_zh = #{proj_phase_zh,jdbcType=VARCHAR} 
			
			</if>
			<if test="proj_phase_no != null and proj_phase_no != ''">
			 and proj_phase_no = #{proj_phase_no,jdbcType=VARCHAR} 
			
			</if>
			<if test="proj_phase_ko != null and proj_phase_ko != ''">
			 and proj_phase_ko = #{proj_phase_ko,jdbcType=VARCHAR} 
			
			</if>
			<if test="proj_phase_it != null and proj_phase_it != ''">
			 and proj_phase_it = #{proj_phase_it,jdbcType=VARCHAR} 
			
			</if>
			<if test="proj_phase_es != null and proj_phase_es != ''">
			 and proj_phase_es = #{proj_phase_es,jdbcType=VARCHAR} 
			
			</if>
			<if test="proj_phase_ch != null and proj_phase_ch != ''">
			 and proj_phase_ch = #{proj_phase_ch,jdbcType=VARCHAR} 
			
			</if>
			<if test="proj_phase != null and proj_phase != ''">
			 and proj_phase = #{proj_phase,jdbcType=VARCHAR} 
			
			</if>
		)
	</delete>
</mapper>   
